unidade;setor_centro_custo;ano;mes;altas_ate_10h;saidas;tx_alta_ate_10h
CHPB;AMBULATORIO DE SAUDE MENTAL;2019;5;0;1;0,0
CHPB;AMBULATORIO DE SAUDE MENTAL;2020;2;0;1;0,0
CHPB;AMBULATORIO DE SAUDE MENTAL;2021;9;0;1;0,0
CHPB;CAC - CENTRO DE ACOLHIMENTO DE CRISE;2019;1;2;30;0,06666666666666667
CHPB;CAC - CENTRO DE ACOLHIMENTO DE CRISE;2019;2;8;30;0,26666666666666666
CHPB;CAC - CENTRO DE ACOLHIMENTO DE CRISE;2019;3;4;24;0,16666666666666666
CHPB;CAC - CENTRO DE ACOLHIMENTO DE CRISE;2019;4;4;20;0,2
CHPB;CAC - CENTRO DE ACOLHIMENTO DE CRISE;2019;5;3;32;0,09375
CHPB;CAC - CENTRO DE ACOLHIMENTO DE CRISE;2019;6;9;23;0,391304347826087
CHPB;CAC - CENTRO DE ACOLHIMENTO DE CRISE;2019;7;3;23;0,13043478260869565
CHPB;CAC - CENTRO DE ACOLHIMENTO DE CRISE;2019;8;5;27;0,18518518518518517
CHPB;CAC - CENTRO DE ACOLHIMENTO DE CRISE;2019;9;4;28;0,14285714285714285
CHPB;CAC - CENTRO DE ACOLHIMENTO DE CRISE;2019;10;7;34;0,20588235294117646
CHPB;CAC - CENTRO DE ACOLHIMENTO DE CRISE;2019;11;3;25;0,12
CHPB;CAC - CENTRO DE ACOLHIMENTO DE CRISE;2019;12;4;30;0,13333333333333333
CHPB;CAC - CENTRO DE ACOLHIMENTO DE CRISE;2020;1;6;36;0,16666666666666666
CHPB;CAC - CENTRO DE ACOLHIMENTO DE CRISE;2020;2;5;30;0,16666666666666666
CHPB;CAC - CENTRO DE ACOLHIMENTO DE CRISE;2020;3;7;35;0,2
CHPB;CAC - CENTRO DE ACOLHIMENTO DE CRISE;2020;4;11;22;0,5
CHPB;CAC - CENTRO DE ACOLHIMENTO DE CRISE;2020;5;10;17;0,5882352941176471
CHPB;CAC - CENTRO DE ACOLHIMENTO DE CRISE;2020;6;2;17;0,11764705882352941
CHPB;CAC - CENTRO DE ACOLHIMENTO DE CRISE;2020;7;8;24;0,3333333333333333
CHPB;CAC - CENTRO DE ACOLHIMENTO DE CRISE;2020;8;8;25;0,32
CHPB;CAC - CENTRO DE ACOLHIMENTO DE CRISE;2020;9;7;22;0,3181818181818182
CHPB;CAC - CENTRO DE ACOLHIMENTO DE CRISE;2020;10;7;23;0,30434782608695654
CHPB;CAC - CENTRO DE ACOLHIMENTO DE CRISE;2020;11;5;19;0,2631578947368421
CHPB;CAC - CENTRO DE ACOLHIMENTO DE CRISE;2020;12;15;31;0,4838709677419355
CHPB;CAC - CENTRO DE ACOLHIMENTO DE CRISE;2021;1;7;30;0,23333333333333334
CHPB;CAC - CENTRO DE ACOLHIMENTO DE CRISE;2021;2;7;28;0,25
CHPB;CAC - CENTRO DE ACOLHIMENTO DE CRISE;2021;3;2;9;0,2222222222222222
CHPB;CAC - CENTRO DE ACOLHIMENTO DE CRISE;2022;8;6;24;0,25
CHPB;CAC - CENTRO DE ACOLHIMENTO DE CRISE;2022;9;11;22;0,5
CHPB;CAC - CENTRO DE ACOLHIMENTO DE CRISE;2022;10;9;24;0,375
CHPB;CAC - CENTRO DE ACOLHIMENTO DE CRISE;2022;11;10;31;0,3225806451612903
CHPB;CAC - CENTRO DE ACOLHIMENTO DE CRISE;2022;12;10;24;0,4166666666666667
CHPB;CAC - CENTRO DE ACOLHIMENTO DE CRISE;2023;1;8;27;0,2962962962962963
CHPB;CAC - CENTRO DE ACOLHIMENTO DE CRISE;2023;2;14;22;0,6363636363636364
CHPB;CAC - CENTRO DE ACOLHIMENTO DE CRISE;2023;3;13;31;0,41935483870967744
CHPB;CAC - CENTRO DE ACOLHIMENTO DE CRISE;2023;4;10;26;0,38461538461538464
CHPB;CAC - CENTRO DE ACOLHIMENTO DE CRISE;2023;5;19;43;0,4418604651162791
CHPB;CAC - CENTRO DE ACOLHIMENTO DE CRISE;2023;6;3;29;0,10344827586206896
CHPB;CAC - CENTRO DE ACOLHIMENTO DE CRISE;2023;7;11;37;0,2972972972972973
CHPB;CAC - CENTRO DE ACOLHIMENTO DE CRISE;2023;8;9;25;0,36
CHPB;CAC - CENTRO DE ACOLHIMENTO DE CRISE;2023;9;4;22;0,18181818181818182
CHPB;CAC - CENTRO DE ACOLHIMENTO DE CRISE;2023;10;12;36;0,3333333333333333
CHPB;CAC - CENTRO DE ACOLHIMENTO DE CRISE;2023;11;6;25;0,24
CHPB;CAC - CENTRO DE ACOLHIMENTO DE CRISE;2023;12;8;28;0,2857142857142857
CHPB;CAC - CENTRO DE ACOLHIMENTO DE CRISE;2024;1;5;24;0,20833333333333334
CHPB;CAC - CENTRO DE ACOLHIMENTO DE CRISE;2024;2;8;34;0,23529411764705882
CHPB;CAC - CENTRO DE ACOLHIMENTO DE CRISE;2024;3;6;18;0,3333333333333333
CHPB;CAC - CENTRO DE ACOLHIMENTO DE CRISE;2024;4;18;29;0,6206896551724138
CHPB;CAC - CENTRO DE ACOLHIMENTO DE CRISE;2024;5;16;26;0,6153846153846154
CHPB;CAC - CENTRO DE ACOLHIMENTO DE CRISE;2024;6;10;21;0,47619047619047616
CHPB;CAC/CHPB/CHB;2024;9;0;1;0,0
CHPB;CAC/CHPB/CHB;2024;11;0;1;0,0
CHPB;CAC/CHPB/CHB;2025;1;0;1;0,0
CHPB;CAC/CHPB/CHB;2025;10;1;1;1,0
CHPB;CAC/CHPB/CHB;2026;2;1;2;0,5
CHPB;LAR INCLUSIVO;2021;11;1;6;0,16666666666666666
CHPB;LAR INCLUSIVO;2021;12;0;1;0,0
CHPB;LAR INCLUSIVO;2022;1;0;3;0,0
CHPB;LAR INCLUSIVO;2022;4;0;1;0,0
CHPB;LAR INCLUSIVO;2022;6;0;6;0,0
CHPB;LAR INCLUSIVO;2022;7;0;1;0,0
CHPB;LAR INCLUSIVO;2022;8;0;1;0,0
CHPB;LAR INCLUSIVO;2022;11;0;1;0,0
CHPB;LAR INCLUSIVO;2023;2;0;1;0,0
CHPB;LAR INCLUSIVO;2023;4;0;1;0,0
CHPB;LAR INCLUSIVO A/CHPB/CHB;2024;8;0;1;0,0
CHPB;LAR INCLUSIVO A/CHPB/CHB;2024;12;2;4;0,5
CHPB;LAR INCLUSIVO A/CHPB/CHB;2025;1;0;1;0,0
CHPB;LAR INCLUSIVO A/CHPB/CHB;2025;5;0;1;0,0
CHPB;LAR INCLUSIVO A/CHPB/CHB;2025;6;0;1;0,0
CHPB;LAR INCLUSIVO A/CHPB/CHB;2025;9;0;1;0,0
CHPB;LAR INCLUSIVO A/CHPB/CHB;2026;2;1;1;1,0
CHPB;LAR INCLUSIVO A/CHPB/CHB;2026;5;0;6;0,0
CHPB;LAR INCLUSIVO B;2021;3;0;1;0,0
CHPB;LAR INCLUSIVO B;2021;4;0;2;0,0
CHPB;LAR INCLUSIVO B;2021;7;0;1;0,0
CHPB;LAR INCLUSIVO B;2021;11;2;1;2,0
CHPB;LAR INCLUSIVO B;2022;10;0;1;0,0
CHPB;LAR INCLUSIVO B;2023;2;0;3;0,0
CHPB;LAR INCLUSIVO B;2023;3;1;2;0,5
CHPB;LAR INCLUSIVO B/CHPB/CHB;2024;9;0;1;0,0
CHPB;LAR INCLUSIVO B/CHPB/CHB;2024;10;0;1;0,0
CHPB;LAR INCLUSIVO B/CHPB/CHB;2024;11;0;1;0,0
CHPB;LAR INCLUSIVO B/CHPB/CHB;2024;12;1;1;1,0
CHPB;LAR INCLUSIVO B/CHPB/CHB;2025;1;0;4;0,0
CHPB;LAR INCLUSIVO B/CHPB/CHB;2025;3;1;1;1,0
CHPB;LAR INCLUSIVO B/CHPB/CHB;2025;4;1;1;1,0
CHPB;LAR INCLUSIVO B/CHPB/CHB;2025;5;0;1;0,0
CHPB;LAR INCLUSIVO B/CHPB/CHB;2026;3;0;1;0,0
CHPB;LAR INCLUSIVO B/CHPB/CHB;2026;5;0;8;0,0
CHPB;LAR INCLUSIVO C;2021;6;0;1;0,0
CHPB;LAR INCLUSIVO C;2021;11;0;2;0,0
CHPB;LAR INCLUSIVO C;2022;5;1;4;0,25
CHPB;LAR INCLUSIVO C;2022;6;0;2;0,0
CHPB;LAR INCLUSIVO C;2023;3;0;1;0,0
CHPB;LAR INCLUSIVO D;2021;5;0;1;0,0
CHPB;LAR INCLUSIVO D;2021;10;1;1;1,0
CHPB;LAR INCLUSIVO D;2021;12;0;1;0,0
CHPB;LAR INCLUSIVO D;2022;6;0;6;0,0
CHPB;LAR INCLUSIVO D;2022;12;0;1;0,0
CHPB;LAR INCLUSIVO D;2023;3;0;1;0,0
CHPB;LAR INCLUSIVO E;2022;2;0;1;0,0
CHPB;LAR INCLUSIVO E;2022;5;0;1;0,0
CHPB;LAR INCLUSIVO E;2022;6;0;1;0,0
CHPB;UIC - UNIDADE INTERCORRENCIAS CLINICAS;2019;1;0;1;0,0
CHPB;UIC - UNIDADE INTERCORRENCIAS CLINICAS;2019;2;0;1;0,0
CHPB;UIC - UNIDADE INTERCORRENCIAS CLINICAS;2019;3;0;2;0,0
CHPB;UIC - UNIDADE INTERCORRENCIAS CLINICAS;2019;4;0;1;0,0
CHPB;UIC - UNIDADE INTERCORRENCIAS CLINICAS;2019;11;0;2;0,0
CHPB;UIC - UNIDADE INTERCORRENCIAS CLINICAS;2019;12;0;5;0,0
CHPB;UIC - UNIDADE INTERCORRENCIAS CLINICAS;2020;1;0;1;0,0
CHPB;UIC - UNIDADE INTERCORRENCIAS CLINICAS;2020;2;0;1;0,0
CHPB;UIC - UNIDADE INTERCORRENCIAS CLINICAS;2020;3;0;1;0,0
CHPB;UIC - UNIDADE INTERCORRENCIAS CLINICAS;2020;5;0;2;0,0
CHPB;UIC - UNIDADE INTERCORRENCIAS CLINICAS;2020;6;0;1;0,0
CHPB;UIC - UNIDADE INTERCORRENCIAS CLINICAS;2020;7;0;2;0,0
CHPB;UIC - UNIDADE INTERCORRENCIAS CLINICAS;2020;8;0;1;0,0
CHPB;UIC - UNIDADE INTERCORRENCIAS CLINICAS;2020;9;0;1;0,0
CHPB;UIC - UNIDADE INTERCORRENCIAS CLINICAS;2020;10;0;1;0,0
CHPB;UIC - UNIDADE INTERCORRENCIAS CLINICAS;2020;11;0;2;0,0
CHPB;UIC - UNIDADE INTERCORRENCIAS CLINICAS;2020;12;0;1;0,0
CHPB;UIC - UNIDADE INTERCORRENCIAS CLINICAS;2021;1;1;13;0,07692307692307693
CHPB;UIC - UNIDADE INTERCORRENCIAS CLINICAS;2021;3;0;1;0,0
CHPB;UIP-FEMININA/CHPB/CHB;2024;7;1;2;0,5
CHPB;UIP-FEMININA/CHPB/CHB;2024;8;8;12;0,6666666666666666
CHPB;UIP-FEMININA/CHPB/CHB;2024;9;2;10;0,2
CHPB;UIP-FEMININA/CHPB/CHB;2024;10;3;8;0,375
CHPB;UIP-FEMININA/CHPB/CHB;2024;11;5;11;0,45454545454545453
CHPB;UIP-FEMININA/CHPB/CHB;2024;12;6;12;0,5
CHPB;UIP-FEMININA/CHPB/CHB;2025;1;3;7;0,42857142857142855
CHPB;UIP-FEMININA/CHPB/CHB;2025;2;5;11;0,45454545454545453
CHPB;UIP-FEMININA/CHPB/CHB;2025;3;9;11;0,8181818181818182
CHPB;UIP-FEMININA/CHPB/CHB;2025;4;10;13;0,7692307692307693
CHPB;UIP-FEMININA/CHPB/CHB;2025;5;5;8;0,625
CHPB;UIP-FEMININA/CHPB/CHB;2025;6;6;11;0,5454545454545454
CHPB;UIP-FEMININA/CHPB/CHB;2025;7;3;7;0,42857142857142855
CHPB;UIP-FEMININA/CHPB/CHB;2025;8;8;12;0,6666666666666666
CHPB;UIP-FEMININA/CHPB/CHB;2025;9;2;5;0,4
CHPB;UIP-FEMININA/CHPB/CHB;2025;10;4;7;0,5714285714285714
CHPB;UIP-FEMININA/CHPB/CHB;2025;11;2;3;0,6666666666666666
CHPB;UIP-FEMININA/CHPB/CHB;2025;12;5;11;0,45454545454545453
CHPB;UIP-FEMININA/CHPB/CHB;2026;1;3;7;0,42857142857142855
CHPB;UIP-FEMININA/CHPB/CHB;2026;2;8;10;0,8
CHPB;UIP-FEMININA/CHPB/CHB;2026;3;3;8;0,375
CHPB;UIP-FEMININA/CHPB/CHB;2026;4;6;7;0,8571428571428571
CHPB;UIP-FEMININA/CHPB/CHB;2026;5;2;6;0,3333333333333333
CHPB;UIP-MASCULINA/CHPB/CHB;2024;6;4;8;0,5
CHPB;UIP-MASCULINA/CHPB/CHB;2024;7;11;27;0,4074074074074074
CHPB;UIP-MASCULINA/CHPB/CHB;2024;8;8;14;0,5714285714285714
CHPB;UIP-MASCULINA/CHPB/CHB;2024;9;4;20;0,2
CHPB;UIP-MASCULINA/CHPB/CHB;2024;10;10;20;0,5
CHPB;UIP-MASCULINA/CHPB/CHB;2024;11;6;17;0,35294117647058826
CHPB;UIP-MASCULINA/CHPB/CHB;2024;12;9;24;0,375
CHPB;UIP-MASCULINA/CHPB/CHB;2025;1;6;14;0,42857142857142855
CHPB;UIP-MASCULINA/CHPB/CHB;2025;2;9;16;0,5625
CHPB;UIP-MASCULINA/CHPB/CHB;2025;3;6;21;0,2857142857142857
CHPB;UIP-MASCULINA/CHPB/CHB;2025;4;10;17;0,5882352941176471
CHPB;UIP-MASCULINA/CHPB/CHB;2025;5;8;15;0,5333333333333333
CHPB;UIP-MASCULINA/CHPB/CHB;2025;6;14;22;0,6363636363636364
CHPB;UIP-MASCULINA/CHPB/CHB;2025;7;9;11;0,8181818181818182
CHPB;UIP-MASCULINA/CHPB/CHB;2025;8;11;15;0,7333333333333333
CHPB;UIP-MASCULINA/CHPB/CHB;2025;9;8;10;0,8
CHPB;UIP-MASCULINA/CHPB/CHB;2025;10;14;17;0,8235294117647058
CHPB;UIP-MASCULINA/CHPB/CHB;2025;11;8;15;0,5333333333333333
CHPB;UIP-MASCULINA/CHPB/CHB;2025;12;1;8;0,125
CHPB;UIP-MASCULINA/CHPB/CHB;2026;1;14;19;0,7368421052631579
CHPB;UIP-MASCULINA/CHPB/CHB;2026;2;8;10;0,8
CHPB;UIP-MASCULINA/CHPB/CHB;2026;3;9;17;0,5294117647058824
CHPB;UIP-MASCULINA/CHPB/CHB;2026;4;5;9;0,5555555555555556
CHPB;UIP-MASCULINA/CHPB/CHB;2026;5;3;12;0,25
CHPB;UNIDADE DE CUIDADOS CONTINUADOS INTEGRADOS;2020;4;1;4;0,25
CHPB;UNIDADE DE CUIDADOS CONTINUADOS INTEGRADOS;2020;5;1;8;0,125
CHPB;UNIDADE DE CUIDADOS CONTINUADOS INTEGRADOS;2020;6;2;6;0,3333333333333333
CHPB;UNIDADE DE CUIDADOS CONTINUADOS INTEGRADOS;2020;7;3;6;0,5
CHPB;UNIDADE DE CUIDADOS CONTINUADOS INTEGRADOS;2020;8;1;11;0,09090909090909091
CHPB;UNIDADE DE CUIDADOS CONTINUADOS INTEGRADOS;2020;9;4;7;0,5714285714285714
CHPB;UNIDADE DE CUIDADOS CONTINUADOS INTEGRADOS;2020;10;0;5;0,0
CHPB;UNIDADE DE CUIDADOS CONTINUADOS INTEGRADOS;2020;11;0;3;0,0
CHPB;UNIDADE DE CUIDADOS CONTINUADOS INTEGRADOS;2020;12;2;5;0,4
CHPB;UNIDADE DE CUIDADOS CONTINUADOS INTEGRADOS;2021;1;4;9;0,4444444444444444
CHPB;UNIDADE DE CUIDADOS CONTINUADOS INTEGRADOS;2021;2;0;1;0,0
CHPB;UNIDADE DE CUIDADOS CONTINUADOS INTEGRADOS;2021;3;1;2;0,5
CHPB;UNIDADE DE CUIDADOS CONTINUADOS INTEGRADOS;2021;4;0;2;0,0
CHPB;UNIDADE DE CUIDADOS CONTINUADOS INTEGRADOS;2021;5;2;2;1,0
CHPB;UNIDADE DE CUIDADOS CONTINUADOS INTEGRADOS;2021;6;1;2;0,5
CHPB;UNIDADE DE CUIDADOS CONTINUADOS INTEGRADOS;2021;7;5;7;0,7142857142857143
CHPB;UNIDADE DE CUIDADOS CONTINUADOS INTEGRADOS;2021;8;2;4;0,5
CHPB;UNIDADE DE CUIDADOS CONTINUADOS INTEGRADOS;2021;9;3;4;0,75
CHPB;UNIDADE DE CUIDADOS CONTINUADOS INTEGRADOS;2021;10;2;8;0,25
CHPB;UNIDADE DE CUIDADOS CONTINUADOS INTEGRADOS;2021;11;6;10;0,6
CHPB;UNIDADE DE CUIDADOS CONTINUADOS INTEGRADOS;2021;12;5;8;0,625
CHPB;UNIDADE DE CUIDADOS CONTINUADOS INTEGRADOS;2022;1;5;6;0,8333333333333334
CHPB;UNIDADE DE CUIDADOS CONTINUADOS INTEGRADOS;2022;2;6;8;0,75
CHPB;UNIDADE DE CUIDADOS CONTINUADOS INTEGRADOS;2022;3;2;5;0,4
CHPB;UNIDADE DE CUIDADOS CONTINUADOS INTEGRADOS;2022;4;4;9;0,4444444444444444
CHPB;UNIDADE DE CUIDADOS CONTINUADOS INTEGRADOS;2022;5;2;11;0,18181818181818182
CHPB;UNIDADE DE CUIDADOS CONTINUADOS INTEGRADOS;2022;6;0;7;0,0
CHPB;UNIDADE DE CUIDADOS CONTINUADOS INTEGRADOS;2022;7;3;9;0,3333333333333333
CHPB;UNIDADE DE CUIDADOS CONTINUADOS INTEGRADOS;2022;8;0;5;0,0
CHPB;UNIDADE DE CUIDADOS CONTINUADOS INTEGRADOS;2022;9;4;15;0,26666666666666666
CHPB;UNIDADE DE CUIDADOS CONTINUADOS INTEGRADOS;2022;10;2;13;0,15384615384615385
CHPB;UNIDADE DE CUIDADOS CONTINUADOS INTEGRADOS;2022;11;2;15;0,13333333333333333
CHPB;UNIDADE DE CUIDADOS CONTINUADOS INTEGRADOS;2022;12;3;15;0,2
CHPB;UNIDADE DE CUIDADOS CONTINUADOS INTEGRADOS;2023;1;2;13;0,15384615384615385
CHPB;UNIDADE DE CUIDADOS CONTINUADOS INTEGRADOS;2023;2;5;13;0,38461538461538464
CHPB;UNIDADE DE CUIDADOS CONTINUADOS INTEGRADOS;2023;3;5;15;0,3333333333333333
CHPB;UNIDADE DE CUIDADOS CONTINUADOS INTEGRADOS;2023;4;4;18;0,2222222222222222
CHPB;UNIDADE DE CUIDADOS CONTINUADOS INTEGRADOS;2023;5;5;15;0,3333333333333333
CHPB;UNIDADE DE CUIDADOS CONTINUADOS INTEGRADOS;2023;6;5;16;0,3125
CHPB;UNIDADE DE CUIDADOS CONTINUADOS INTEGRADOS;2023;7;4;12;0,3333333333333333
CHPB;UNIDADE DE CUIDADOS CONTINUADOS INTEGRADOS;2023;8;10;19;0,5263157894736842
CHPB;UNIDADE DE CUIDADOS CONTINUADOS INTEGRADOS;2023;9;3;11;0,2727272727272727
CHPB;UNIDADE DE CUIDADOS CONTINUADOS INTEGRADOS;2023;10;3;13;0,23076923076923078
CHPB;UNIDADE DE CUIDADOS CONTINUADOS INTEGRADOS;2023;11;4;11;0,36363636363636365
CHPB;UNIDADE DE CUIDADOS CONTINUADOS INTEGRADOS;2023;12;3;19;0,15789473684210525
CHPB;UNIDADE DE CUIDADOS CONTINUADOS INTEGRADOS;2024;1;6;18;0,3333333333333333
CHPB;UNIDADE DE CUIDADOS CONTINUADOS INTEGRADOS;2024;2;4;20;0,2
CHPB;UNIDADE DE CUIDADOS CONTINUADOS INTEGRADOS;2024;3;7;16;0,4375
CHPB;UNIDADE DE CUIDADOS CONTINUADOS INTEGRADOS;2024;4;9;20;0,45
CHPB;UNIDADE DE CUIDADOS CONTINUADOS INTEGRADOS;2024;5;0;14;0,0
CHPB;UNIDADE DE CUIDADOS CONTINUADOS INTEGRADOS;2024;6;3;13;0,23076923076923078
CHPB;UNIDADE DE CUIDADOS PROLONGADOS/CHPB/CHB;2024;6;0;1;0,0
CHPB;UNIDADE DE CUIDADOS PROLONGADOS/CHPB/CHB;2024;7;6;18;0,3333333333333333
CHPB;UNIDADE DE CUIDADOS PROLONGADOS/CHPB/CHB;2024;8;4;16;0,25
CHPB;UNIDADE DE CUIDADOS PROLONGADOS/CHPB/CHB;2024;9;2;13;0,15384615384615385
CHPB;UNIDADE DE CUIDADOS PROLONGADOS/CHPB/CHB;2024;10;7;27;0,25925925925925924
CHPB;UNIDADE DE CUIDADOS PROLONGADOS/CHPB/CHB;2024;11;4;17;0,23529411764705882
CHPB;UNIDADE DE CUIDADOS PROLONGADOS/CHPB/CHB;2024;12;2;16;0,125
CHPB;UNIDADE DE CUIDADOS PROLONGADOS/CHPB/CHB;2025;1;1;15;0,06666666666666667
CHPB;UNIDADE DE CUIDADOS PROLONGADOS/CHPB/CHB;2025;2;7;16;0,4375
CHPB;UNIDADE DE CUIDADOS PROLONGADOS/CHPB/CHB;2025;3;5;16;0,3125
CHPB;UNIDADE DE CUIDADOS PROLONGADOS/CHPB/CHB;2025;4;9;22;0,4090909090909091
CHPB;UNIDADE DE CUIDADOS PROLONGADOS/CHPB/CHB;2025;5;2;22;0,09090909090909091
CHPB;UNIDADE DE CUIDADOS PROLONGADOS/CHPB/CHB;2025;6;7;21;0,3333333333333333
CHPB;UNIDADE DE CUIDADOS PROLONGADOS/CHPB/CHB;2025;7;1;24;0,041666666666666664
CHPB;UNIDADE DE CUIDADOS PROLONGADOS/CHPB/CHB;2025;8;3;19;0,15789473684210525
CHPB;UNIDADE DE CUIDADOS PROLONGADOS/CHPB/CHB;2025;9;0;15;0,0
CHPB;UNIDADE DE CUIDADOS PROLONGADOS/CHPB/CHB;2025;10;3;18;0,16666666666666666
CHPB;UNIDADE DE CUIDADOS PROLONGADOS/CHPB/CHB;2025;11;2;15;0,13333333333333333
CHPB;UNIDADE DE CUIDADOS PROLONGADOS/CHPB/CHB;2025;12;6;21;0,2857142857142857
CHPB;UNIDADE DE CUIDADOS PROLONGADOS/CHPB/CHB;2026;1;4;18;0,2222222222222222
CHPB;UNIDADE DE CUIDADOS PROLONGADOS/CHPB/CHB;2026;2;1;19;0,05263157894736842
CHPB;UNIDADE DE CUIDADOS PROLONGADOS/CHPB/CHB;2026;3;4;28;0,14285714285714285
CHPB;UNIDADE DE CUIDADOS PROLONGADOS/CHPB/CHB;2026;4;4;25;0,16
CHPB;UNIDADE DE CUIDADOS PROLONGADOS/CHPB/CHB;2026;5;5;15;0,3333333333333333
CHPB;UNIDADE DE TRATAMENTO CLINICO;2021;4;0;2;0,0
CHPB;UNIDADE DE TRATAMENTO CLINICO;2021;5;1;1;1,0
CHPB;UNIDADE DE TRATAMENTO CLINICO;2021;6;0;1;0,0
CHPB;UNIDADE DE TRATAMENTO CLINICO;2021;7;0;3;0,0
CHPB;UNIDADE DE TRATAMENTO CLINICO;2021;8;0;8;0,0
CHPB;UNIDADE DE TRATAMENTO CLINICO;2021;9;0;1;0,0
CHPB;UNIDADE DE TRATAMENTO CLINICO;2021;10;0;2;0,0
CHPB;UNIDADE DE TRATAMENTO CLINICO;2021;11;0;1;0,0
CHPB;UNIDADE DE TRATAMENTO CLINICO;2021;12;0;1;0,0
CHPB;UNIDADE DE TRATAMENTO CLINICO;2022;1;0;1;0,0
CHPB;UNIDADE DE TRATAMENTO CLINICO;2022;2;1;1;1,0
CHPB;UNIDADE DE TRATAMENTO CLINICO;2022;4;0;1;0,0
CHPB;UNIDADE DE TRATAMENTO CLINICO;2022;5;0;1;0,0
CHPB;UNIDADE INTERNAÇÃO - PSIQUIATRIA;2021;3;8;19;0,42105263157894735
CHPB;UNIDADE INTERNAÇÃO - PSIQUIATRIA;2021;4;5;24;0,20833333333333334
CHPB;UNIDADE INTERNAÇÃO - PSIQUIATRIA;2021;5;5;23;0,21739130434782608
CHPB;UNIDADE INTERNAÇÃO - PSIQUIATRIA;2021;6;10;30;0,3333333333333333
CHPB;UNIDADE INTERNAÇÃO - PSIQUIATRIA;2021;7;6;23;0,2608695652173913
CHPB;UNIDADE INTERNAÇÃO - PSIQUIATRIA;2021;8;6;19;0,3157894736842105
CHPB;UNIDADE INTERNAÇÃO - PSIQUIATRIA;2021;9;9;28;0,32142857142857145
CHPB;UNIDADE INTERNAÇÃO - PSIQUIATRIA;2021;10;8;34;0,23529411764705882
CHPB;UNIDADE INTERNAÇÃO - PSIQUIATRIA;2021;11;11;29;0,3793103448275862
CHPB;UNIDADE INTERNAÇÃO - PSIQUIATRIA;2021;12;7;27;0,25925925925925924
CHPB;UNIDADE INTERNAÇÃO - PSIQUIATRIA;2022;1;7;14;0,5
CHPB;UNIDADE INTERNAÇÃO - PSIQUIATRIA;2022;2;4;17;0,23529411764705882
CHPB;UNIDADE INTERNAÇÃO - PSIQUIATRIA;2022;3;6;19;0,3157894736842105
CHPB;UNIDADE INTERNAÇÃO - PSIQUIATRIA;2022;4;11;27;0,4074074074074074
CHPB;UNIDADE INTERNAÇÃO - PSIQUIATRIA;2022;5;7;21;0,3333333333333333
CHPB;UNIDADE INTERNAÇÃO - PSIQUIATRIA;2022;6;9;23;0,391304347826087
CHPB;UNIDADE INTERNAÇÃO - PSIQUIATRIA;2022;7;8;30;0,26666666666666666
CHPB;UNIDADE INTERNAÇÃO - PSIQUIATRIA;2022;8;2;6;0,3333333333333333
CHPB;UNIDADE INTERNAÇÃO - PSIQUIATRIA;2022;10;0;1;0,0
CHPB;UNIDADE INTERNAÇÃO - PSIQUIATRIA;2023;1;0;1;0,0
CHPB;UNIDADE INTERNAÇÃO - PSIQUIATRIA;2023;4;0;1;0,0
CHPB;UNIDADE INTERNAÇÃO - PSIQUIATRIA;2023;5;0;1;0,0
CHPB;UNIDADE INTERNAÇÃO - PSIQUIATRIA;2023;6;1;2;0,5
CHPB;UNIDADE INTERNAÇÃO - PSIQUIATRIA;2023;10;0;1;0,0
CHPB;UNIDADE INTERNAÇÃO - PSIQUIATRIA;2023;12;0;1;0,0
CHPB;UNIDADE INTERNAÇÃO - PSIQUIATRIA;2024;2;1;1;1,0
CHPB;UNIDADE INTERNAÇÃO - PSIQUIATRIA;2024;3;0;1;0,0
CHPB;UNIDADE INTERNAÇÃO - PSIQUIATRIA;2024;5;0;1;0,0
CHPB;UNIDADE INTERNAÇÃO - PSIQUIATRIA CASA LAR 1;2019;7;0;1;0,0
CHPB;UNIDADE INTERNAÇÃO - PSIQUIATRIA CASA LAR 1;2019;8;0;1;0,0
CHPB;UNIDADE INTERNAÇÃO - PSIQUIATRIA CASA LAR 1;2019;9;0;1;0,0
CHPB;UNIDADE INTERNAÇÃO - PSIQUIATRIA CASA LAR 1;2020;1;0;1;0,0
CHPB;UNIDADE INTERNAÇÃO - PSIQUIATRIA CASA LAR 1;2020;7;0;2;0,0
CHPB;UNIDADE INTERNAÇÃO - PSIQUIATRIA CASA LAR 2;2019;1;0;1;0,0
CHPB;UNIDADE INTERNAÇÃO - PSIQUIATRIA CASA LAR 2;2019;3;0;1;0,0
CHPB;UNIDADE INTERNAÇÃO - PSIQUIATRIA CASA LAR 2;2019;9;0;1;0,0
CHPB;UNIDADE INTERNAÇÃO - PSIQUIATRIA CASA LAR 2;2020;4;1;1;1,0
CHPB;UNIDADE INTERNAÇÃO - PSIQUIATRIA CASA LAR 3;2019;2;0;1;0,0
CHPB;UNIDADE INTERNAÇÃO - PSIQUIATRIA CASA LAR 3;2020;2;0;1;0,0
CHPB;UNIDADE INTERNAÇÃO - PSIQUIATRIA CASA LAR 3;2020;5;0;1;0,0
CHPB;UNIDADE INTERNAÇÃO - PSIQUIATRIA CASA LAR 3;2020;9;0;1;0,0
CHPB;UNIDADE INTERNAÇÃO - PSIQUIATRIA MÓDULO RESIDENCIAL 2;2019;1;0;1;0,0
CHPB;UNIDADE INTERNAÇÃO - PSIQUIATRIA MÓDULO RESIDENCIAL 2;2019;2;0;3;0,0
CHPB;UNIDADE INTERNAÇÃO - PSIQUIATRIA MÓDULO RESIDENCIAL 2;2019;9;0;1;0,0
CHPB;UNIDADE INTERNAÇÃO - PSIQUIATRIA MÓDULO RESIDENCIAL 2;2019;10;0;3;0,0
CHPB;UNIDADE INTERNAÇÃO - PSIQUIATRIA MÓDULO RESIDENCIAL 2;2019;11;0;1;0,0
CHPB;UNIDADE INTERNAÇÃO - PSIQUIATRIA MÓDULO RESIDENCIAL 2;2019;12;0;3;0,0
CHPB;UNIDADE INTERNAÇÃO - PSIQUIATRIA MÓDULO RESIDENCIAL 2;2020;1;0;3;0,0
CHPB;UNIDADE INTERNAÇÃO - PSIQUIATRIA MÓDULO RESIDENCIAL 2;2020;3;0;1;0,0
CHPB;UNIDADE INTERNAÇÃO - PSIQUIATRIA MÓDULO RESIDENCIAL 2;2020;6;0;2;0,0
CHPB;UNIDADE INTERNAÇÃO - PSIQUIATRIA MÓDULO RESIDENCIAL 2;2020;8;1;2;0,5
CHPB;UNIDADE INTERNAÇÃO - PSIQUIATRIA MÓDULO RESIDENCIAL 2;2020;9;0;1;0,0
CHPB;UNIDADE INTERNAÇÃO - PSIQUIATRIA MÓDULO RESIDENCIAL 2;2020;12;0;1;0,0
CHPB;UNIDADE INTERNAÇÃO - PSIQUIATRIA MÓDULO RESIDENCIAL 3;2019;5;0;1;0,0
CHPB;UNIDADE INTERNAÇÃO - PSIQUIATRIA MÓDULO RESIDENCIAL 3;2019;10;0;1;0,0
CHPB;UNIDADE INTERNAÇÃO - PSIQUIATRIA MÓDULO RESIDENCIAL 3;2020;1;0;1;0,0
CHPB;UNIDADE INTERNAÇÃO - PSIQUIATRIA MÓDULO RESIDENCIAL 3;2020;6;0;1;0,0
CHPB;UNIDADE INTERNAÇÃO - PSIQUIATRIA MÓDULO RESIDENCIAL 3;2020;11;0;1;0,0
CHPB;UNIDADE INTERNAÇÃO - PSIQUIATRIA MÓDULO RESIDENCIAL 4;2019;2;0;1;0,0
CHPB;UNIDADE INTERNAÇÃO - PSIQUIATRIA MÓDULO RESIDENCIAL 4;2019;7;0;1;0,0
CHPB;UNIDADE INTERNAÇÃO - PSIQUIATRIA MÓDULO RESIDENCIAL 4;2019;10;0;1;0,0
CHPB;UNIDADE INTERNAÇÃO - PSIQUIATRIA MÓDULO RESIDENCIAL 4;2020;1;0;1;0,0
CHPB;UNIDADE INTERNAÇÃO - PSIQUIATRIA MÓDULO RESIDENCIAL 4;2020;2;0;1;0,0
CHPB;UNIDADE INTERNAÇÃO - PSIQUIATRIA MÓDULO RESIDENCIAL 4;2020;4;0;1;0,0
CHPB;UNIDADE INTERNAÇÃO - PSIQUIATRIA MÓDULO RESIDENCIAL 4;2020;5;0;1;0,0
CHPB;UNIDADE INTERNAÇÃO - PSIQUIATRIA MÓDULO RESIDENCIAL 4;2020;9;0;1;0,0
CHPB;UNIDADE INTERNAÇÃO - PSIQUIATRIA MÓDULO RESIDENCIAL 5;2019;5;0;3;0,0
CHPB;UNIDADE INTERNAÇÃO - PSIQUIATRIA MÓDULO RESIDENCIAL 5;2019;6;0;3;0,0
CHPB;UNIDADE INTERNAÇÃO - PSIQUIATRIA MÓDULO RESIDENCIAL 5;2019;9;0;1;0,0
CHPB;UNIDADE INTERNAÇÃO - PSIQUIATRIA MÓDULO RESIDENCIAL 5;2019;12;0;1;0,0
CHPB;UNIDADE INTERNAÇÃO - PSIQUIATRIA MÓDULO RESIDENCIAL 5;2020;2;0;1;0,0
CHPB;UNIDADE INTERNAÇÃO - PSIQUIATRIA MÓDULO RESIDENCIAL 5;2020;3;0;1;0,0
CHPB;UNIDADE INTERNAÇÃO - PSIQUIATRIA MÓDULO RESIDENCIAL 5;2020;9;0;1;0,0
CHPB;UNIDADE INTERNAÇÃO - PSIQUIATRIA MÓDULO RESIDENCIAL 5;2020;11;0;1;0,0
CSPD;UNIDADE DE CUIDADOS CONTINUADOS INTEGRADOS;2022;9;1;1;1,0
CSPD;UNIDADE DE CUIDADOS CONTINUADOS INTEGRADOS;2022;10;6;11;0,5454545454545454
CSPD;UNIDADE DE CUIDADOS CONTINUADOS INTEGRADOS;2022;11;2;2;1,0
CSPD;UNIDADE DE CUIDADOS CONTINUADOS INTEGRADOS;2022;12;7;11;0,6363636363636364
CSPD;UNIDADE DE CUIDADOS CONTINUADOS INTEGRADOS;2023;1;1;8;0,125
CSPD;UNIDADE DE CUIDADOS CONTINUADOS INTEGRADOS;2023;2;3;7;0,42857142857142855
CSPD;UNIDADE DE CUIDADOS CONTINUADOS INTEGRADOS;2023;3;2;7;0,2857142857142857
CSPD;UNIDADE DE CUIDADOS CONTINUADOS INTEGRADOS;2023;4;6;8;0,75
CSPD;UNIDADE DE CUIDADOS CONTINUADOS INTEGRADOS;2023;5;2;11;0,18181818181818182
CSPD;UNIDADE DE CUIDADOS CONTINUADOS INTEGRADOS;2023;6;1;10;0,1
CSPD;UNIDADE DE CUIDADOS CONTINUADOS INTEGRADOS;2023;7;4;11;0,36363636363636365
CSPD;UNIDADE DE CUIDADOS CONTINUADOS INTEGRADOS;2023;8;5;10;0,5
CSPD;UNIDADE DE CUIDADOS CONTINUADOS INTEGRADOS;2023;9;4;12;0,3333333333333333
CSPD;UNIDADE DE CUIDADOS CONTINUADOS INTEGRADOS;2023;10;10;31;0,3225806451612903
CSPD;UNIDADE DE CUIDADOS CONTINUADOS INTEGRADOS;2023;11;2;8;0,25
CSPD;UNIDADE DE INTERNAÇÃO DE CUIDADOS PROLONGADOS;2023;11;5;23;0,21739130434782608
CSPD;UNIDADE DE INTERNAÇÃO DE CUIDADOS PROLONGADOS;2023;12;16;41;0,3902439024390244
CSPD;UNIDADE DE INTERNAÇÃO DE CUIDADOS PROLONGADOS;2024;1;19;45;0,4222222222222222
CSPD;UNIDADE DE INTERNAÇÃO DE CUIDADOS PROLONGADOS;2024;2;4;31;0,12903225806451613
CSPD;UNIDADE DE INTERNAÇÃO DE CUIDADOS PROLONGADOS;2024;3;23;45;0,5111111111111111
CSPD;UNIDADE DE INTERNAÇÃO DE CUIDADOS PROLONGADOS;2024;4;6;50;0,12
CSPD;UNIDADE DE INTERNAÇÃO DE CUIDADOS PROLONGADOS;2024;5;12;47;0,2553191489361702
CSPD;UNIDADE DE INTERNAÇÃO DE CUIDADOS PROLONGADOS;2024;6;8;28;0,2857142857142857
CSPD;UNIDADE DE INTERNAÇÃO DE CUIDADOS PROLONGADOS;2024;7;8;40;0,2
CSPD;UNIDADE INTERNAÇÃO - CLINICA MÉDICA;2019;1;27;33;0,8181818181818182
CSPD;UNIDADE INTERNAÇÃO - CLINICA MÉDICA;2019;2;24;44;0,5454545454545454
CSPD;UNIDADE INTERNAÇÃO - CLINICA MÉDICA;2019;3;7;26;0,2692307692307692
CSPD;UNIDADE INTERNAÇÃO - CLINICA MÉDICA;2019;4;19;38;0,5
CSPD;UNIDADE INTERNAÇÃO - CLINICA MÉDICA;2019;5;12;36;0,3333333333333333
CSPD;UNIDADE INTERNAÇÃO - CLINICA MÉDICA;2019;6;12;49;0,24489795918367346
CSPD;UNIDADE INTERNAÇÃO - CLINICA MÉDICA;2019;7;16;35;0,45714285714285713
CSPD;UNIDADE INTERNAÇÃO - CLINICA MÉDICA;2019;8;9;37;0,24324324324324326
CSPD;UNIDADE INTERNAÇÃO - CLINICA MÉDICA;2019;9;20;38;0,5263157894736842
CSPD;UNIDADE INTERNAÇÃO - CLINICA MÉDICA;2019;10;17;34;0,5
CSPD;UNIDADE INTERNAÇÃO - CLINICA MÉDICA;2019;11;9;30;0,3
CSPD;UNIDADE INTERNAÇÃO - CLINICA MÉDICA;2019;12;12;28;0,42857142857142855
CSPD;UNIDADE INTERNAÇÃO - CLINICA MÉDICA;2020;1;27;45;0,6
CSPD;UNIDADE INTERNAÇÃO - CLINICA MÉDICA;2020;2;20;47;0,425531914893617
CSPD;UNIDADE INTERNAÇÃO - CLINICA MÉDICA;2020;3;17;34;0,5
CSPD;UNIDADE INTERNAÇÃO - CLINICA MÉDICA;2020;4;13;19;0,6842105263157895
CSPD;UNIDADE INTERNAÇÃO - CLINICA MÉDICA;2020;5;5;20;0,25
CSPD;UNIDADE INTERNAÇÃO - CLINICA MÉDICA;2020;6;10;23;0,43478260869565216
CSPD;UNIDADE INTERNAÇÃO - CLINICA MÉDICA;2020;7;8;17;0,47058823529411764
CSPD;UNIDADE INTERNAÇÃO - CLINICA MÉDICA;2020;8;14;24;0,5833333333333334
CSPD;UNIDADE INTERNAÇÃO - CLINICA MÉDICA;2020;9;18;31;0,5806451612903226
CSPD;UNIDADE INTERNAÇÃO - CLINICA MÉDICA;2020;10;13;30;0,43333333333333335
CSPD;UNIDADE INTERNAÇÃO - CLINICA MÉDICA;2020;11;8;18;0,4444444444444444
CSPD;UNIDADE INTERNAÇÃO - CLINICA MÉDICA;2020;12;17;32;0,53125
CSPD;UNIDADE INTERNAÇÃO - CLINICA MÉDICA;2021;1;17;30;0,5666666666666667
CSPD;UNIDADE INTERNAÇÃO - CLINICA MÉDICA;2021;2;18;28;0,6428571428571429
CSPD;UNIDADE INTERNAÇÃO - CLINICA MÉDICA;2021;3;19;25;0,76
CSPD;UNIDADE INTERNAÇÃO - CLINICA MÉDICA;2021;4;22;35;0,6285714285714286
CSPD;UNIDADE INTERNAÇÃO - CLINICA MÉDICA;2021;5;17;25;0,68
CSPD;UNIDADE INTERNAÇÃO - CLINICA MÉDICA;2021;6;23;35;0,6571428571428571
CSPD;UNIDADE INTERNAÇÃO - CLINICA MÉDICA;2021;7;20;30;0,6666666666666666
CSPD;UNIDADE INTERNAÇÃO - CLINICA MÉDICA;2021;8;17;32;0,53125
CSPD;UNIDADE INTERNAÇÃO - CLINICA MÉDICA;2021;9;21;35;0,6
CSPD;UNIDADE INTERNAÇÃO - CLINICA MÉDICA;2021;10;22;27;0,8148148148148148
CSPD;UNIDADE INTERNAÇÃO - CLINICA MÉDICA;2021;11;29;40;0,725
CSPD;UNIDADE INTERNAÇÃO - CLINICA MÉDICA;2021;12;19;36;0,5277777777777778
CSPD;UNIDADE INTERNAÇÃO - CLINICA MÉDICA;2022;1;21;34;0,6176470588235294
CSPD;UNIDADE INTERNAÇÃO - CLINICA MÉDICA;2022;2;12;25;0,48
CSPD;UNIDADE INTERNAÇÃO - CLINICA MÉDICA;2022;3;20;32;0,625
CSPD;UNIDADE INTERNAÇÃO - CLINICA MÉDICA;2022;4;20;40;0,5
CSPD;UNIDADE INTERNAÇÃO - CLINICA MÉDICA;2022;5;31;52;0,5961538461538461
CSPD;UNIDADE INTERNAÇÃO - CLINICA MÉDICA;2022;6;16;36;0,4444444444444444
CSPD;UNIDADE INTERNAÇÃO - CLINICA MÉDICA;2022;7;22;41;0,5365853658536586
CSPD;UNIDADE INTERNAÇÃO - CLINICA MÉDICA;2022;8;18;43;0,4186046511627907
CSPD;UNIDADE INTERNAÇÃO - CLINICA MÉDICA;2022;9;21;38;0,5526315789473685
CSPD;UNIDADE INTERNAÇÃO - CLINICA MÉDICA;2022;10;12;23;0,5217391304347826
CSPD;UNIDADE INTERNAÇÃO - CLINICA MÉDICA;2022;11;10;23;0,43478260869565216
CSPD;UNIDADE INTERNAÇÃO - CLINICA MÉDICA;2022;12;11;21;0,5238095238095238
CSPD;UNIDADE INTERNAÇÃO - CLINICA MÉDICA;2023;1;10;28;0,35714285714285715
CSPD;UNIDADE INTERNAÇÃO - CLINICA MÉDICA;2023;2;5;16;0,3125
CSPD;UNIDADE INTERNAÇÃO - CLINICA MÉDICA;2023;3;20;30;0,6666666666666666
CSPD;UNIDADE INTERNAÇÃO - CLINICA MÉDICA;2023;4;11;23;0,4782608695652174
CSPD;UNIDADE INTERNAÇÃO - CLINICA MÉDICA;2023;5;13;32;0,40625
CSPD;UNIDADE INTERNAÇÃO - CLINICA MÉDICA;2023;6;5;21;0,23809523809523808
CSPD;UNIDADE INTERNAÇÃO - CLINICA MÉDICA;2023;7;8;19;0,42105263157894735
CSPD;UNIDADE INTERNAÇÃO - CLINICA MÉDICA;2023;8;17;32;0,53125
CSPD;UNIDADE INTERNAÇÃO - CLINICA MÉDICA;2023;9;7;21;0,3333333333333333
CSPD;UNIDADE INTERNAÇÃO - CLINICA MÉDICA;2023;10;4;8;0,5
CSSFA;AMBULATORIO - ESPECIALIDADES Consultorios;2019;1;0;1;0,0
CSSFA;AMBULATORIO - ESPECIALIDADES Consultorios;2021;1;0;1;0,0
CSSFA;AMBULATORIO - ESPECIALIDADES Consultorios;2021;6;0;1;0,0
CSSFA;CENTRO DE TRATAMENTO DE LESÕES;2019;2;0;1;0,0
CSSFA;CENTRO DE TRATAMENTO DE LESÕES;2019;5;0;1;0,0
CSSFA;UNIDADE DE INTERNACAO CCI Cuidados Continuados Integ;2019;1;0;4;0,0
CSSFA;UNIDADE DE INTERNACAO CCI Cuidados Continuados Integ;2019;2;0;11;0,0
CSSFA;UNIDADE DE INTERNACAO CCI Cuidados Continuados Integ;2019;3;1;10;0,1
CSSFA;UNIDADE DE INTERNACAO CCI Cuidados Continuados Integ;2019;4;5;13;0,38461538461538464
CSSFA;UNIDADE DE INTERNACAO CCI Cuidados Continuados Integ;2019;5;3;8;0,375
CSSFA;UNIDADE DE INTERNACAO CCI Cuidados Continuados Integ;2019;6;4;13;0,3076923076923077
CSSFA;UNIDADE DE INTERNACAO CCI Cuidados Continuados Integ;2019;7;2;23;0,08695652173913043
CSSFA;UNIDADE DE INTERNACAO CCI Cuidados Continuados Integ;2019;8;3;11;0,2727272727272727
CSSFA;UNIDADE DE INTERNACAO CCI Cuidados Continuados Integ;2019;9;3;12;0,25
CSSFA;UNIDADE DE INTERNACAO CCI Cuidados Continuados Integ;2019;10;4;16;0,25
CSSFA;UNIDADE DE INTERNACAO CCI Cuidados Continuados Integ;2019;11;4;22;0,18181818181818182
CSSFA;UNIDADE DE INTERNACAO CCI Cuidados Continuados Integ;2019;12;1;16;0,0625
CSSFA;UNIDADE DE INTERNACAO CCI Cuidados Continuados Integ;2020;1;1;6;0,16666666666666666
CSSFA;UNIDADE DE INTERNACAO CCI Cuidados Continuados Integ;2020;2;2;13;0,15384615384615385
CSSFA;UNIDADE DE INTERNACAO CCI Cuidados Continuados Integ;2020;3;4;25;0,16
CSSFA;UNIDADE DE INTERNACAO CCI Cuidados Continuados Integ;2020;4;4;9;0,4444444444444444
CSSFA;UNIDADE DE INTERNACAO CCI Cuidados Continuados Integ;2020;5;1;13;0,07692307692307693
CSSFA;UNIDADE DE INTERNACAO CCI Cuidados Continuados Integ;2020;6;3;11;0,2727272727272727
CSSFA;UNIDADE DE INTERNACAO CCI Cuidados Continuados Integ;2020;7;2;10;0,2
CSSFA;UNIDADE DE INTERNACAO CCI Cuidados Continuados Integ;2020;8;4;18;0,2222222222222222
CSSFA;UNIDADE DE INTERNACAO CCI Cuidados Continuados Integ;2020;9;0;13;0,0
CSSFA;UNIDADE DE INTERNACAO CCI Cuidados Continuados Integ;2020;10;3;19;0,15789473684210525
CSSFA;UNIDADE DE INTERNACAO CCI Cuidados Continuados Integ;2020;11;2;14;0,14285714285714285
CSSFA;UNIDADE DE INTERNACAO CCI Cuidados Continuados Integ;2020;12;5;22;0,22727272727272727
CSSFA;UNIDADE DE INTERNACAO CCI Cuidados Continuados Integ;2021;1;4;17;0,23529411764705882
CSSFA;UNIDADE DE INTERNACAO CCI Cuidados Continuados Integ;2021;2;3;23;0,13043478260869565
CSSFA;UNIDADE DE INTERNACAO CCI Cuidados Continuados Integ;2021;3;8;22;0,36363636363636365
CSSFA;UNIDADE DE INTERNACAO CCI Cuidados Continuados Integ;2021;4;6;20;0,3
CSSFA;UNIDADE DE INTERNACAO CCI Cuidados Continuados Integ;2021;5;4;29;0,13793103448275862
CSSFA;UNIDADE DE INTERNACAO CCI Cuidados Continuados Integ;2021;6;5;27;0,18518518518518517
CSSFA;UNIDADE DE INTERNACAO CCI Cuidados Continuados Integ;2021;7;6;22;0,2727272727272727
CSSFA;UNIDADE DE INTERNACAO CCI Cuidados Continuados Integ;2021;8;5;26;0,19230769230769232
CSSFA;UNIDADE DE INTERNACAO CCI Cuidados Continuados Integ;2021;9;0;21;0,0
CSSFA;UNIDADE DE INTERNACAO CCI Cuidados Continuados Integ;2021;10;6;25;0,24
CSSFA;UNIDADE DE INTERNACAO CCI Cuidados Continuados Integ;2021;11;5;25;0,2
CSSFA;UNIDADE DE INTERNACAO CCI Cuidados Continuados Integ;2021;12;2;17;0,11764705882352941
CSSFA;UNIDADE DE INTERNACAO CCI Cuidados Continuados Integ;2022;1;6;22;0,2727272727272727
CSSFA;UNIDADE DE INTERNACAO CCI Cuidados Continuados Integ;2022;2;5;13;0,38461538461538464
CSSFA;UNIDADE DE INTERNACAO CCI Cuidados Continuados Integ;2022;3;3;23;0,13043478260869565
CSSFA;UNIDADE DE INTERNACAO CCI Cuidados Continuados Integ;2022;4;3;30;0,1
CSSFA;UNIDADE DE INTERNACAO CCI Cuidados Continuados Integ;2022;5;6;20;0,3
CSSFA;UNIDADE DE INTERNACAO CCI Cuidados Continuados Integ;2022;6;4;24;0,16666666666666666
CSSFA;UNIDADE DE INTERNACAO CCI Cuidados Continuados Integ;2022;7;7;29;0,2413793103448276
CSSFA;UNIDADE DE INTERNACAO CCI Cuidados Continuados Integ;2022;8;3;23;0,13043478260869565
CSSFA;UNIDADE DE INTERNACAO CCI Cuidados Continuados Integ;2022;9;3;24;0,125
CSSFA;UNIDADE DE INTERNACAO CCI Cuidados Continuados Integ;2022;10;7;23;0,30434782608695654
CSSFA;UNIDADE DE INTERNACAO CCI Cuidados Continuados Integ;2022;11;6;23;0,2608695652173913
CSSFA;UNIDADE DE INTERNACAO CCI Cuidados Continuados Integ;2022;12;6;27;0,2222222222222222
CSSFA;UNIDADE DE INTERNACAO CCI Cuidados Continuados Integ;2023;1;5;13;0,38461538461538464
CSSFA;UNIDADE DE INTERNACAO CCI Cuidados Continuados Integ;2023;2;0;12;0,0
CSSFA;UNIDADE DE INTERNACAO CCI Cuidados Continuados Integ;2023;3;16;32;0,5
CSSFA;UNIDADE DE INTERNACAO CCI Cuidados Continuados Integ;2023;4;4;18;0,2222222222222222
CSSFA;UNIDADE DE INTERNACAO CCI Cuidados Continuados Integ;2023;5;5;14;0,35714285714285715
CSSFA;UNIDADE DE INTERNACAO CCI Cuidados Continuados Integ;2023;6;3;16;0,1875
CSSFA;UNIDADE DE INTERNACAO CCI Cuidados Continuados Integ;2023;7;3;12;0,25
CSSFA;UNIDADE DE INTERNACAO CCI Cuidados Continuados Integ;2023;8;4;18;0,2222222222222222
CSSFA;UNIDADE DE INTERNACAO CCI Cuidados Continuados Integ;2023;9;3;11;0,2727272727272727
CSSFA;UNIDADE DE INTERNACAO CCI Cuidados Continuados Integ;2023;10;7;19;0,3684210526315789
CSSFA;UNIDADE DE INTERNACAO CCI Cuidados Continuados Integ;2023;11;3;12;0,25
CSSFA;UNIDADE DE INTERNACAO CCI Cuidados Continuados Integ;2023;12;6;19;0,3157894736842105
CSSFA;UNIDADE DE INTERNACAO CCI Cuidados Continuados Integ;2024;1;5;14;0,35714285714285715
CSSFA;UNIDADE DE INTERNACAO CCI Cuidados Continuados Integ;2024;2;3;10;0,3
CSSFA;UNIDADE DE INTERNACAO CCI Cuidados Continuados Integ;2024;3;13;30;0,43333333333333335
CSSFA;UNIDADE DE INTERNACAO CCI Cuidados Continuados Integ;2024;4;8;24;0,3333333333333333
CSSFA;UNIDADE DE INTERNACAO CCI Cuidados Continuados Integ;2024;5;13;24;0,5416666666666666
CSSFA;UNIDADE DE INTERNACAO CCI Cuidados Continuados Integ;2024;6;6;12;0,5
CSSFA;UNIDADE DE INTERNACAO CCI Cuidados Continuados Integ;2024;7;8;22;0,36363636363636365
CSSFA;UNIDADE DE INTERNACAO CCI Cuidados Continuados Integ;2024;8;12;35;0,34285714285714286
CSSFA;UNIDADE DE INTERNACAO CCI Cuidados Continuados Integ;2024;9;7;20;0,35
CSSFA;UNIDADE DE INTERNACAO CCI Cuidados Continuados Integ;2024;10;10;28;0,35714285714285715
CSSFA;UNIDADE DE INTERNACAO CCI Cuidados Continuados Integ;2024;11;6;19;0,3157894736842105
CSSFA;UNIDADE DE INTERNACAO CCI Cuidados Continuados Integ;2024;12;6;20;0,3
CSSFA;UNIDADE DE INTERNACAO CCI Cuidados Continuados Integ;2025;1;12;21;0,5714285714285714
CSSFA;UNIDADE DE INTERNACAO CCI Cuidados Continuados Integ;2025;2;6;17;0,35294117647058826
CSSFA;UNIDADE DE INTERNACAO CCI Cuidados Continuados Integ;2025;3;9;13;0,6923076923076923
CSSFA;UNIDADE DE INTERNACAO CCI Cuidados Continuados Integ;2025;4;11;18;0,6111111111111112
CSSFA;UNIDADE DE INTERNACAO CCI Cuidados Continuados Integ;2025;5;7;19;0,3684210526315789
CSSFA;UNIDADE DE INTERNACAO CCI Cuidados Continuados Integ;2025;6;8;17;0,47058823529411764
CSSFA;UNIDADE DE INTERNACAO CCI Cuidados Continuados Integ;2025;7;4;20;0,2
CSSFA;UNIDADE DE INTERNACAO CCI Cuidados Continuados Integ;2025;8;7;26;0,2692307692307692
CSSFA;UNIDADE DE INTERNACAO CCI Cuidados Continuados Integ;2025;9;2;15;0,13333333333333333
CSSFA;UNIDADE DE INTERNACAO CCI Cuidados Continuados Integ;2025;10;6;16;0,375
CSSFA;UNIDADE DE INTERNACAO CCI Cuidados Continuados Integ;2025;11;5;19;0,2631578947368421
CSSFA;UNIDADE DE INTERNACAO CCI Cuidados Continuados Integ;2025;12;9;18;0,5
CSSFA;UNIDADE DE INTERNACAO CCI Cuidados Continuados Integ;2026;1;5;12;0,4166666666666667
CSSFA;UNIDADE DE INTERNACAO CCI Cuidados Continuados Integ;2026;2;8;18;0,4444444444444444
CSSFA;UNIDADE DE INTERNACAO CCI Cuidados Continuados Integ;2026;3;10;20;0,5
CSSFA;UNIDADE DE INTERNACAO CCI Cuidados Continuados Integ;2026;4;10;23;0,43478260869565216
CSSFA;UNIDADE DE INTERNACAO CCI Cuidados Continuados Integ;2026;5;10;24;0,4166666666666667
CSSFA;UNIDADE INTERNAÇÃO - CLINICA CIRURGICA;2019;10;5;5;1,0
CSSFA;UNIDADE INTERNAÇÃO - CLINICA CIRURGICA;2019;11;10;11;0,9090909090909091
CSSFA;UNIDADE INTERNAÇÃO - CLINICA CIRURGICA;2019;12;9;10;0,9
CSSFA;UNIDADE INTERNAÇÃO - CLINICA CIRURGICA;2020;2;3;1;3,0
CSSFA;UNIDADE INTERNAÇÃO - CLINICA CIRURGICA;2020;3;2;1;2,0
CSSFA;UNIDADE INTERNAÇÃO - CLINICA MÉDICA;2019;5;0;4;0,0
CSSFA;UNIDADE INTERNAÇÃO - CLINICA MÉDICA;2019;6;0;2;0,0
CSSFA;UNIDADE INTERNAÇÃO - CLINICA MÉDICA;2019;7;0;3;0,0
CSSFA;UNIDADE INTERNAÇÃO - CLINICA MÉDICA;2019;8;0;3;0,0
CSSFA;UNIDADE INTERNAÇÃO - CLINICA MÉDICA;2019;9;1;2;0,5
CSSFA;UNIDADE INTERNAÇÃO - CLINICA MÉDICA;2019;11;0;2;0,0
CSSFA;UNIDADE INTERNAÇÃO - CLINICA MÉDICA;2019;12;0;2;0,0
CSSFA;UNIDADE INTERNAÇÃO - CLINICA MÉDICA;2020;1;1;1;1,0
CSSFA;UNIDADE INTERNAÇÃO - CLINICA MÉDICA;2020;2;0;1;0,0
CSSFA;UNIDADE INTERNAÇÃO - CLINICA MÉDICA;2020;3;0;5;0,0
CSSFA;UNIDADE INTERNAÇÃO - CLINICA MÉDICA;2020;4;1;1;1,0
CSSFA;UNIDADE INTERNAÇÃO - CLINICA MÉDICA;2020;9;1;2;0,5
CSSFA;UNIDADE INTERNAÇÃO - CLINICA MÉDICA;2020;12;1;2;0,5
CSSFA;UNIDADE INTERNAÇÃO - CLINICA MÉDICA;2021;1;0;2;0,0
CSSFA;UNIDADE INTERNAÇÃO - CLINICA MÉDICA;2021;2;0;6;0,0
CSSFA;UNIDADE INTERNAÇÃO - CLINICA MÉDICA;2021;3;0;2;0,0
CSSFA;UNIDADE INTERNAÇÃO - CLINICA MÉDICA;2021;5;1;3;0,3333333333333333
CSSFA;UNIDADE INTERNAÇÃO - CLINICA MÉDICA;2021;6;0;1;0,0
CSSFA;UNIDADE INTERNAÇÃO - CLINICA MÉDICA;2021;7;0;3;0,0
CSSFA;UNIDADE INTERNAÇÃO - CLINICA MÉDICA;2021;8;0;2;0,0
CSSFA;UNIDADE INTERNAÇÃO - CLINICA MÉDICA;2022;6;1;2;0,5
CSSFA;UNIDADE INTERNAÇÃO - CLINICA MÉDICA;2022;7;0;3;0,0
CSSFA;UNIDADE INTERNAÇÃO - CLINICA MÉDICA;2022;9;0;3;0,0
CSSFA;UNIDADE INTERNAÇÃO - CLINICA MÉDICA;2023;3;1;1;1,0
CSSFA;UNIDADE INTERNAÇÃO - CLINICA MÉDICA;2023;5;0;2;0,0
CSSFA;UNIDADE INTERNAÇÃO - CLINICA MÉDICA;2023;6;1;4;0,25
CSSFA;UNIDADE INTERNAÇÃO - CLINICA MÉDICA;2023;7;1;4;0,25
CSSFA;UNIDADE INTERNAÇÃO - CLINICA MÉDICA;2023;8;1;4;0,25
CSSFA;UNIDADE INTERNAÇÃO - CLINICA MÉDICA;2023;9;2;6;0,3333333333333333
CSSFA;UNIDADE INTERNAÇÃO - CLINICA MÉDICA;2023;10;1;5;0,2
CSSFA;UNIDADE INTERNAÇÃO - CLINICA MÉDICA;2023;11;0;1;0,0
CSSFE;AMBULATORIO - ESPECIALIDADES;2023;10;0;1;0,0
CSSFE;UNIDADE DE CUIDADOS CONTINUADOS INTEGRADOS;2023;5;1;1;1,0
CSSFE;UNIDADE DE CUIDADOS CONTINUADOS INTEGRADOS;2023;6;2;5;0,4
CSSFE;UNIDADE DE CUIDADOS CONTINUADOS INTEGRADOS;2023;7;3;5;0,6
CSSFE;UNIDADE DE CUIDADOS CONTINUADOS INTEGRADOS;2023;8;0;5;0,0
CSSFE;UNIDADE DE CUIDADOS CONTINUADOS INTEGRADOS;2023;9;3;8;0,375
CSSFE;UNIDADE DE CUIDADOS CONTINUADOS INTEGRADOS;2023;10;2;7;0,2857142857142857
CSSFE;UNIDADE DE CUIDADOS CONTINUADOS INTEGRADOS;2023;11;0;5;0,0
CSSFE;UNIDADE DE CUIDADOS PROLONGADOS;2023;12;1;4;0,25
CSSFE;UNIDADE DE CUIDADOS PROLONGADOS;2024;1;2;4;0,5
CSSFE;UNIDADE DE CUIDADOS PROLONGADOS;2024;2;0;4;0,0
CSSFE;UNIDADE DE CUIDADOS PROLONGADOS;2024;3;1;12;0,08333333333333333
CSSFE;UNIDADE DE CUIDADOS PROLONGADOS;2024;4;3;13;0,23076923076923078
CSSFE;UNIDADE DE CUIDADOS PROLONGADOS;2024;5;1;4;0,25
CSSFE;UNIDADE DE CUIDADOS PROLONGADOS;2024;6;0;7;0,0
CSSFE;UNIDADE DE CUIDADOS PROLONGADOS;2024;7;0;2;0,0
CSSFE;UNIDADE DE CUIDADOS PROLONGADOS;2024;8;0;5;0,0
CSSFE;UNIDADE DE CUIDADOS PROLONGADOS;2024;9;2;5;0,4
CSSFE;UNIDADE DE CUIDADOS PROLONGADOS;2024;10;0;1;0,0
CSSFE;UNIDADE DE CUIDADOS PROLONGADOS;2024;11;0;6;0,0
CSSFE;UNIDADE DE CUIDADOS PROLONGADOS;2024;12;2;6;0,3333333333333333
CSSFE;UNIDADE DE CUIDADOS PROLONGADOS;2025;1;1;5;0,2
CSSFE;UNIDADE DE CUIDADOS PROLONGADOS;2025;2;3;4;0,75
CSSFE;UNIDADE DE INTERNAÇÃO - CLÍNICA MÉDICA;2023;11;1;1;1,0
CSSFE;UNIDADE DE INTERNAÇÃO - CLÍNICA MÉDICA;2023;12;1;5;0,2
CSSFE;UNIDADE DE INTERNAÇÃO - CLÍNICA MÉDICA;2024;1;1;8;0,125
CSSFE;UNIDADE DE INTERNAÇÃO - CLÍNICA MÉDICA;2024;2;1;11;0,09090909090909091
CSSFE;UNIDADE DE INTERNAÇÃO - CLÍNICA MÉDICA;2024;3;2;9;0,2222222222222222
CSSFE;UNIDADE DE INTERNAÇÃO - CLÍNICA MÉDICA;2024;4;3;17;0,17647058823529413
CSSFE;UNIDADE DE INTERNAÇÃO - CLÍNICA MÉDICA;2024;5;2;14;0,14285714285714285
CSSFE;UNIDADE DE INTERNAÇÃO - CLÍNICA MÉDICA;2024;6;1;6;0,16666666666666666
CSSFE;UNIDADE DE INTERNAÇÃO - CLÍNICA MÉDICA;2024;7;1;16;0,0625
CSSFE;UNIDADE DE INTERNAÇÃO - CLÍNICA MÉDICA;2024;8;1;6;0,16666666666666666
CSSFE;UNIDADE DE INTERNAÇÃO - CLÍNICA MÉDICA;2024;9;3;11;0,2727272727272727
CSSFE;UNIDADE DE INTERNAÇÃO - CLÍNICA MÉDICA;2024;10;4;10;0,4
CSSFE;UNIDADE DE INTERNAÇÃO - CLÍNICA MÉDICA;2024;11;1;10;0,1
CSSFE;UNIDADE DE INTERNAÇÃO - CLÍNICA MÉDICA;2024;12;4;6;0,6666666666666666
CSSFE;UNIDADE DE INTERNAÇÃO - CLÍNICA MÉDICA;2025;1;1;4;0,25
CSSFE;UNIDADE DE INTERNAÇÃO - CLÍNICA MÉDICA;2025;2;1;7;0,14285714285714285
CSSFE;UNIDADE INTERNAÇÃO - CLINICA MÉDICA;2019;1;8;12;0,6666666666666666
CSSFE;UNIDADE INTERNAÇÃO - CLINICA MÉDICA;2019;2;7;19;0,3684210526315789
CSSFE;UNIDADE INTERNAÇÃO - CLINICA MÉDICA;2019;3;5;13;0,38461538461538464
CSSFE;UNIDADE INTERNAÇÃO - CLINICA MÉDICA;2019;4;8;13;0,6153846153846154
CSSFE;UNIDADE INTERNAÇÃO - CLINICA MÉDICA;2019;5;4;11;0,36363636363636365
CSSFE;UNIDADE INTERNAÇÃO - CLINICA MÉDICA;2019;6;10;18;0,5555555555555556
CSSFE;UNIDADE INTERNAÇÃO - CLINICA MÉDICA;2019;7;12;15;0,8
CSSFE;UNIDADE INTERNAÇÃO - CLINICA MÉDICA;2019;8;6;12;0,5
CSSFE;UNIDADE INTERNAÇÃO - CLINICA MÉDICA;2019;9;4;16;0,25
CSSFE;UNIDADE INTERNAÇÃO - CLINICA MÉDICA;2019;10;7;23;0,30434782608695654
CSSFE;UNIDADE INTERNAÇÃO - CLINICA MÉDICA;2019;11;0;16;0,0
CSSFE;UNIDADE INTERNAÇÃO - CLINICA MÉDICA;2019;12;11;21;0,5238095238095238
CSSFE;UNIDADE INTERNAÇÃO - CLINICA MÉDICA;2020;1;3;8;0,375
CSSFE;UNIDADE INTERNAÇÃO - CLINICA MÉDICA;2020;2;5;17;0,29411764705882354
CSSFE;UNIDADE INTERNAÇÃO - CLINICA MÉDICA;2020;3;4;12;0,3333333333333333
CSSFE;UNIDADE INTERNAÇÃO - CLINICA MÉDICA;2020;4;8;13;0,6153846153846154
CSSFE;UNIDADE INTERNAÇÃO - CLINICA MÉDICA;2020;5;3;10;0,3
CSSFE;UNIDADE INTERNAÇÃO - CLINICA MÉDICA;2020;6;5;9;0,5555555555555556
CSSFE;UNIDADE INTERNAÇÃO - CLINICA MÉDICA;2020;7;6;15;0,4
CSSFE;UNIDADE INTERNAÇÃO - CLINICA MÉDICA;2020;8;3;10;0,3
CSSFE;UNIDADE INTERNAÇÃO - CLINICA MÉDICA;2020;9;1;6;0,16666666666666666
CSSFE;UNIDADE INTERNAÇÃO - CLINICA MÉDICA;2020;10;4;10;0,4
CSSFE;UNIDADE INTERNAÇÃO - CLINICA MÉDICA;2020;11;7;16;0,4375
CSSFE;UNIDADE INTERNAÇÃO - CLINICA MÉDICA;2020;12;14;28;0,5
CSSFE;UNIDADE INTERNAÇÃO - CLINICA MÉDICA;2021;1;9;16;0,5625
CSSFE;UNIDADE INTERNAÇÃO - CLINICA MÉDICA;2021;2;19;33;0,5757575757575758
CSSFE;UNIDADE INTERNAÇÃO - CLINICA MÉDICA;2021;3;22;38;0,5789473684210527
CSSFE;UNIDADE INTERNAÇÃO - CLINICA MÉDICA;2021;4;18;34;0,5294117647058824
CSSFE;UNIDADE INTERNAÇÃO - CLINICA MÉDICA;2021;5;22;40;0,55
CSSFE;UNIDADE INTERNAÇÃO - CLINICA MÉDICA;2021;6;25;45;0,5555555555555556
CSSFE;UNIDADE INTERNAÇÃO - CLINICA MÉDICA;2021;7;8;24;0,3333333333333333
CSSFE;UNIDADE INTERNAÇÃO - CLINICA MÉDICA;2021;8;24;37;0,6486486486486487
CSSFE;UNIDADE INTERNAÇÃO - CLINICA MÉDICA;2021;9;31;49;0,6326530612244898
CSSFE;UNIDADE INTERNAÇÃO - CLINICA MÉDICA;2021;10;37;49;0,7551020408163265
CSSFE;UNIDADE INTERNAÇÃO - CLINICA MÉDICA;2021;11;20;40;0,5
CSSFE;UNIDADE INTERNAÇÃO - CLINICA MÉDICA;2021;12;16;25;0,64
CSSFE;UNIDADE INTERNAÇÃO - CLINICA MÉDICA;2022;1;24;42;0,5714285714285714
CSSFE;UNIDADE INTERNAÇÃO - CLINICA MÉDICA;2022;2;8;17;0,47058823529411764
CSSFE;UNIDADE INTERNAÇÃO - CLINICA MÉDICA;2022;3;42;51;0,8235294117647058
CSSFE;UNIDADE INTERNAÇÃO - CLINICA MÉDICA;2022;4;41;44;0,9318181818181818
CSSFE;UNIDADE INTERNAÇÃO - CLINICA MÉDICA;2022;5;31;43;0,7209302325581395
CSSFE;UNIDADE INTERNAÇÃO - CLINICA MÉDICA;2022;6;39;48;0,8125
CSSFE;UNIDADE INTERNAÇÃO - CLINICA MÉDICA;2022;7;32;44;0,7272727272727273
CSSFE;UNIDADE INTERNAÇÃO - CLINICA MÉDICA;2022;8;34;61;0,5573770491803278
CSSFE;UNIDADE INTERNAÇÃO - CLINICA MÉDICA;2022;9;27;44;0,6136363636363636
CSSFE;UNIDADE INTERNAÇÃO - CLINICA MÉDICA;2022;10;23;36;0,6388888888888888
CSSFE;UNIDADE INTERNAÇÃO - CLINICA MÉDICA;2022;11;10;27;0,37037037037037035
CSSFE;UNIDADE INTERNAÇÃO - CLINICA MÉDICA;2022;12;17;27;0,6296296296296297
CSSFE;UNIDADE INTERNAÇÃO - CLINICA MÉDICA;2023;1;14;23;0,6086956521739131
CSSFE;UNIDADE INTERNAÇÃO - CLINICA MÉDICA;2023;2;11;35;0,3142857142857143
CSSFE;UNIDADE INTERNAÇÃO - CLINICA MÉDICA;2023;3;12;27;0,4444444444444444
CSSFE;UNIDADE INTERNAÇÃO - CLINICA MÉDICA;2023;4;10;20;0,5
CSSFE;UNIDADE INTERNAÇÃO - CLINICA MÉDICA;2023;5;9;25;0,36
CSSFE;UNIDADE INTERNAÇÃO - CLINICA MÉDICA;2023;6;3;7;0,42857142857142855
CSSFE;UNIDADE INTERNAÇÃO - CLINICA MÉDICA;2023;7;4;9;0,4444444444444444
CSSFE;UNIDADE INTERNAÇÃO - CLINICA MÉDICA;2023;8;3;14;0,21428571428571427
CSSFE;UNIDADE INTERNAÇÃO - CLINICA MÉDICA;2023;9;2;6;0,3333333333333333
CSSFE;UNIDADE INTERNAÇÃO - CLINICA MÉDICA;2023;10;2;9;0,2222222222222222
CSSFE;UNIDADE INTERNAÇÃO - CLINICA MÉDICA;2023;11;2;3;0,6666666666666666
CSSI;AMBULATORIO - ESPECIALIDADES;2021;8;0;1;0,0
CSSI;CENTRO DE TRATAMENTO DE LESÕES;2022;9;0;1;0,0
CSSI;CLINICA MEDICA ALA A;2023;9;0;1;0,0
CSSI;CLINICA MEDICA ALA A;2023;10;0;16;0,0
CSSI;CLINICA MEDICA ALA A;2023;11;0;7;0,0
CSSI;CLINICA MEDICA ALA A;2023;12;1;23;0,043478260869565216
CSSI;CLINICA MEDICA ALA A;2024;1;1;26;0,038461538461538464
CSSI;CLINICA MEDICA ALA A;2024;2;1;32;0,03125
CSSI;CLINICA MEDICA ALA A;2024;3;2;33;0,06060606060606061
CSSI;CLINICA MEDICA ALA A;2024;4;2;24;0,08333333333333333
CSSI;CLINICA MEDICA ALA A;2024;5;1;5;0,2
CSSI;CLINICA MEDICA ALA A;2025;6;3;5;0,6
CSSI;CLINICA MEDICA ALA A;2025;7;2;11;0,18181818181818182
CSSI;CLINICA MEDICA ALA A;2025;8;9;30;0,3
CSSI;CLINICA MEDICA ALA A;2025;9;5;20;0,25
CSSI;CLINICA MEDICA ALA A;2025;10;3;5;0,6
CSSI;CLINICA MEDICA ALA A;2025;11;2;9;0,2222222222222222
CSSI;CLINICA MEDICA ALA A;2025;12;1;9;0,1111111111111111
CSSI;CLINICA MEDICA ALA A;2026;1;2;11;0,18181818181818182
CSSI;CLINICA MEDICA ALA A;2026;2;0;10;0,0
CSSI;CLINICA MEDICA ALA A;2026;3;6;15;0,4
CSSI;CLINICA MEDICA ALA A;2026;4;2;10;0,2
CSSI;CLINICA MEDICA ALA A;2026;5;2;12;0,16666666666666666
CSSI;CLÍNICA MÉDICA ALA B;2023;11;0;1;0,0
CSSI;CLÍNICA MÉDICA ALA B;2023;12;0;1;0,0
CSSI;CLÍNICA MÉDICA ALA B;2024;2;0;1;0,0
CSSI;CLÍNICA MÉDICA ALA B;2024;3;0;1;0,0
CSSI;CLÍNICA MÉDICA ALA B;2024;4;0;1;0,0
CSSI;CLÍNICA MÉDICA ALA B;2024;5;0;1;0,0
CSSI;CLÍNICA MÉDICA ALA B;2024;6;0;1;0,0
CSSI;CLÍNICA MÉDICA ALA B;2024;7;0;1;0,0
CSSI;CLÍNICA MÉDICA ALA B;2024;8;0;2;0,0
CSSI;CLÍNICA MÉDICA ALA B;2024;10;0;1;0,0
CSSI;CLÍNICA MÉDICA ALA B;2024;11;0;2;0,0
CSSI;CLÍNICA MÉDICA ALA B;2025;2;0;3;0,0
CSSI;CLÍNICA MÉDICA ALA B;2025;7;0;1;0,0
CSSI;CLÍNICA MÉDICA ALA B;2025;8;0;2;0,0
CSSI;CLÍNICA MÉDICA ALA B;2025;11;1;1;1,0
CSSI;CLÍNICA MÉDICA ALA B;2025;12;0;3;0,0
CSSI;CLÍNICA MÉDICA ALA B;2026;1;1;2;0,5
CSSI;CLÍNICA MÉDICA ALA B;2026;2;0;2;0,0
CSSI;CLÍNICA MÉDICA ALA B;2026;3;0;1;0,0
CSSI;CLÍNICA MÉDICA ALA B;2026;4;0;1;0,0
CSSI;CLÍNICA MÉDICA ALA B;2026;5;0;2;0,0
CSSI;CLÍNICA MÉDICA ALA C;2023;9;0;1;0,0
CSSI;CLÍNICA MÉDICA ALA C;2023;10;4;33;0,12121212121212122
CSSI;CLÍNICA MÉDICA ALA C;2023;11;4;32;0,125
CSSI;CLÍNICA MÉDICA ALA C;2023;12;4;43;0,09302325581395349
CSSI;CLÍNICA MÉDICA ALA C;2024;1;6;37;0,16216216216216217
CSSI;CLÍNICA MÉDICA ALA C;2024;2;2;41;0,04878048780487805
CSSI;CLÍNICA MÉDICA ALA C;2024;3;4;44;0,09090909090909091
CSSI;CLÍNICA MÉDICA ALA C;2024;4;4;46;0,08695652173913043
CSSI;CLÍNICA MÉDICA ALA C;2024;5;16;69;0,2318840579710145
CSSI;CLÍNICA MÉDICA ALA C;2024;6;14;56;0,25
CSSI;CLÍNICA MÉDICA ALA C;2024;7;8;42;0,19047619047619047
CSSI;CLÍNICA MÉDICA ALA C;2024;8;15;50;0,3
CSSI;CLÍNICA MÉDICA ALA C;2024;9;10;32;0,3125
CSSI;CLÍNICA MÉDICA ALA C;2024;10;16;42;0,38095238095238093
CSSI;CLÍNICA MÉDICA ALA C;2024;11;20;53;0,37735849056603776
CSSI;CLÍNICA MÉDICA ALA C;2024;12;30;59;0,5084745762711864
CSSI;CLÍNICA MÉDICA ALA C;2025;1;14;44;0,3181818181818182
CSSI;CLÍNICA MÉDICA ALA C;2025;2;12;41;0,2926829268292683
CSSI;CLÍNICA MÉDICA ALA C;2025;3;24;54;0,4444444444444444
CSSI;CLÍNICA MÉDICA ALA C;2025;4;23;47;0,48936170212765956
CSSI;CLÍNICA MÉDICA ALA C;2025;5;17;42;0,40476190476190477
CSSI;CLÍNICA MÉDICA ALA C;2025;6;20;36;0,5555555555555556
CSSI;CLÍNICA MÉDICA ALA C;2025;7;16;34;0,47058823529411764
CSSI;CLÍNICA MÉDICA ALA C;2025;8;5;15;0,3333333333333333
CSSI;CLÍNICA MÉDICA ALA C;2025;9;8;23;0,34782608695652173
CSSI;CLÍNICA MÉDICA ALA C;2025;10;16;43;0,37209302325581395
CSSI;CLÍNICA MÉDICA ALA C;2025;11;9;32;0,28125
CSSI;CLÍNICA MÉDICA ALA C;2025;12;8;37;0,21621621621621623
CSSI;CLÍNICA MÉDICA ALA C;2026;1;7;29;0,2413793103448276
CSSI;CLÍNICA MÉDICA ALA C;2026;2;10;38;0,2631578947368421
CSSI;CLÍNICA MÉDICA ALA C;2026;3;10;40;0,25
CSSI;CLÍNICA MÉDICA ALA C;2026;4;7;36;0,19444444444444445
CSSI;CLÍNICA MÉDICA ALA C;2026;5;5;28;0,17857142857142858
CSSI;PRONTO ATENDIMENTO;2020;11;0;11;0,0
CSSI;PRONTO ATENDIMENTO;2020;12;2;43;0,046511627906976744
CSSI;PRONTO ATENDIMENTO;2021;1;4;35;0,11428571428571428
CSSI;PRONTO ATENDIMENTO;2021;2;8;53;0,1509433962264151
CSSI;PRONTO ATENDIMENTO;2021;3;2;23;0,08695652173913043
CSSI;UNIDADE DE CUIDADOS CONTINUADOS INTEGRADOS;2021;6;3;4;0,75
CSSI;UNIDADE DE CUIDADOS CONTINUADOS INTEGRADOS;2021;7;6;10;0,6
CSSI;UNIDADE DE CUIDADOS CONTINUADOS INTEGRADOS;2021;8;3;5;0,6
CSSI;UNIDADE DE CUIDADOS CONTINUADOS INTEGRADOS;2021;9;1;6;0,16666666666666666
CSSI;UNIDADE DE CUIDADOS CONTINUADOS INTEGRADOS;2021;10;2;9;0,2222222222222222
CSSI;UNIDADE DE CUIDADOS CONTINUADOS INTEGRADOS;2021;11;3;3;1,0
CSSI;UNIDADE DE CUIDADOS CONTINUADOS INTEGRADOS;2021;12;3;11;0,2727272727272727
CSSI;UNIDADE DE CUIDADOS CONTINUADOS INTEGRADOS;2022;1;4;6;0,6666666666666666
CSSI;UNIDADE DE CUIDADOS CONTINUADOS INTEGRADOS;2022;2;2;6;0,3333333333333333
CSSI;UNIDADE DE CUIDADOS CONTINUADOS INTEGRADOS;2022;3;4;9;0,4444444444444444
CSSI;UNIDADE DE CUIDADOS CONTINUADOS INTEGRADOS;2022;4;7;15;0,4666666666666667
CSSI;UNIDADE DE CUIDADOS CONTINUADOS INTEGRADOS;2022;5;9;10;0,9
CSSI;UNIDADE DE CUIDADOS CONTINUADOS INTEGRADOS;2022;6;9;9;1,0
CSSI;UNIDADE DE CUIDADOS CONTINUADOS INTEGRADOS;2022;7;11;12;0,9166666666666666
CSSI;UNIDADE DE CUIDADOS CONTINUADOS INTEGRADOS;2022;8;7;8;0,875
CSSI;UNIDADE DE CUIDADOS CONTINUADOS INTEGRADOS;2022;9;13;14;0,9285714285714286
CSSI;UNIDADE DE CUIDADOS CONTINUADOS INTEGRADOS;2022;10;5;6;0,8333333333333334
CSSI;UNIDADE DE CUIDADOS CONTINUADOS INTEGRADOS;2022;11;7;7;1,0
CSSI;UNIDADE DE CUIDADOS CONTINUADOS INTEGRADOS;2022;12;5;7;0,7142857142857143
CSSI;UNIDADE DE CUIDADOS CONTINUADOS INTEGRADOS;2023;1;1;7;0,14285714285714285
CSSI;UNIDADE DE CUIDADOS CONTINUADOS INTEGRADOS;2023;2;5;6;0,8333333333333334
CSSI;UNIDADE DE CUIDADOS CONTINUADOS INTEGRADOS;2023;3;0;13;0,0
CSSI;UNIDADE DE CUIDADOS CONTINUADOS INTEGRADOS;2023;4;4;6;0,6666666666666666
CSSI;UNIDADE DE CUIDADOS CONTINUADOS INTEGRADOS;2023;5;3;5;0,6
CSSI;UNIDADE DE CUIDADOS CONTINUADOS INTEGRADOS;2023;6;1;5;0,2
CSSI;UNIDADE DE CUIDADOS CONTINUADOS INTEGRADOS;2023;7;6;9;0,6666666666666666
CSSI;UNIDADE DE CUIDADOS CONTINUADOS INTEGRADOS;2023;8;4;11;0,36363636363636365
CSSI;UNIDADE DE CUIDADOS CONTINUADOS INTEGRADOS;2023;9;3;11;0,2727272727272727
CSSI;UNIDADE DE CUIDADOS PROLONGADOS - ALA A;2024;5;0;6;0,0
CSSI;UNIDADE DE CUIDADOS PROLONGADOS - ALA A;2024;6;3;9;0,3333333333333333
CSSI;UNIDADE DE CUIDADOS PROLONGADOS - ALA A;2024;7;1;10;0,1
CSSI;UNIDADE DE CUIDADOS PROLONGADOS - ALA A;2024;8;5;11;0,45454545454545453
CSSI;UNIDADE DE CUIDADOS PROLONGADOS - ALA A;2024;9;4;14;0,2857142857142857
CSSI;UNIDADE DE CUIDADOS PROLONGADOS - ALA A;2024;10;3;7;0,42857142857142855
CSSI;UNIDADE DE CUIDADOS PROLONGADOS - ALA A;2024;11;1;7;0,14285714285714285
CSSI;UNIDADE DE CUIDADOS PROLONGADOS - ALA A;2024;12;1;7;0,14285714285714285
CSSI;UNIDADE DE CUIDADOS PROLONGADOS - ALA A;2025;1;1;8;0,125
CSSI;UNIDADE DE CUIDADOS PROLONGADOS - ALA A;2025;2;0;3;0,0
CSSI;UNIDADE DE CUIDADOS PROLONGADOS - ALA A;2025;3;3;9;0,3333333333333333
CSSI;UNIDADE DE CUIDADOS PROLONGADOS - ALA A;2025;4;3;7;0,42857142857142855
CSSI;UNIDADE DE CUIDADOS PROLONGADOS - ALA A;2025;6;0;8;0,0
CSSI;UNIDADE DE CUIDADOS PROLONGADOS - ALA A;2025;7;1;6;0,16666666666666666
CSSI;UNIDADE DE CUIDADOS PROLONGADOS - ALA A;2025;8;0;1;0,0
CSSI;UNIDADE DE CUIDADOS PROLONGADOS - ALA A;2025;9;0;3;0,0
CSSI;UNIDADE DE CUIDADOS PROLONGADOS - ALA A;2025;10;2;6;0,3333333333333333
CSSI;UNIDADE DE CUIDADOS PROLONGADOS - ALA A;2025;11;6;9;0,6666666666666666
CSSI;UNIDADE DE CUIDADOS PROLONGADOS - ALA A;2025;12;0;1;0,0
CSSI;UNIDADE DE CUIDADOS PROLONGADOS - ALA A;2026;1;2;5;0,4
CSSI;UNIDADE DE CUIDADOS PROLONGADOS - ALA A;2026;2;0;2;0,0
CSSI;UNIDADE DE CUIDADOS PROLONGADOS - ALA A;2026;3;4;7;0,5714285714285714
CSSI;UNIDADE DE CUIDADOS PROLONGADOS - ALA A;2026;4;4;5;0,8
CSSI;UNIDADE DE CUIDADOS PROLONGADOS - ALA A;2026;5;2;3;0,6666666666666666
CSSI;UNIDADE DE CUIDADOS PROLONGADOS - ALA B;2023;9;0;3;0,0
CSSI;UNIDADE DE CUIDADOS PROLONGADOS - ALA B;2023;10;0;9;0,0
CSSI;UNIDADE DE CUIDADOS PROLONGADOS - ALA B;2023;11;0;9;0,0
CSSI;UNIDADE DE CUIDADOS PROLONGADOS - ALA B;2023;12;3;3;1,0
CSSI;UNIDADE DE CUIDADOS PROLONGADOS - ALA B;2024;1;0;3;0,0
CSSI;UNIDADE DE CUIDADOS PROLONGADOS - ALA B;2024;2;4;13;0,3076923076923077
CSSI;UNIDADE DE CUIDADOS PROLONGADOS - ALA B;2024;3;4;6;0,6666666666666666
CSSI;UNIDADE DE CUIDADOS PROLONGADOS - ALA B;2024;4;1;5;0,2
CSSI;UNIDADE DE CUIDADOS PROLONGADOS - ALA B;2024;5;3;5;0,6
CSSI;UNIDADE DE CUIDADOS PROLONGADOS - ALA B;2024;6;0;3;0,0
CSSI;UNIDADE DE CUIDADOS PROLONGADOS - ALA B;2024;7;1;7;0,14285714285714285
CSSI;UNIDADE DE CUIDADOS PROLONGADOS - ALA B;2024;8;6;9;0,6666666666666666
CSSI;UNIDADE DE CUIDADOS PROLONGADOS - ALA B;2024;9;4;10;0,4
CSSI;UNIDADE DE CUIDADOS PROLONGADOS - ALA B;2024;10;8;10;0,8
CSSI;UNIDADE DE CUIDADOS PROLONGADOS - ALA B;2024;11;1;9;0,1111111111111111
CSSI;UNIDADE DE CUIDADOS PROLONGADOS - ALA B;2024;12;6;10;0,6
CSSI;UNIDADE DE CUIDADOS PROLONGADOS - ALA B;2025;1;1;4;0,25
CSSI;UNIDADE DE CUIDADOS PROLONGADOS - ALA B;2025;2;6;5;1,2
CSSI;UNIDADE DE CUIDADOS PROLONGADOS - ALA B;2025;3;0;1;0,0
CSSI;UNIDADE DE CUIDADOS PROLONGADOS - ALA B;2025;4;1;6;0,16666666666666666
CSSI;UNIDADE DE CUIDADOS PROLONGADOS - ALA B;2025;5;2;8;0,25
CSSI;UNIDADE DE CUIDADOS PROLONGADOS - ALA B;2025;6;1;6;0,16666666666666666
CSSI;UNIDADE DE CUIDADOS PROLONGADOS - ALA B;2025;7;1;6;0,16666666666666666
CSSI;UNIDADE DE CUIDADOS PROLONGADOS - ALA B;2025;8;0;9;0,0
CSSI;UNIDADE DE CUIDADOS PROLONGADOS - ALA B;2025;9;0;9;0,0
CSSI;UNIDADE DE CUIDADOS PROLONGADOS - ALA B;2025;10;2;5;0,4
CSSI;UNIDADE DE CUIDADOS PROLONGADOS - ALA B;2025;11;1;4;0,25
CSSI;UNIDADE DE CUIDADOS PROLONGADOS - ALA B;2025;12;1;8;0,125
CSSI;UNIDADE DE CUIDADOS PROLONGADOS - ALA B;2026;1;0;4;0,0
CSSI;UNIDADE DE CUIDADOS PROLONGADOS - ALA B;2026;2;1;5;0,2
CSSI;UNIDADE DE CUIDADOS PROLONGADOS - ALA B;2026;3;1;3;0,3333333333333333
CSSI;UNIDADE DE CUIDADOS PROLONGADOS - ALA B;2026;4;2;6;0,3333333333333333
CSSI;UNIDADE DE CUIDADOS PROLONGADOS - ALA B;2026;5;4;8;0,5
CSSI;UNIDADE INTERNAÇÃO - CLINICA MÉDICA ALA A;2020;11;0;2;0,0
CSSI;UNIDADE INTERNAÇÃO - CLINICA MÉDICA ALA A;2020;12;7;24;0,2916666666666667
CSSI;UNIDADE INTERNAÇÃO - CLINICA MÉDICA ALA A;2021;1;4;18;0,2222222222222222
CSSI;UNIDADE INTERNAÇÃO - CLINICA MÉDICA ALA A;2021;2;1;2;0,5
CSSI;UNIDADE INTERNAÇÃO - CLINICA MÉDICA ALA A;2021;3;2;19;0,10526315789473684
CSSI;UNIDADE INTERNAÇÃO - CLINICA MÉDICA ALA A;2021;4;8;18;0,4444444444444444
CSSI;UNIDADE INTERNAÇÃO - CLINICA MÉDICA ALA A;2021;5;1;4;0,25
CSSI;UNIDADE INTERNAÇÃO - CLINICA MÉDICA ALA A;2021;6;0;2;0,0
CSSI;UNIDADE INTERNAÇÃO - CLINICA MÉDICA ALA A;2021;7;0;1;0,0
CSSI;UNIDADE INTERNAÇÃO - CLINICA MÉDICA ALA A;2021;8;1;2;0,5
CSSI;UNIDADE INTERNAÇÃO - CLINICA MÉDICA ALA A;2021;9;1;4;0,25
CSSI;UNIDADE INTERNAÇÃO - CLINICA MÉDICA ALA A;2021;10;0;1;0,0
CSSI;UNIDADE INTERNAÇÃO - CLINICA MÉDICA ALA A;2021;11;0;5;0,0
CSSI;UNIDADE INTERNAÇÃO - CLINICA MÉDICA ALA A;2021;12;3;6;0,5
CSSI;UNIDADE INTERNAÇÃO - CLINICA MÉDICA ALA A;2022;1;3;6;0,5
CSSI;UNIDADE INTERNAÇÃO - CLINICA MÉDICA ALA A;2022;2;2;15;0,13333333333333333
CSSI;UNIDADE INTERNAÇÃO - CLINICA MÉDICA ALA A;2022;3;1;21;0,047619047619047616
CSSI;UNIDADE INTERNAÇÃO - CLINICA MÉDICA ALA A;2022;4;0;22;0,0
CSSI;UNIDADE INTERNAÇÃO - CLINICA MÉDICA ALA A;2022;5;3;24;0,125
CSSI;UNIDADE INTERNAÇÃO - CLINICA MÉDICA ALA A;2022;6;2;21;0,09523809523809523
CSSI;UNIDADE INTERNAÇÃO - CLINICA MÉDICA ALA A;2022;7;3;17;0,17647058823529413
CSSI;UNIDADE INTERNAÇÃO - CLINICA MÉDICA ALA A;2022;8;2;28;0,07142857142857142
CSSI;UNIDADE INTERNAÇÃO - CLINICA MÉDICA ALA A;2022;9;5;24;0,20833333333333334
CSSI;UNIDADE INTERNAÇÃO - CLINICA MÉDICA ALA A;2022;10;6;21;0,2857142857142857
CSSI;UNIDADE INTERNAÇÃO - CLINICA MÉDICA ALA A;2022;11;6;18;0,3333333333333333
CSSI;UNIDADE INTERNAÇÃO - CLINICA MÉDICA ALA A;2022;12;1;3;0,3333333333333333
CSSI;UNIDADE INTERNAÇÃO - CLINICA MÉDICA ALA A;2023;1;0;18;0,0
CSSI;UNIDADE INTERNAÇÃO - CLINICA MÉDICA ALA A;2023;2;9;19;0,47368421052631576
CSSI;UNIDADE INTERNAÇÃO - CLINICA MÉDICA ALA A;2023;3;4;14;0,2857142857142857
CSSI;UNIDADE INTERNAÇÃO - CLINICA MÉDICA ALA A;2023;4;2;23;0,08695652173913043
CSSI;UNIDADE INTERNAÇÃO - CLINICA MÉDICA ALA A;2023;5;1;19;0,05263157894736842
CSSI;UNIDADE INTERNAÇÃO - CLINICA MÉDICA ALA A;2023;6;0;21;0,0
CSSI;UNIDADE INTERNAÇÃO - CLINICA MÉDICA ALA A;2023;7;3;22;0,13636363636363635
CSSI;UNIDADE INTERNAÇÃO - CLINICA MÉDICA ALA A;2023;8;0;20;0,0
CSSI;UNIDADE INTERNAÇÃO - CLINICA MÉDICA ALA A;2023;9;0;16;0,0
CSSI;UNIDADE INTERNAÇÃO - CLINICA MÉDICA ALA B;2020;11;0;6;0,0
CSSI;UNIDADE INTERNAÇÃO - CLINICA MÉDICA ALA B;2020;12;2;19;0,10526315789473684
CSSI;UNIDADE INTERNAÇÃO - CLINICA MÉDICA ALA B;2021;1;0;16;0,0
CSSI;UNIDADE INTERNAÇÃO - CLINICA MÉDICA ALA B;2021;2;2;27;0,07407407407407407
CSSI;UNIDADE INTERNAÇÃO - CLINICA MÉDICA ALA B;2021;3;2;30;0,06666666666666667
CSSI;UNIDADE INTERNAÇÃO - CLINICA MÉDICA ALA B;2021;4;6;22;0,2727272727272727
CSSI;UNIDADE INTERNAÇÃO - CLINICA MÉDICA ALA B;2021;5;3;17;0,17647058823529413
CSSI;UNIDADE INTERNAÇÃO - CLINICA MÉDICA ALA B;2021;6;3;22;0,13636363636363635
CSSI;UNIDADE INTERNAÇÃO - CLINICA MÉDICA ALA B;2021;7;5;27;0,18518518518518517
CSSI;UNIDADE INTERNAÇÃO - CLINICA MÉDICA ALA B;2021;8;0;18;0,0
CSSI;UNIDADE INTERNAÇÃO - CLINICA MÉDICA ALA B;2021;9;0;20;0,0
CSSI;UNIDADE INTERNAÇÃO - CLINICA MÉDICA ALA B;2021;10;8;29;0,27586206896551724
CSSI;UNIDADE INTERNAÇÃO - CLINICA MÉDICA ALA B;2021;11;4;29;0,13793103448275862
CSSI;UNIDADE INTERNAÇÃO - CLINICA MÉDICA ALA B;2021;12;0;27;0,0
CSSI;UNIDADE INTERNAÇÃO - CLINICA MÉDICA ALA B;2022;1;6;30;0,2
CSSI;UNIDADE INTERNAÇÃO - CLINICA MÉDICA ALA B;2022;2;4;20;0,2
CSSI;UNIDADE INTERNAÇÃO - CLINICA MÉDICA ALA B;2022;3;3;11;0,2727272727272727
CSSI;UNIDADE INTERNAÇÃO - CLINICA MÉDICA ALA B;2022;4;6;21;0,2857142857142857
CSSI;UNIDADE INTERNAÇÃO - CLINICA MÉDICA ALA B;2022;5;3;15;0,2
CSSI;UNIDADE INTERNAÇÃO - CLINICA MÉDICA ALA B;2022;6;3;24;0,125
CSSI;UNIDADE INTERNAÇÃO - CLINICA MÉDICA ALA B;2022;7;4;20;0,2
CSSI;UNIDADE INTERNAÇÃO - CLINICA MÉDICA ALA B;2022;8;0;12;0,0
CSSI;UNIDADE INTERNAÇÃO - CLINICA MÉDICA ALA B;2022;9;1;17;0,058823529411764705
CSSI;UNIDADE INTERNAÇÃO - CLINICA MÉDICA ALA B;2022;10;3;21;0,14285714285714285
CSSI;UNIDADE INTERNAÇÃO - CLINICA MÉDICA ALA B;2022;11;3;22;0,13636363636363635
CSSI;UNIDADE INTERNAÇÃO - CLINICA MÉDICA ALA B;2022;12;5;19;0,2631578947368421
CSSI;UNIDADE INTERNAÇÃO - CLINICA MÉDICA ALA B;2023;1;4;16;0,25
CSSI;UNIDADE INTERNAÇÃO - CLINICA MÉDICA ALA B;2023;2;2;15;0,13333333333333333
CSSI;UNIDADE INTERNAÇÃO - CLINICA MÉDICA ALA B;2023;3;2;15;0,13333333333333333
CSSI;UNIDADE INTERNAÇÃO - CLINICA MÉDICA ALA B;2023;4;3;15;0,2
CSSI;UNIDADE INTERNAÇÃO - CLINICA MÉDICA ALA B;2023;5;1;14;0,07142857142857142
CSSI;UNIDADE INTERNAÇÃO - CLINICA MÉDICA ALA B;2023;6;2;15;0,13333333333333333
CSSI;UNIDADE INTERNAÇÃO - CLINICA MÉDICA ALA B;2023;7;2;21;0,09523809523809523
CSSI;UNIDADE INTERNAÇÃO - CLINICA MÉDICA ALA B;2023;8;1;21;0,047619047619047616
CSSI;UNIDADE INTERNAÇÃO - CLINICA MÉDICA ALA B;2023;9;0;8;0,0
CSSI;UNIDADE INTERNAÇÃO - CLÍNICA MÉDICA FEMININA;2019;1;8;37;0,21621621621621623
CSSI;UNIDADE INTERNAÇÃO - CLÍNICA MÉDICA FEMININA;2019;2;4;28;0,14285714285714285
CSSI;UNIDADE INTERNAÇÃO - CLÍNICA MÉDICA FEMININA;2019;3;13;33;0,3939393939393939
CSSI;UNIDADE INTERNAÇÃO - CLÍNICA MÉDICA FEMININA;2019;4;10;24;0,4166666666666667
CSSI;UNIDADE INTERNAÇÃO - CLÍNICA MÉDICA FEMININA;2019;5;11;27;0,4074074074074074
CSSI;UNIDADE INTERNAÇÃO - CLÍNICA MÉDICA FEMININA;2019;6;9;33;0,2727272727272727
CSSI;UNIDADE INTERNAÇÃO - CLÍNICA MÉDICA FEMININA;2019;7;5;25;0,2
CSSI;UNIDADE INTERNAÇÃO - CLÍNICA MÉDICA FEMININA;2019;8;8;21;0,38095238095238093
CSSI;UNIDADE INTERNAÇÃO - CLÍNICA MÉDICA FEMININA;2019;9;6;21;0,2857142857142857
CSSI;UNIDADE INTERNAÇÃO - CLÍNICA MÉDICA FEMININA;2019;10;5;25;0,2
CSSI;UNIDADE INTERNAÇÃO - CLÍNICA MÉDICA FEMININA;2019;11;6;19;0,3157894736842105
CSSI;UNIDADE INTERNAÇÃO - CLÍNICA MÉDICA FEMININA;2019;12;2;23;0,08695652173913043
CSSI;UNIDADE INTERNAÇÃO - CLÍNICA MÉDICA FEMININA;2020;1;3;24;0,125
CSSI;UNIDADE INTERNAÇÃO - CLÍNICA MÉDICA FEMININA;2020;2;3;18;0,16666666666666666
CSSI;UNIDADE INTERNAÇÃO - CLÍNICA MÉDICA FEMININA;2020;3;0;20;0,0
CSSI;UNIDADE INTERNAÇÃO - CLÍNICA MÉDICA FEMININA;2020;4;0;18;0,0
CSSI;UNIDADE INTERNAÇÃO - CLÍNICA MÉDICA FEMININA;2020;5;3;13;0,23076923076923078
CSSI;UNIDADE INTERNAÇÃO - CLÍNICA MÉDICA FEMININA;2020;6;3;19;0,15789473684210525
CSSI;UNIDADE INTERNAÇÃO - CLÍNICA MÉDICA FEMININA;2020;7;6;18;0,3333333333333333
CSSI;UNIDADE INTERNAÇÃO - CLÍNICA MÉDICA FEMININA;2020;8;2;20;0,1
CSSI;UNIDADE INTERNAÇÃO - CLÍNICA MÉDICA FEMININA;2020;9;2;5;0,4
CSSI;UNIDADE INTERNAÇÃO - CLÍNICA MÉDICA FEMININA;2020;10;2;14;0,14285714285714285
CSSI;UNIDADE INTERNAÇÃO - CLÍNICA MÉDICA FEMININA;2020;11;1;10;0,1
CSSI;UNIDADE INTERNAÇÃO - CLÍNICA MÉDICA FEMININA;2022;2;0;1;0,0
CSSI;UNIDADE INTERNAÇÃO - CLINICA MÉDICA MASCULINA;2019;1;16;32;0,5
CSSI;UNIDADE INTERNAÇÃO - CLINICA MÉDICA MASCULINA;2019;2;4;20;0,2
CSSI;UNIDADE INTERNAÇÃO - CLINICA MÉDICA MASCULINA;2019;3;12;29;0,41379310344827586
CSSI;UNIDADE INTERNAÇÃO - CLINICA MÉDICA MASCULINA;2019;4;13;25;0,52
CSSI;UNIDADE INTERNAÇÃO - CLINICA MÉDICA MASCULINA;2019;5;18;34;0,5294117647058824
CSSI;UNIDADE INTERNAÇÃO - CLINICA MÉDICA MASCULINA;2019;6;5;26;0,19230769230769232
CSSI;UNIDADE INTERNAÇÃO - CLINICA MÉDICA MASCULINA;2019;7;4;23;0,17391304347826086
CSSI;UNIDADE INTERNAÇÃO - CLINICA MÉDICA MASCULINA;2019;8;7;24;0,2916666666666667
CSSI;UNIDADE INTERNAÇÃO - CLINICA MÉDICA MASCULINA;2019;9;7;24;0,2916666666666667
CSSI;UNIDADE INTERNAÇÃO - CLINICA MÉDICA MASCULINA;2019;10;7;22;0,3181818181818182
CSSI;UNIDADE INTERNAÇÃO - CLINICA MÉDICA MASCULINA;2019;11;3;10;0,3
CSSI;UNIDADE INTERNAÇÃO - CLINICA MÉDICA MASCULINA;2019;12;2;19;0,10526315789473684
CSSI;UNIDADE INTERNAÇÃO - CLINICA MÉDICA MASCULINA;2020;1;2;15;0,13333333333333333
CSSI;UNIDADE INTERNAÇÃO - CLINICA MÉDICA MASCULINA;2020;2;3;25;0,12
CSSI;UNIDADE INTERNAÇÃO - CLINICA MÉDICA MASCULINA;2020;3;2;16;0,125
CSSI;UNIDADE INTERNAÇÃO - CLINICA MÉDICA MASCULINA;2020;4;0;4;0,0
CSSI;UNIDADE INTERNAÇÃO - CLINICA MÉDICA MASCULINA;2020;5;1;5;0,2
CSSI;UNIDADE INTERNAÇÃO - CLINICA MÉDICA MASCULINA;2020;6;2;11;0,18181818181818182
CSSI;UNIDADE INTERNAÇÃO - CLINICA MÉDICA MASCULINA;2020;7;1;16;0,0625
CSSI;UNIDADE INTERNAÇÃO - CLINICA MÉDICA MASCULINA;2020;8;0;14;0,0
CSSI;UNIDADE INTERNAÇÃO - CLINICA MÉDICA MASCULINA;2020;9;0;16;0,0
CSSI;UNIDADE INTERNAÇÃO - CLINICA MÉDICA MASCULINA;2020;10;1;11;0,09090909090909091
CSSI;UNIDADE INTERNAÇÃO - CLINICA MÉDICA MASCULINA;2020;11;1;5;0,2
CSSI;UNIDADE URGENCIA/EMERGENCIA;2019;1;8;44;0,18181818181818182
CSSI;UNIDADE URGENCIA/EMERGENCIA;2019;2;6;36;0,16666666666666666
CSSI;UNIDADE URGENCIA/EMERGENCIA;2019;3;7;30;0,23333333333333334
CSSI;UNIDADE URGENCIA/EMERGENCIA;2019;4;15;42;0,35714285714285715
CSSI;UNIDADE URGENCIA/EMERGENCIA;2019;5;11;53;0,20754716981132076
CSSI;UNIDADE URGENCIA/EMERGENCIA;2019;6;8;34;0,23529411764705882
CSSI;UNIDADE URGENCIA/EMERGENCIA;2019;7;12;32;0,375
CSSI;UNIDADE URGENCIA/EMERGENCIA;2019;8;4;34;0,11764705882352941
CSSI;UNIDADE URGENCIA/EMERGENCIA;2019;9;3;26;0,11538461538461539
CSSI;UNIDADE URGENCIA/EMERGENCIA;2019;10;3;35;0,08571428571428572
CSSI;UNIDADE URGENCIA/EMERGENCIA;2019;11;4;27;0,14814814814814814
CSSI;UNIDADE URGENCIA/EMERGENCIA;2019;12;3;30;0,1
CSSI;UNIDADE URGENCIA/EMERGENCIA;2020;1;5;40;0,125
CSSI;UNIDADE URGENCIA/EMERGENCIA;2020;2;5;44;0,11363636363636363
CSSI;UNIDADE URGENCIA/EMERGENCIA;2020;3;4;36;0,1111111111111111
CSSI;UNIDADE URGENCIA/EMERGENCIA;2020;4;0;36;0,0
CSSI;UNIDADE URGENCIA/EMERGENCIA;2020;5;3;34;0,08823529411764706
CSSI;UNIDADE URGENCIA/EMERGENCIA;2020;6;1;30;0,03333333333333333
CSSI;UNIDADE URGENCIA/EMERGENCIA;2020;7;3;28;0,10714285714285714
CSSI;UNIDADE URGENCIA/EMERGENCIA;2020;8;6;29;0,20689655172413793
CSSI;UNIDADE URGENCIA/EMERGENCIA;2020;9;10;48;0,20833333333333334
CSSI;UNIDADE URGENCIA/EMERGENCIA;2020;10;4;53;0,07547169811320754
CSSI;UNIDADE URGENCIA/EMERGENCIA;2020;11;5;45;0,1111111111111111
CSSI;UNIDADE URGENCIA/EMERGENCIA;2021;3;3;41;0,07317073170731707
CSSI;UNIDADE URGENCIA/EMERGENCIA;2021;4;10;46;0,21739130434782608
CSSI;UNIDADE URGENCIA/EMERGENCIA;2021;5;6;44;0,13636363636363635
CSSI;UNIDADE URGENCIA/EMERGENCIA;2021;6;5;47;0,10638297872340426
CSSI;UNIDADE URGENCIA/EMERGENCIA;2021;7;8;51;0,1568627450980392
CSSI;UNIDADE URGENCIA/EMERGENCIA;2021;8;8;47;0,1702127659574468
CSSI;UNIDADE URGENCIA/EMERGENCIA;2021;9;5;44;0,11363636363636363
CSSI;UNIDADE URGENCIA/EMERGENCIA;2021;10;3;37;0,08108108108108109
CSSI;UNIDADE URGENCIA/EMERGENCIA;2021;11;1;34;0,029411764705882353
CSSI;UNIDADE URGENCIA/EMERGENCIA;2021;12;9;45;0,2
CSSI;UNIDADE URGENCIA/EMERGENCIA;2022;1;4;33;0,12121212121212122
CSSI;UNIDADE URGENCIA/EMERGENCIA;2022;2;9;43;0,20930232558139536
CSSI;UNIDADE URGENCIA/EMERGENCIA;2022;3;3;28;0,10714285714285714
CSSI;UNIDADE URGENCIA/EMERGENCIA;2022;4;7;37;0,1891891891891892
CSSI;UNIDADE URGENCIA/EMERGENCIA;2022;5;3;23;0,13043478260869565
CSSI;UNIDADE URGENCIA/EMERGENCIA;2022;6;0;19;0,0
CSSI;UNIDADE URGENCIA/EMERGENCIA;2022;7;8;26;0,3076923076923077
CSSI;UNIDADE URGENCIA/EMERGENCIA;2022;8;2;27;0,07407407407407407
CSSI;UNIDADE URGENCIA/EMERGENCIA;2022;9;3;29;0,10344827586206896
CSSI;UNIDADE URGENCIA/EMERGENCIA;2022;10;4;25;0,16
CSSI;UNIDADE URGENCIA/EMERGENCIA;2022;11;4;25;0,16
CSSI;UNIDADE URGENCIA/EMERGENCIA;2022;12;7;32;0,21875
CSSI;UNIDADE URGENCIA/EMERGENCIA;2023;1;3;26;0,11538461538461539
CSSI;UNIDADE URGENCIA/EMERGENCIA;2023;2;7;22;0,3181818181818182
CSSI;UNIDADE URGENCIA/EMERGENCIA;2023;3;13;31;0,41935483870967744
CSSI;UNIDADE URGENCIA/EMERGENCIA;2023;4;18;30;0,6
CSSI;UNIDADE URGENCIA/EMERGENCIA;2023;5;2;30;0,06666666666666667
CSSI;UNIDADE URGENCIA/EMERGENCIA;2023;6;8;38;0,21052631578947367
CSSI;UNIDADE URGENCIA/EMERGENCIA;2023;7;8;24;0,3333333333333333
CSSI;UNIDADE URGENCIA/EMERGENCIA;2023;8;4;28;0,14285714285714285
CSSI;UNIDADE URGENCIA/EMERGENCIA;2023;9;1;25;0,04
CSSI;UNIDADE URGÊNCIA/EMERGÊNCIA - OBSERVAÇÃO;2023;9;0;1;0,0
CSSI;UNIDADE URGÊNCIA/EMERGÊNCIA - OBSERVAÇÃO;2023;10;0;1;0,0
CSSI;UNIDADE URGÊNCIA/EMERGÊNCIA - OBSERVAÇÃO;2023;11;0;1;0,0
CSSI;UNIDADE URGÊNCIA/EMERGÊNCIA - OBSERVAÇÃO;2023;12;0;2;0,0
CSSI;UNIDADE URGÊNCIA/EMERGÊNCIA - OBSERVAÇÃO;2024;1;0;1;0,0
CSSI;UNIDADE URGÊNCIA/EMERGÊNCIA - OBSERVAÇÃO;2024;2;0;3;0,0
CSSI;UNIDADE URGÊNCIA/EMERGÊNCIA - OBSERVAÇÃO;2024;3;0;2;0,0
CSSI;UNIDADE URGÊNCIA/EMERGÊNCIA - OBSERVAÇÃO;2024;4;0;2;0,0
CSSI;UNIDADE URGÊNCIA/EMERGÊNCIA - OBSERVAÇÃO;2024;5;0;3;0,0
CSSI;UNIDADE URGÊNCIA/EMERGÊNCIA - OBSERVAÇÃO;2024;6;0;1;0,0
CSSI;UNIDADE URGÊNCIA/EMERGÊNCIA - OBSERVAÇÃO;2024;11;0;1;0,0
CSSI;UNIDADE URGÊNCIA/EMERGÊNCIA - OBSERVAÇÃO;2024;12;0;1;0,0
CSSI;UNIDADE URGÊNCIA/EMERGÊNCIA - OBSERVAÇÃO;2025;1;2;3;0,6666666666666666
CSSI;UNIDADE URGÊNCIA/EMERGÊNCIA - OBSERVAÇÃO;2025;2;1;6;0,16666666666666666
CSSI;UNIDADE URGÊNCIA/EMERGÊNCIA - OBSERVAÇÃO;2025;3;1;9;0,1111111111111111
CSSI;UNIDADE URGÊNCIA/EMERGÊNCIA - OBSERVAÇÃO;2025;4;0;3;0,0
CSSI;UNIDADE URGÊNCIA/EMERGÊNCIA - OBSERVAÇÃO;2025;6;0;3;0,0
CSSI;UNIDADE URGÊNCIA/EMERGÊNCIA - OBSERVAÇÃO;2025;7;1;2;0,5
CSSI;UNIDADE URGÊNCIA/EMERGÊNCIA - OBSERVAÇÃO;2025;8;2;3;0,6666666666666666
CSSI;UNIDADE URGÊNCIA/EMERGÊNCIA - OBSERVAÇÃO;2025;9;3;3;1,0
CSSI;UNIDADE URGÊNCIA/EMERGÊNCIA - OBSERVAÇÃO;2025;10;3;3;1,0
CSSI;UNIDADE URGÊNCIA/EMERGÊNCIA - OBSERVAÇÃO;2025;11;3;2;1,5
CSSI;UNIDADE URGÊNCIA/EMERGÊNCIA - OBSERVAÇÃO;2025;12;0;1;0,0
CSSI;UNIDADE URGÊNCIA/EMERGÊNCIA - OBSERVAÇÃO;2026;1;1;5;0,2
CSSI;UNIDADE URGÊNCIA/EMERGÊNCIA - OBSERVAÇÃO;2026;2;1;6;0,16666666666666666
CSSI;UNIDADE URGÊNCIA/EMERGÊNCIA - OBSERVAÇÃO;2026;3;1;6;0,16666666666666666
CSSI;UNIDADE URGÊNCIA/EMERGÊNCIA - OBSERVAÇÃO;2026;4;1;7;0,14285714285714285
CSSI;UNIDADE URGÊNCIA/EMERGÊNCIA - OBSERVAÇÃO;2026;5;1;5;0,2
CSSI;UNIDADES DE CUIDADOS PROLONGADOS - UCP;2023;9;0;1;0,0
CSSI;UNIDADES DE CUIDADOS PROLONGADOS - UCP;2023;10;3;11;0,2727272727272727
CSSI;UNIDADES DE CUIDADOS PROLONGADOS - UCP;2023;11;5;12;0,4166666666666667
CSSI;UNIDADES DE CUIDADOS PROLONGADOS - UCP;2023;12;1;14;0,07142857142857142
CSSI;UNIDADES DE CUIDADOS PROLONGADOS - UCP;2024;1;1;7;0,14285714285714285
CSSI;UNIDADES DE CUIDADOS PROLONGADOS - UCP;2024;2;3;13;0,23076923076923078
CSSI;UNIDADES DE CUIDADOS PROLONGADOS - UCP;2024;3;1;15;0,06666666666666667
CSSI;UNIDADES DE CUIDADOS PROLONGADOS - UCP;2024;4;1;14;0,07142857142857142
CSSI;UNIDADES DE CUIDADOS PROLONGADOS - UCP;2024;5;4;18;0,2222222222222222
CSSI;UNIDADES DE CUIDADOS PROLONGADOS - UCP;2024;6;3;16;0,1875
CSSI;UNIDADES DE CUIDADOS PROLONGADOS - UCP;2024;7;3;18;0,16666666666666666
CSSI;UNIDADES DE CUIDADOS PROLONGADOS - UCP;2024;8;3;16;0,1875
CSSI;UNIDADES DE CUIDADOS PROLONGADOS - UCP;2024;9;4;18;0,2222222222222222
CSSI;UNIDADES DE CUIDADOS PROLONGADOS - UCP;2024;10;2;13;0,15384615384615385
CSSI;UNIDADES DE CUIDADOS PROLONGADOS - UCP;2024;11;2;6;0,3333333333333333
CSSI;UNIDADES DE CUIDADOS PROLONGADOS - UCP;2024;12;2;10;0,2
CSSI;UNIDADES DE CUIDADOS PROLONGADOS - UCP;2025;1;4;11;0,36363636363636365
CSSI;UNIDADES DE CUIDADOS PROLONGADOS - UCP;2025;2;2;10;0,2
CSSI;UNIDADES DE CUIDADOS PROLONGADOS - UCP;2025;3;0;9;0,0
CSSI;UNIDADES DE CUIDADOS PROLONGADOS - UCP;2025;4;1;7;0,14285714285714285
CSSI;UNIDADES DE CUIDADOS PROLONGADOS - UCP;2025;5;5;11;0,45454545454545453
CSSI;UNIDADES DE CUIDADOS PROLONGADOS - UCP;2025;6;1;10;0,1
CSSI;UNIDADES DE CUIDADOS PROLONGADOS - UCP;2025;7;2;8;0,25
CSSI;UNIDADES DE CUIDADOS PROLONGADOS - UCP;2025;8;0;10;0,0
CSSI;UNIDADES DE CUIDADOS PROLONGADOS - UCP;2025;9;3;9;0,3333333333333333
CSSI;UNIDADES DE CUIDADOS PROLONGADOS - UCP;2025;10;0;9;0,0
CSSI;UNIDADES DE CUIDADOS PROLONGADOS - UCP;2025;11;1;7;0,14285714285714285
CSSI;UNIDADES DE CUIDADOS PROLONGADOS - UCP;2025;12;2;4;0,5
CSSI;UNIDADES DE CUIDADOS PROLONGADOS - UCP;2026;1;0;7;0,0
CSSI;UNIDADES DE CUIDADOS PROLONGADOS - UCP;2026;2;0;6;0,0
CSSI;UNIDADES DE CUIDADOS PROLONGADOS - UCP;2026;3;1;7;0,14285714285714285
CSSI;UNIDADES DE CUIDADOS PROLONGADOS - UCP;2026;4;4;8;0,5
CSSI;UNIDADES DE CUIDADOS PROLONGADOS - UCP;2026;5;3;7;0,42857142857142855
HAC;AMBULATORIO - ESPECIALIDADES;2019;4;0;2;0,0
HAC;AMBULATORIO - ESPECIALIDADES;2019;5;0;2;0,0
HAC;AMBULATORIO - ESPECIALIDADES;2019;6;0;6;0,0
HAC;AMBULATORIO - ESPECIALIDADES;2019;7;0;1;0,0
HAC;AMBULATORIO - ESPECIALIDADES;2019;8;0;1;0,0
HAC;AMBULATORIO - ESPECIALIDADES;2019;9;0;1;0,0
HAC;AMBULATORIO - ESPECIALIDADES;2019;10;0;2;0,0
HAC;AMBULATORIO - ESPECIALIDADES;2019;11;0;1;0,0
HAC;AMBULATORIO - ESPECIALIDADES;2019;12;0;1;0,0
HAC;AMBULATORIO - ESPECIALIDADES;2020;2;0;1;0,0
HAC;AMBULATORIO - ESPECIALIDADES;2020;4;0;1;0,0
HAC;AMBULATORIO - ESPECIALIDADES;2020;6;0;2;0,0
HAC;AMBULATORIO - ESPECIALIDADES;2020;7;0;1;0,0
HAC;AMBULATORIO - ESPECIALIDADES;2020;8;0;1;0,0
HAC;AMBULATORIO - ESPECIALIDADES;2020;11;0;1;0,0
HAC;AMBULATORIO - ESPECIALIDADES;2020;12;0;1;0,0
HAC;AMBULATORIO - ESPECIALIDADES;2021;1;0;1;0,0
HAC;AMBULATORIO - ESPECIALIDADES;2021;2;0;1;0,0
HAC;AMBULATORIO - ESPECIALIDADES;2021;3;0;1;0,0
HAC;AMBULATORIO - ESPECIALIDADES;2021;6;0;1;0,0
HAC;AMBULATORIO - ESPECIALIDADES;2021;7;0;3;0,0
HAC;AMBULATORIO - ESPECIALIDADES;2021;8;0;1;0,0
HAC;AMBULATORIO - ESPECIALIDADES;2021;11;0;2;0,0
HAC;AMBULATORIO - ESPECIALIDADES;2021;12;0;1;0,0
HAC;AMBULATORIO - ESPECIALIDADES;2022;1;0;2;0,0
HAC;AMBULATORIO - ESPECIALIDADES;2022;2;0;1;0,0
HAC;AMBULATORIO - ESPECIALIDADES;2022;4;0;3;0,0
HAC;AMBULATORIO - ESPECIALIDADES;2022;5;0;2;0,0
HAC;AMBULATORIO - ESPECIALIDADES;2022;8;0;3;0,0
HAC;AMBULATORIO - ESPECIALIDADES;2022;9;0;5;0,0
HAC;AMBULATORIO - ESPECIALIDADES;2022;10;0;1;0,0
HAC;AMBULATORIO - ESPECIALIDADES;2022;11;0;1;0,0
HAC;AMBULATORIO - ESPECIALIDADES;2022;12;0;2;0,0
HAC;AMBULATORIO - ESPECIALIDADES;2023;1;0;1;0,0
HAC;AMBULATORIO - ESPECIALIDADES;2023;2;0;1;0,0
HAC;AMBULATORIO - ESPECIALIDADES;2023;5;0;1;0,0
HAC;AMBULATORIO - ESPECIALIDADES;2023;8;0;1;0,0
HAC;AMBULATORIO - ESPECIALIDADES;2023;9;0;3;0,0
HAC;AMBULATORIO - ESPECIALIDADES;2023;10;0;2;0,0
HAC;AMBULATORIO - ESPECIALIDADES;2023;11;0;3;0,0
HAC;AMBULATORIO - ESPECIALIDADES;2023;12;0;2;0,0
HAC;AMBULATORIO - ESPECIALIDADES;2024;1;0;1;0,0
HAC;AMBULATORIO - ESPECIALIDADES;2024;2;0;2;0,0
HAC;AMBULATORIO - ESPECIALIDADES;2024;3;0;3;0,0
HAC;AMBULATORIO - ESPECIALIDADES;2024;4;0;4;0,0
HAC;AMBULATORIO - ESPECIALIDADES;2024;5;0;1;0,0
HAC;AMBULATORIO - ESPECIALIDADES;2024;6;0;1;0,0
HAC;AMBULATORIO - ESPECIALIDADES;2024;7;0;2;0,0
HAC;AMBULATORIO - ESPECIALIDADES;2024;8;0;2;0,0
HAC;AMBULATORIO - ESPECIALIDADES;2024;9;0;2;0,0
HAC;AMBULATORIO - ESPECIALIDADES;2024;12;0;2;0,0
HAC;AMBULATORIO - ESPECIALIDADES;2025;2;0;2;0,0
HAC;AMBULATORIO - ESPECIALIDADES;2025;3;0;1;0,0
HAC;AMBULATORIO - ESPECIALIDADES;2025;4;0;2;0,0
HAC;AMBULATORIO - ESPECIALIDADES;2025;6;0;1;0,0
HAC;AMBULATORIO - ESPECIALIDADES;2025;7;0;3;0,0
HAC;AMBULATORIO - ESPECIALIDADES;2025;8;0;1;0,0
HAC;AMBULATORIO - ESPECIALIDADES;2025;9;0;1;0,0
HAC;AMBULATORIO DE ONCOLOGIA CLINICA;2022;5;0;2;0,0
HAC;AMBULATORIO DE ONCOLOGIA CLINICA;2023;2;0;1;0,0
HAC;AMBULATORIO DE ONCOLOGIA CLINICA;2023;3;0;1;0,0
HAC;AMBULATORIO DE ONCOLOGIA CLINICA;2023;7;0;1;0,0
HAC;AMBULATORIO DE ONCOLOGIA CLINICA;2023;9;0;1;0,0
HAC;AMBULATORIO DE ONCOLOGIA CLINICA;2024;2;0;1;0,0
HAC;AMBULATORIO DE ONCOLOGIA CLINICA;2024;7;0;1;0,0
HAC;AMBULATORIO DE ONCOLOGIA CLINICA;2024;8;0;1;0,0
HAC;AMBULATORIO DE ONCOLOGIA CLINICA;2025;1;0;1;0,0
HAC;AMBULATORIO DE ONCOLOGIA CLINICA;2025;5;0;1;0,0
HAC;AMBULATORIO DE ONCOLOGIA CLINICA;2025;8;0;4;0,0
HAC;AMBULATORIO DE ONCOLOGIA CLINICA;2025;10;0;1;0,0
HAC;AMBULATORIO DE ONCOLOGIA ESPECIALIDADES;2024;9;0;1;0,0
HAC;AMBULATORIO DE ONCOLOGIA ESPECIALIDADES;2024;11;0;1;0,0
HAC;AMBULATORIO DE ONCOLOGIA ESPECIALIDADES;2025;4;0;1;0,0
HAC;CTI ADULTO;2025;10;2;7;0,2857142857142857
HAC;CTI ADULTO;2025;11;1;6;0,16666666666666666
HAC;CTI ADULTO;2025;12;1;7;0,14285714285714285
HAC;CTI ADULTO;2026;1;2;15;0,13333333333333333
HAC;CTI ADULTO;2026;2;4;8;0,5
HAC;CTI ADULTO;2026;3;4;11;0,36363636363636365
HAC;CTI ADULTO;2026;4;7;12;0,5833333333333334
HAC;CTI ADULTO;2026;5;4;6;0,6666666666666666
HAC;QUIMIOTERAPIA;2019;2;0;1;0,0
HAC;QUIMIOTERAPIA;2019;5;0;1;0,0
HAC;QUIMIOTERAPIA;2019;7;0;1;0,0
HAC;QUIMIOTERAPIA;2019;8;0;1;0,0
HAC;QUIMIOTERAPIA;2019;10;0;2;0,0
HAC;QUIMIOTERAPIA;2019;12;0;1;0,0
HAC;QUIMIOTERAPIA;2020;2;0;2;0,0
HAC;QUIMIOTERAPIA;2020;3;0;2;0,0
HAC;QUIMIOTERAPIA;2020;4;0;1;0,0
HAC;QUIMIOTERAPIA;2020;5;0;1;0,0
HAC;QUIMIOTERAPIA;2020;6;0;1;0,0
HAC;QUIMIOTERAPIA;2020;8;0;1;0,0
HAC;QUIMIOTERAPIA;2020;9;0;1;0,0
HAC;QUIMIOTERAPIA;2020;10;0;1;0,0
HAC;QUIMIOTERAPIA;2021;3;0;1;0,0
HAC;QUIMIOTERAPIA;2021;6;0;1;0,0
HAC;QUIMIOTERAPIA;2021;7;0;1;0,0
HAC;QUIMIOTERAPIA;2021;10;0;1;0,0
HAC;QUIMIOTERAPIA;2021;11;0;3;0,0
HAC;QUIMIOTERAPIA;2021;12;0;1;0,0
HAC;QUIMIOTERAPIA;2022;1;0;1;0,0
HAC;QUIMIOTERAPIA;2022;2;0;1;0,0
HAC;QUIMIOTERAPIA;2022;4;0;1;0,0
HAC;QUIMIOTERAPIA;2022;5;0;2;0,0
HAC;QUIMIOTERAPIA;2022;12;0;1;0,0
HAC;QUIMIOTERAPIA;2023;2;0;2;0,0
HAC;QUIMIOTERAPIA;2023;4;0;1;0,0
HAC;QUIMIOTERAPIA;2023;5;0;1;0,0
HAC;QUIMIOTERAPIA;2023;6;0;1;0,0
HAC;QUIMIOTERAPIA;2024;1;0;1;0,0
HAC;QUIMIOTERAPIA;2024;2;0;2;0,0
HAC;QUIMIOTERAPIA;2024;4;0;2;0,0
HAC;QUIMIOTERAPIA;2024;6;0;1;0,0
HAC;QUIMIOTERAPIA;2024;7;0;2;0,0
HAC;QUIMIOTERAPIA;2024;8;0;1;0,0
HAC;QUIMIOTERAPIA;2024;9;0;2;0,0
HAC;QUIMIOTERAPIA;2024;10;0;2;0,0
HAC;QUIMIOTERAPIA;2024;11;0;4;0,0
HAC;QUIMIOTERAPIA;2025;5;0;1;0,0
HAC;QUIMIOTERAPIA;2025;6;0;1;0,0
HAC;UDC - OBSERVAÇÃO;2025;10;0;8;0,0
HAC;UDC - OBSERVAÇÃO;2025;11;2;27;0,07407407407407407
HAC;UDC - OBSERVAÇÃO;2025;12;1;12;0,08333333333333333
HAC;UDC - OBSERVAÇÃO;2026;1;0;6;0,0
HAC;UDC - OBSERVAÇÃO;2026;2;1;12;0,08333333333333333
HAC;UDC - OBSERVAÇÃO;2026;3;9;25;0,36
HAC;UDC - OBSERVAÇÃO;2026;4;4;19;0,21052631578947367
HAC;UDC - OBSERVAÇÃO;2026;5;3;19;0,15789473684210525
HAC;UNIDADE DE DECISAO CLINICA;2021;5;0;5;0,0
HAC;UNIDADE DE DECISAO CLINICA;2021;6;4;29;0,13793103448275862
HAC;UNIDADE DE DECISAO CLINICA;2021;7;0;15;0,0
HAC;UNIDADE DE DECISAO CLINICA;2021;8;6;18;0,3333333333333333
HAC;UNIDADE DE DECISAO CLINICA;2021;9;0;13;0,0
HAC;UNIDADE DE INTERNAÇÃO - CLÍNICA CIRÚRGICA;2025;10;12;62;0,1935483870967742
HAC;UNIDADE DE INTERNAÇÃO - CLÍNICA CIRÚRGICA;2025;11;28;96;0,2916666666666667
HAC;UNIDADE DE INTERNAÇÃO - CLÍNICA CIRÚRGICA;2025;12;39;111;0,35135135135135137
HAC;UNIDADE DE INTERNAÇÃO - CLÍNICA CIRÚRGICA;2026;1;37;96;0,3854166666666667
HAC;UNIDADE DE INTERNAÇÃO - CLÍNICA CIRÚRGICA;2026;2;29;78;0,3717948717948718
HAC;UNIDADE DE INTERNAÇÃO - CLÍNICA CIRÚRGICA;2026;3;38;124;0,3064516129032258
HAC;UNIDADE DE INTERNAÇÃO - CLÍNICA CIRÚRGICA;2026;4;41;98;0,41836734693877553
HAC;UNIDADE DE INTERNAÇÃO - CLÍNICA CIRÚRGICA;2026;5;40;96;0,4166666666666667
HAC;UNIDADE DE INTERNAÇÃO - CLÍNICA MÉDICA;2025;10;19;121;0,15702479338842976
HAC;UNIDADE DE INTERNAÇÃO - CLÍNICA MÉDICA;2025;11;57;175;0,32571428571428573
HAC;UNIDADE DE INTERNAÇÃO - CLÍNICA MÉDICA;2025;12;38;167;0,2275449101796407
HAC;UNIDADE DE INTERNAÇÃO - CLÍNICA MÉDICA;2026;1;45;170;0,2647058823529412
HAC;UNIDADE DE INTERNAÇÃO - CLÍNICA MÉDICA;2026;2;52;160;0,325
HAC;UNIDADE DE INTERNAÇÃO - CLÍNICA MÉDICA;2026;3;62;168;0,36904761904761907
HAC;UNIDADE DE INTERNAÇÃO - CLÍNICA MÉDICA;2026;4;52;192;0,2708333333333333
HAC;UNIDADE DE INTERNAÇÃO - CLÍNICA MÉDICA;2026;5;66;199;0,3316582914572864
HAC;UNIDADE INTERNAÇÃO - CIRURGIA GERAL;2019;1;50;167;0,2994011976047904
HAC;UNIDADE INTERNAÇÃO - CIRURGIA GERAL;2019;2;74;178;0,4157303370786517
HAC;UNIDADE INTERNAÇÃO - CIRURGIA GERAL;2019;3;59;163;0,3619631901840491
HAC;UNIDADE INTERNAÇÃO - CIRURGIA GERAL;2019;4;75;190;0,39473684210526316
HAC;UNIDADE INTERNAÇÃO - CIRURGIA GERAL;2019;5;72;187;0,3850267379679144
HAC;UNIDADE INTERNAÇÃO - CIRURGIA GERAL;2019;6;69;188;0,3670212765957447
HAC;UNIDADE INTERNAÇÃO - CIRURGIA GERAL;2019;7;59;168;0,35119047619047616
HAC;UNIDADE INTERNAÇÃO - CIRURGIA GERAL;2019;8;58;172;0,3372093023255814
HAC;UNIDADE INTERNAÇÃO - CIRURGIA GERAL;2019;9;57;139;0,41007194244604317
HAC;UNIDADE INTERNAÇÃO - CIRURGIA GERAL;2019;10;48;159;0,3018867924528302
HAC;UNIDADE INTERNAÇÃO - CIRURGIA GERAL;2019;11;59;154;0,38311688311688313
HAC;UNIDADE INTERNAÇÃO - CIRURGIA GERAL;2019;12;54;144;0,375
HAC;UNIDADE INTERNAÇÃO - CIRURGIA GERAL;2020;1;37;104;0,3557692307692308
HAC;UNIDADE INTERNAÇÃO - CIRURGIA GERAL;2020;2;52;143;0,36363636363636365
HAC;UNIDADE INTERNAÇÃO - CIRURGIA GERAL;2020;3;48;139;0,34532374100719426
HAC;UNIDADE INTERNAÇÃO - CIRURGIA GERAL;2020;4;29;118;0,2457627118644068
HAC;UNIDADE INTERNAÇÃO - CIRURGIA GERAL;2020;5;17;113;0,1504424778761062
HAC;UNIDADE INTERNAÇÃO - CIRURGIA GERAL;2020;6;25;105;0,23809523809523808
HAC;UNIDADE INTERNAÇÃO - CIRURGIA GERAL;2020;7;24;105;0,22857142857142856
HAC;UNIDADE INTERNAÇÃO - CIRURGIA GERAL;2020;8;24;115;0,20869565217391303
HAC;UNIDADE INTERNAÇÃO - CIRURGIA GERAL;2020;9;21;109;0,1926605504587156
HAC;UNIDADE INTERNAÇÃO - CIRURGIA GERAL;2020;10;37;120;0,30833333333333335
HAC;UNIDADE INTERNAÇÃO - CIRURGIA GERAL;2020;11;31;119;0,2605042016806723
HAC;UNIDADE INTERNAÇÃO - CIRURGIA GERAL;2020;12;36;129;0,27906976744186046
HAC;UNIDADE INTERNAÇÃO - CIRURGIA GERAL;2021;1;31;101;0,3069306930693069
HAC;UNIDADE INTERNAÇÃO - CIRURGIA GERAL;2021;2;36;97;0,3711340206185567
HAC;UNIDADE INTERNAÇÃO - CIRURGIA GERAL;2021;3;54;141;0,3829787234042553
HAC;UNIDADE INTERNAÇÃO - CIRURGIA GERAL;2021;4;53;124;0,4274193548387097
HAC;UNIDADE INTERNAÇÃO - CIRURGIA GERAL;2021;5;76;144;0,5277777777777778
HAC;UNIDADE INTERNAÇÃO - CIRURGIA GERAL;2021;6;60;133;0,45112781954887216
HAC;UNIDADE INTERNAÇÃO - CIRURGIA GERAL;2021;7;52;143;0,36363636363636365
HAC;UNIDADE INTERNAÇÃO - CIRURGIA GERAL;2021;8;58;129;0,4496124031007752
HAC;UNIDADE INTERNAÇÃO - CIRURGIA GERAL;2021;9;56;124;0,45161290322580644
HAC;UNIDADE INTERNAÇÃO - CIRURGIA GERAL;2021;10;50;108;0,46296296296296297
HAC;UNIDADE INTERNAÇÃO - CIRURGIA GERAL;2021;11;46;109;0,42201834862385323
HAC;UNIDADE INTERNAÇÃO - CIRURGIA GERAL;2021;12;34;107;0,3177570093457944
HAC;UNIDADE INTERNAÇÃO - CIRURGIA GERAL;2022;1;28;61;0,45901639344262296
HAC;UNIDADE INTERNAÇÃO - CIRURGIA GERAL;2022;2;28;79;0,35443037974683544
HAC;UNIDADE INTERNAÇÃO - CIRURGIA GERAL;2022;3;45;88;0,5113636363636364
HAC;UNIDADE INTERNAÇÃO - CIRURGIA GERAL;2022;4;33;90;0,36666666666666664
HAC;UNIDADE INTERNAÇÃO - CIRURGIA GERAL;2022;5;43;116;0,3706896551724138
HAC;UNIDADE INTERNAÇÃO - CIRURGIA GERAL;2022;6;42;117;0,358974358974359
HAC;UNIDADE INTERNAÇÃO - CIRURGIA GERAL;2022;7;55;105;0,5238095238095238
HAC;UNIDADE INTERNAÇÃO - CIRURGIA GERAL;2022;8;48;126;0,38095238095238093
HAC;UNIDADE INTERNAÇÃO - CIRURGIA GERAL;2022;9;17;42;0,40476190476190477
HAC;UNIDADE INTERNAÇÃO - CLINICA CIRURGICA;2022;9;17;60;0,2833333333333333
HAC;UNIDADE INTERNAÇÃO - CLINICA CIRURGICA;2022;10;45;121;0,371900826446281
HAC;UNIDADE INTERNAÇÃO - CLINICA CIRURGICA;2022;11;41;93;0,44086021505376344
HAC;UNIDADE INTERNAÇÃO - CLINICA CIRURGICA;2022;12;32;109;0,29357798165137616
HAC;UNIDADE INTERNAÇÃO - CLINICA CIRURGICA;2023;1;37;94;0,39361702127659576
HAC;UNIDADE INTERNAÇÃO - CLINICA CIRURGICA;2023;2;44;114;0,38596491228070173
HAC;UNIDADE INTERNAÇÃO - CLINICA CIRURGICA;2023;3;65;172;0,37790697674418605
HAC;UNIDADE INTERNAÇÃO - CLINICA CIRURGICA;2023;4;52;133;0,39097744360902253
HAC;UNIDADE INTERNAÇÃO - CLINICA CIRURGICA;2023;5;63;144;0,4375
HAC;UNIDADE INTERNAÇÃO - CLINICA CIRURGICA;2023;6;60;154;0,38961038961038963
HAC;UNIDADE INTERNAÇÃO - CLINICA CIRURGICA;2023;7;65;160;0,40625
HAC;UNIDADE INTERNAÇÃO - CLINICA CIRURGICA;2023;8;60;162;0,37037037037037035
HAC;UNIDADE INTERNAÇÃO - CLINICA CIRURGICA;2023;9;63;138;0,45652173913043476
HAC;UNIDADE INTERNAÇÃO - CLINICA CIRURGICA;2023;10;66;152;0,4342105263157895
HAC;UNIDADE INTERNAÇÃO - CLINICA CIRURGICA;2023;11;54;121;0,4462809917355372
HAC;UNIDADE INTERNAÇÃO - CLINICA CIRURGICA;2023;12;52;143;0,36363636363636365
HAC;UNIDADE INTERNAÇÃO - CLINICA CIRURGICA;2024;1;39;121;0,32231404958677684
HAC;UNIDADE INTERNAÇÃO - CLINICA CIRURGICA;2024;2;49;132;0,3712121212121212
HAC;UNIDADE INTERNAÇÃO - CLINICA CIRURGICA;2024;3;70;151;0,46357615894039733
HAC;UNIDADE INTERNAÇÃO - CLINICA CIRURGICA;2024;4;70;142;0,49295774647887325
HAC;UNIDADE INTERNAÇÃO - CLINICA CIRURGICA;2024;5;73;135;0,5407407407407407
HAC;UNIDADE INTERNAÇÃO - CLINICA CIRURGICA;2024;6;67;138;0,4855072463768116
HAC;UNIDADE INTERNAÇÃO - CLINICA CIRURGICA;2024;7;48;121;0,39669421487603307
HAC;UNIDADE INTERNAÇÃO - CLINICA CIRURGICA;2024;8;66;134;0,4925373134328358
HAC;UNIDADE INTERNAÇÃO - CLINICA CIRURGICA;2024;9;74;142;0,5211267605633803
HAC;UNIDADE INTERNAÇÃO - CLINICA CIRURGICA;2024;10;62;158;0,3924050632911392
HAC;UNIDADE INTERNAÇÃO - CLINICA CIRURGICA;2024;11;59;150;0,3933333333333333
HAC;UNIDADE INTERNAÇÃO - CLINICA CIRURGICA;2024;12;71;141;0,5035460992907801
HAC;UNIDADE INTERNAÇÃO - CLINICA CIRURGICA;2025;1;49;131;0,37404580152671757
HAC;UNIDADE INTERNAÇÃO - CLINICA CIRURGICA;2025;2;45;109;0,41284403669724773
HAC;UNIDADE INTERNAÇÃO - CLINICA CIRURGICA;2025;3;43;119;0,36134453781512604
HAC;UNIDADE INTERNAÇÃO - CLINICA CIRURGICA;2025;4;65;139;0,4676258992805755
HAC;UNIDADE INTERNAÇÃO - CLINICA CIRURGICA;2025;5;61;122;0,5
HAC;UNIDADE INTERNAÇÃO - CLINICA CIRURGICA;2025;6;43;122;0,3524590163934426
HAC;UNIDADE INTERNAÇÃO - CLINICA CIRURGICA;2025;7;37;101;0,36633663366336633
HAC;UNIDADE INTERNAÇÃO - CLINICA CIRURGICA;2025;8;35;121;0,2892561983471074
HAC;UNIDADE INTERNAÇÃO - CLINICA CIRURGICA;2025;9;43;106;0,4056603773584906
HAC;UNIDADE INTERNAÇÃO - CLINICA CIRURGICA;2025;10;13;54;0,24074074074074073
HAC;UNIDADE INTERNAÇÃO - CLINICA MÉDICA;2019;1;6;114;0,05263157894736842
HAC;UNIDADE INTERNAÇÃO - CLINICA MÉDICA;2019;2;26;112;0,23214285714285715
HAC;UNIDADE INTERNAÇÃO - CLINICA MÉDICA;2019;3;18;112;0,16071428571428573
HAC;UNIDADE INTERNAÇÃO - CLINICA MÉDICA;2019;4;17;104;0,16346153846153846
HAC;UNIDADE INTERNAÇÃO - CLINICA MÉDICA;2019;5;14;114;0,12280701754385964
HAC;UNIDADE INTERNAÇÃO - CLINICA MÉDICA;2019;6;16;111;0,14414414414414414
HAC;UNIDADE INTERNAÇÃO - CLINICA MÉDICA;2019;7;13;106;0,12264150943396226
HAC;UNIDADE INTERNAÇÃO - CLINICA MÉDICA;2019;8;19;108;0,17592592592592593
HAC;UNIDADE INTERNAÇÃO - CLINICA MÉDICA;2019;9;22;111;0,1981981981981982
HAC;UNIDADE INTERNAÇÃO - CLINICA MÉDICA;2019;10;23;120;0,19166666666666668
HAC;UNIDADE INTERNAÇÃO - CLINICA MÉDICA;2019;11;19;115;0,16521739130434782
HAC;UNIDADE INTERNAÇÃO - CLINICA MÉDICA;2019;12;29;133;0,21804511278195488
HAC;UNIDADE INTERNAÇÃO - CLINICA MÉDICA;2020;1;21;124;0,1693548387096774
HAC;UNIDADE INTERNAÇÃO - CLINICA MÉDICA;2020;2;19;95;0,2
HAC;UNIDADE INTERNAÇÃO - CLINICA MÉDICA;2020;3;10;128;0,078125
HAC;UNIDADE INTERNAÇÃO - CLINICA MÉDICA;2020;4;18;103;0,17475728155339806
HAC;UNIDADE INTERNAÇÃO - CLINICA MÉDICA;2020;5;16;113;0,1415929203539823
HAC;UNIDADE INTERNAÇÃO - CLINICA MÉDICA;2020;6;16;124;0,12903225806451613
HAC;UNIDADE INTERNAÇÃO - CLINICA MÉDICA;2020;7;16;124;0,12903225806451613
HAC;UNIDADE INTERNAÇÃO - CLINICA MÉDICA;2020;8;19;117;0,1623931623931624
HAC;UNIDADE INTERNAÇÃO - CLINICA MÉDICA;2020;9;19;107;0,17757009345794392
HAC;UNIDADE INTERNAÇÃO - CLINICA MÉDICA;2020;10;17;116;0,14655172413793102
HAC;UNIDADE INTERNAÇÃO - CLINICA MÉDICA;2020;11;18;107;0,16822429906542055
HAC;UNIDADE INTERNAÇÃO - CLINICA MÉDICA;2020;12;16;117;0,13675213675213677
HAC;UNIDADE INTERNAÇÃO - CLINICA MÉDICA;2021;1;24;97;0,24742268041237114
HAC;UNIDADE INTERNAÇÃO - CLINICA MÉDICA;2021;2;8;90;0,08888888888888889
HAC;UNIDADE INTERNAÇÃO - CLINICA MÉDICA;2021;3;13;104;0,125
HAC;UNIDADE INTERNAÇÃO - CLINICA MÉDICA;2021;4;5;91;0,054945054945054944
HAC;UNIDADE INTERNAÇÃO - CLINICA MÉDICA;2021;5;7;88;0,07954545454545454
HAC;UNIDADE INTERNAÇÃO - CLINICA MÉDICA;2021;6;10;91;0,10989010989010989
HAC;UNIDADE INTERNAÇÃO - CLINICA MÉDICA;2021;7;5;88;0,056818181818181816
HAC;UNIDADE INTERNAÇÃO - CLINICA MÉDICA;2021;8;5;106;0,04716981132075472
HAC;UNIDADE INTERNAÇÃO - CLINICA MÉDICA;2021;9;10;123;0,08130081300813008
HAC;UNIDADE INTERNAÇÃO - CLINICA MÉDICA;2021;10;16;150;0,10666666666666667
HAC;UNIDADE INTERNAÇÃO - CLINICA MÉDICA;2021;11;17;104;0,16346153846153846
HAC;UNIDADE INTERNAÇÃO - CLINICA MÉDICA;2021;12;20;119;0,16806722689075632
HAC;UNIDADE INTERNAÇÃO - CLINICA MÉDICA;2022;1;15;134;0,11194029850746269
HAC;UNIDADE INTERNAÇÃO - CLINICA MÉDICA;2022;2;12;100;0,12
HAC;UNIDADE INTERNAÇÃO - CLINICA MÉDICA;2022;3;29;103;0,2815533980582524
HAC;UNIDADE INTERNAÇÃO - CLINICA MÉDICA;2022;4;10;106;0,09433962264150944
HAC;UNIDADE INTERNAÇÃO - CLINICA MÉDICA;2022;5;16;120;0,13333333333333333
HAC;UNIDADE INTERNAÇÃO - CLINICA MÉDICA;2022;6;32;132;0,24242424242424243
HAC;UNIDADE INTERNAÇÃO - CLINICA MÉDICA;2022;7;31;134;0,23134328358208955
HAC;UNIDADE INTERNAÇÃO - CLINICA MÉDICA;2022;8;22;108;0,2037037037037037
HAC;UNIDADE INTERNAÇÃO - CLINICA MÉDICA;2022;9;6;83;0,07228915662650602
HAC;UNIDADE INTERNAÇÃO - CLINICA MÉDICA;2022;10;14;113;0,12389380530973451
HAC;UNIDADE INTERNAÇÃO - CLINICA MÉDICA;2022;11;13;90;0,14444444444444443
HAC;UNIDADE INTERNAÇÃO - CLINICA MÉDICA;2022;12;25;127;0,1968503937007874
HAC;UNIDADE INTERNAÇÃO - CLINICA MÉDICA;2023;1;13;102;0,12745098039215685
HAC;UNIDADE INTERNAÇÃO - CLINICA MÉDICA;2023;2;14;99;0,1414141414141414
HAC;UNIDADE INTERNAÇÃO - CLINICA MÉDICA;2023;3;22;115;0,19130434782608696
HAC;UNIDADE INTERNAÇÃO - CLINICA MÉDICA;2023;4;14;117;0,11965811965811966
HAC;UNIDADE INTERNAÇÃO - CLINICA MÉDICA;2023;5;13;107;0,12149532710280374
HAC;UNIDADE INTERNAÇÃO - CLINICA MÉDICA;2023;6;11;113;0,09734513274336283
HAC;UNIDADE INTERNAÇÃO - CLINICA MÉDICA;2023;7;16;100;0,16
HAC;UNIDADE INTERNAÇÃO - CLINICA MÉDICA;2023;8;12;99;0,12121212121212122
HAC;UNIDADE INTERNAÇÃO - CLINICA MÉDICA;2023;9;15;133;0,11278195488721804
HAC;UNIDADE INTERNAÇÃO - CLINICA MÉDICA;2023;10;23;119;0,19327731092436976
HAC;UNIDADE INTERNAÇÃO - CLINICA MÉDICA;2023;11;20;103;0,1941747572815534
HAC;UNIDADE INTERNAÇÃO - CLINICA MÉDICA;2023;12;21;112;0,1875
HAC;UNIDADE INTERNAÇÃO - CLINICA MÉDICA;2024;1;17;132;0,12878787878787878
HAC;UNIDADE INTERNAÇÃO - CLINICA MÉDICA;2024;2;32;149;0,21476510067114093
HAC;UNIDADE INTERNAÇÃO - CLINICA MÉDICA;2024;3;43;147;0,2925170068027211
HAC;UNIDADE INTERNAÇÃO - CLINICA MÉDICA;2024;4;51;170;0,3
HAC;UNIDADE INTERNAÇÃO - CLINICA MÉDICA;2024;5;45;165;0,2727272727272727
HAC;UNIDADE INTERNAÇÃO - CLINICA MÉDICA;2024;6;24;135;0,17777777777777778
HAC;UNIDADE INTERNAÇÃO - CLINICA MÉDICA;2024;7;27;158;0,17088607594936708
HAC;UNIDADE INTERNAÇÃO - CLINICA MÉDICA;2024;8;40;174;0,22988505747126436
HAC;UNIDADE INTERNAÇÃO - CLINICA MÉDICA;2024;9;44;137;0,32116788321167883
HAC;UNIDADE INTERNAÇÃO - CLINICA MÉDICA;2024;10;31;159;0,1949685534591195
HAC;UNIDADE INTERNAÇÃO - CLINICA MÉDICA;2024;11;44;164;0,2682926829268293
HAC;UNIDADE INTERNAÇÃO - CLINICA MÉDICA;2024;12;36;144;0,25
HAC;UNIDADE INTERNAÇÃO - CLINICA MÉDICA;2025;1;49;177;0,2768361581920904
HAC;UNIDADE INTERNAÇÃO - CLINICA MÉDICA;2025;2;38;156;0,24358974358974358
HAC;UNIDADE INTERNAÇÃO - CLINICA MÉDICA;2025;3;53;198;0,2676767676767677
HAC;UNIDADE INTERNAÇÃO - CLINICA MÉDICA;2025;4;50;180;0,2777777777777778
HAC;UNIDADE INTERNAÇÃO - CLINICA MÉDICA;2025;5;40;190;0,21052631578947367
HAC;UNIDADE INTERNAÇÃO - CLINICA MÉDICA;2025;6;45;176;0,2556818181818182
HAC;UNIDADE INTERNAÇÃO - CLINICA MÉDICA;2025;7;67;214;0,3130841121495327
HAC;UNIDADE INTERNAÇÃO - CLINICA MÉDICA;2025;8;39;173;0,2254335260115607
HAC;UNIDADE INTERNAÇÃO - CLINICA MÉDICA;2025;9;57;195;0,2923076923076923
HAC;UNIDADE INTERNAÇÃO - CLINICA MÉDICA;2025;10;20;81;0,24691358024691357
HAC;UNIDADE URGENCIA/EMERGENCIA;2019;1;2;34;0,058823529411764705
HAC;UNIDADE URGENCIA/EMERGENCIA;2019;2;5;49;0,10204081632653061
HAC;UNIDADE URGENCIA/EMERGENCIA;2019;3;4;50;0,08
HAC;UNIDADE URGENCIA/EMERGENCIA;2019;4;4;61;0,06557377049180328
HAC;UNIDADE URGENCIA/EMERGENCIA;2019;5;8;61;0,13114754098360656
HAC;UNIDADE URGENCIA/EMERGENCIA;2019;6;4;40;0,1
HAC;UNIDADE URGENCIA/EMERGENCIA;2019;7;2;36;0,05555555555555555
HAC;UNIDADE URGENCIA/EMERGENCIA;2019;8;3;38;0,07894736842105263
HAC;UNIDADE URGENCIA/EMERGENCIA;2019;9;4;29;0,13793103448275862
HAC;UNIDADE URGENCIA/EMERGENCIA;2019;10;3;30;0,1
HAC;UNIDADE URGENCIA/EMERGENCIA;2019;11;5;36;0,1388888888888889
HAC;UNIDADE URGENCIA/EMERGENCIA;2019;12;4;31;0,12903225806451613
HAC;UNIDADE URGENCIA/EMERGENCIA;2020;1;6;44;0,13636363636363635
HAC;UNIDADE URGENCIA/EMERGENCIA;2020;2;4;27;0,14814814814814814
HAC;UNIDADE URGENCIA/EMERGENCIA;2020;3;3;23;0,13043478260869565
HAC;UNIDADE URGENCIA/EMERGENCIA;2020;4;1;8;0,125
HAC;UNIDADE URGENCIA/EMERGENCIA;2020;5;2;14;0,14285714285714285
HAC;UNIDADE URGENCIA/EMERGENCIA;2020;6;3;15;0,2
HAC;UNIDADE URGENCIA/EMERGENCIA;2020;7;2;21;0,09523809523809523
HAC;UNIDADE URGENCIA/EMERGENCIA;2020;8;7;41;0,17073170731707318
HAC;UNIDADE URGENCIA/EMERGENCIA;2020;9;4;35;0,11428571428571428
HAC;UNIDADE URGENCIA/EMERGENCIA;2020;10;8;32;0,25
HAC;UNIDADE URGENCIA/EMERGENCIA;2020;11;5;39;0,1282051282051282
HAC;UNIDADE URGENCIA/EMERGENCIA;2020;12;10;27;0,37037037037037035
HAC;UNIDADE URGENCIA/EMERGENCIA;2021;1;8;37;0,21621621621621623
HAC;UNIDADE URGENCIA/EMERGENCIA;2021;2;3;29;0,10344827586206896
HAC;UNIDADE URGENCIA/EMERGENCIA;2021;3;5;27;0,18518518518518517
HAC;UNIDADE URGENCIA/EMERGENCIA;2021;4;7;29;0,2413793103448276
HAC;UNIDADE URGENCIA/EMERGENCIA;2021;5;4;18;0,2222222222222222
HAC;UTI;2019;1;4;9;0,4444444444444444
HAC;UTI;2019;2;2;4;0,5
HAC;UTI;2019;3;2;7;0,2857142857142857
HAC;UTI;2019;4;3;5;0,6
HAC;UTI;2019;5;1;12;0,08333333333333333
HAC;UTI;2019;6;1;5;0,2
HAC;UTI;2019;7;3;7;0,42857142857142855
HAC;UTI;2019;8;4;7;0,5714285714285714
HAC;UTI;2019;9;2;8;0,25
HAC;UTI;2019;10;4;7;0,5714285714285714
HAC;UTI;2019;11;1;4;0,25
HAC;UTI;2019;12;1;5;0,2
HAC;UTI;2020;1;1;3;0,3333333333333333
HAC;UTI;2020;2;5;8;0,625
HAC;UTI;2020;3;2;10;0,2
HAC;UTI;2020;4;5;11;0,45454545454545453
HAC;UTI;2020;5;3;9;0,3333333333333333
HAC;UTI;2020;6;1;7;0,14285714285714285
HAC;UTI;2020;7;4;10;0,4
HAC;UTI;2020;8;0;3;0,0
HAC;UTI;2020;9;1;4;0,25
HAC;UTI;2020;10;2;8;0,25
HAC;UTI;2020;11;1;3;0,3333333333333333
HAC;UTI;2020;12;0;3;0,0
HAC;UTI;2021;1;2;7;0,2857142857142857
HAC;UTI;2021;2;1;7;0,14285714285714285
HAC;UTI;2021;3;2;5;0,4
HAC;UTI;2021;4;2;10;0,2
HAC;UTI;2021;5;2;3;0,6666666666666666
HAC;UTI - ADULTO;2021;5;1;1;1,0
HAC;UTI - ADULTO;2021;6;5;12;0,4166666666666667
HAC;UTI - ADULTO;2021;7;3;7;0,42857142857142855
HAC;UTI - ADULTO;2021;8;3;9;0,3333333333333333
HAC;UTI - ADULTO;2021;9;2;6;0,3333333333333333
HAC;UTI - ADULTO;2021;10;4;10;0,4
HAC;UTI - ADULTO;2021;11;5;12;0,4166666666666667
HAC;UTI - ADULTO;2021;12;1;13;0,07692307692307693
HAC;UTI - ADULTO;2022;1;2;5;0,4
HAC;UTI - ADULTO;2022;2;1;4;0,25
HAC;UTI - ADULTO;2022;3;0;6;0,0
HAC;UTI - ADULTO;2022;4;4;7;0,5714285714285714
HAC;UTI - ADULTO;2022;5;6;13;0,46153846153846156
HAC;UTI - ADULTO;2022;6;2;8;0,25
HAC;UTI - ADULTO;2022;7;2;6;0,3333333333333333
HAC;UTI - ADULTO;2022;8;8;15;0,5333333333333333
HAC;UTI - ADULTO;2022;9;0;7;0,0
HAC;UTI - ADULTO;2022;10;1;8;0,125
HAC;UTI - ADULTO;2022;11;4;11;0,36363636363636365
HAC;UTI - ADULTO;2022;12;3;10;0,3
HAC;UTI - ADULTO;2023;1;5;7;0,7142857142857143
HAC;UTI - ADULTO;2023;2;2;7;0,2857142857142857
HAC;UTI - ADULTO;2023;3;4;10;0,4
HAC;UTI - ADULTO;2023;4;2;7;0,2857142857142857
HAC;UTI - ADULTO;2023;5;6;12;0,5
HAC;UTI - ADULTO;2023;6;7;9;0,7777777777777778
HAC;UTI - ADULTO;2023;7;3;10;0,3
HAC;UTI - ADULTO;2023;8;5;13;0,38461538461538464
HAC;UTI - ADULTO;2023;9;4;8;0,5
HAC;UTI - ADULTO;2023;10;2;5;0,4
HAC;UTI - ADULTO;2023;11;3;8;0,375
HAC;UTI - ADULTO;2023;12;2;8;0,25
HAC;UTI - ADULTO;2024;1;2;7;0,2857142857142857
HAC;UTI - ADULTO;2024;2;2;5;0,4
HAC;UTI - ADULTO;2024;3;1;6;0,16666666666666666
HAC;UTI - ADULTO;2024;4;1;9;0,1111111111111111
HAC;UTI - ADULTO;2024;5;3;10;0,3
HAC;UTI - ADULTO;2024;6;1;5;0,2
HAC;UTI - ADULTO;2024;7;1;7;0,14285714285714285
HAC;UTI - ADULTO;2024;8;2;12;0,16666666666666666
HAC;UTI - ADULTO;2024;9;2;9;0,2222222222222222
HAC;UTI - ADULTO;2024;10;3;6;0,5
HAC;UTI - ADULTO;2024;11;3;11;0,2727272727272727
HAC;UTI - ADULTO;2024;12;1;8;0,125
HAC;UTI - ADULTO;2025;1;1;9;0,1111111111111111
HAC;UTI - ADULTO;2025;2;2;8;0,25
HAC;UTI - ADULTO;2025;3;3;5;0,6
HAC;UTI - ADULTO;2025;4;1;7;0,14285714285714285
HAC;UTI - ADULTO;2025;5;6;14;0,42857142857142855
HAC;UTI - ADULTO;2025;6;4;6;0,6666666666666666
HAC;UTI - ADULTO;2025;7;2;8;0,25
HAC;UTI - ADULTO;2025;8;6;12;0,5
HAC;UTI - ADULTO;2025;9;2;8;0,25
HAC;UTI - ADULTO;2025;10;1;5;0,2
HCM;AMBULATORIO - ESPECIALIDADES;2019;8;0;1;0,0
HCM;AMBULATORIO - ESPECIALIDADES;2019;11;0;1;0,0
HCM;BLOCO CIRURGICO;2019;3;1;1;1,0
HCM;BLOCO CIRURGICO;2019;6;0;1;0,0
HCM;BLOCO CIRURGICO;2019;10;0;2;0,0
HCM;BLOCO CIRURGICO;2019;11;1;1;1,0
HCM;BLOCO CIRURGICO;2023;7;0;1;0,0
HCM;BLOCO CIRURGICO;2025;9;2;2;1,0
HCM;BLOCO CIRURGICO;2025;11;2;2;1,0
HCM;UCC - ALA C;2025;11;1;5;0,2
HCM;UCC - ALA C;2025;12;8;9;0,8888888888888888
HCM;UCC - ALA C;2026;1;10;12;0,8333333333333334
HCM;UCC - ALA C;2026;2;15;22;0,6818181818181818
HCM;UCC - ALA C;2026;3;24;40;0,6
HCM;UCC - ALA C;2026;4;33;52;0,6346153846153846
HCM;UCC - ALA C;2026;5;36;43;0,8372093023255814
HCM;UICP - ALA A;2025;11;1;3;0,3333333333333333
HCM;UICP - ALA A;2025;12;2;4;0,5
HCM;UICP - ALA A;2026;1;2;3;0,6666666666666666
HCM;UICP - ALA A;2026;2;1;2;0,5
HCM;UICP - ALA A;2026;3;0;4;0,0
HCM;UICP - ALA A;2026;4;0;4;0,0
HCM;UICP - ALA A;2026;5;1;5;0,2
HCM;UICP - ALA B;2025;11;0;1;0,0
HCM;UICP - ALA B;2025;12;1;4;0,25
HCM;UICP - ALA B;2026;1;0;1;0,0
HCM;UICP - ALA B;2026;2;1;3;0,3333333333333333
HCM;UICP - ALA B;2026;3;1;4;0,25
HCM;UICP - ALA B;2026;4;0;3;0,0
HCM;UICP - ALA B;2026;5;0;2;0,0
HCM;UICP - ALA C;2025;12;0;1;0,0
HCM;UNIDADE DE CUIDADOS CONTINUADOS INTEGRADOS;2021;6;1;2;0,5
HCM;UNIDADE DE CUIDADOS CONTINUADOS INTEGRADOS;2021;7;1;7;0,14285714285714285
HCM;UNIDADE DE CUIDADOS CONTINUADOS INTEGRADOS;2021;8;1;7;0,14285714285714285
HCM;UNIDADE DE CUIDADOS CONTINUADOS INTEGRADOS;2021;9;1;3;0,3333333333333333
HCM;UNIDADE DE CUIDADOS CONTINUADOS INTEGRADOS;2021;10;4;4;1,0
HCM;UNIDADE DE CUIDADOS CONTINUADOS INTEGRADOS;2021;11;1;5;0,2
HCM;UNIDADE DE CUIDADOS CONTINUADOS INTEGRADOS;2021;12;0;7;0,0
HCM;UNIDADE DE CUIDADOS CONTINUADOS INTEGRADOS;2022;1;0;4;0,0
HCM;UNIDADE DE CUIDADOS CONTINUADOS INTEGRADOS;2022;2;0;4;0,0
HCM;UNIDADE DE CUIDADOS CONTINUADOS INTEGRADOS;2022;3;1;7;0,14285714285714285
HCM;UNIDADE DE CUIDADOS CONTINUADOS INTEGRADOS;2022;4;1;4;0,25
HCM;UNIDADE DE CUIDADOS CONTINUADOS INTEGRADOS;2022;5;1;7;0,14285714285714285
HCM;UNIDADE DE CUIDADOS CONTINUADOS INTEGRADOS;2022;6;0;3;0,0
HCM;UNIDADE DE CUIDADOS CONTINUADOS INTEGRADOS;2022;7;2;4;0,5
HCM;UNIDADE DE CUIDADOS CONTINUADOS INTEGRADOS;2022;8;0;3;0,0
HCM;UNIDADE DE CUIDADOS CONTINUADOS INTEGRADOS;2022;9;0;6;0,0
HCM;UNIDADE DE CUIDADOS CONTINUADOS INTEGRADOS;2022;10;2;5;0,4
HCM;UNIDADE DE CUIDADOS CONTINUADOS INTEGRADOS;2022;11;0;1;0,0
HCM;UNIDADE DE CUIDADOS CONTINUADOS INTEGRADOS;2022;12;4;5;0,8
HCM;UNIDADE DE CUIDADOS CONTINUADOS INTEGRADOS;2023;1;1;4;0,25
HCM;UNIDADE DE CUIDADOS CONTINUADOS INTEGRADOS;2023;2;0;1;0,0
HCM;UNIDADE DE CUIDADOS CONTINUADOS INTEGRADOS;2023;3;0;1;0,0
HCM;UNIDADE DE CUIDADOS CONTINUADOS INTEGRADOS;2023;4;0;2;0,0
HCM;UNIDADE DE CUIDADOS CONTINUADOS INTEGRADOS;2023;5;1;4;0,25
HCM;UNIDADE DE CUIDADOS CONTINUADOS INTEGRADOS;2023;6;2;5;0,4
HCM;UNIDADE DE CUIDADOS CONTINUADOS INTEGRADOS;2023;7;0;1;0,0
HCM;UNIDADE DE CUIDADOS CONTINUADOS INTEGRADOS;2023;8;0;5;0,0
HCM;UNIDADE DE CUIDADOS CONTINUADOS INTEGRADOS;2023;9;0;4;0,0
HCM;UNIDADE DE CUIDADOS CONTINUADOS INTEGRADOS;2023;10;1;4;0,25
HCM;UNIDADE DE CUIDADOS CONTINUADOS INTEGRADOS;2023;11;2;8;0,25
HCM;UNIDADE DE CUIDADOS CONTINUADOS INTEGRADOS;2023;12;4;4;1,0
HCM;UNIDADE DE CUIDADOS CONTINUADOS INTEGRADOS;2024;1;2;3;0,6666666666666666
HCM;UNIDADE DE CUIDADOS CONTINUADOS INTEGRADOS;2024;2;2;7;0,2857142857142857
HCM;UNIDADE DE CUIDADOS CONTINUADOS INTEGRADOS;2024;3;2;23;0,08695652173913043
HCM;UNIDADE DE CUIDADOS CONTINUADOS INTEGRADOS;2024;4;2;57;0,03508771929824561
HCM;UNIDADE DE CUIDADOS CONTINUADOS INTEGRADOS;2024;5;4;30;0,13333333333333333
HCM;UNIDADE DE CUIDADOS CONTINUADOS INTEGRADOS;2024;6;0;13;0,0
HCM;UNIDADE DE CUIDADOS CONTINUADOS INTEGRADOS;2024;7;1;14;0,07142857142857142
HCM;UNIDADE DE CUIDADOS CONTINUADOS INTEGRADOS;2024;8;0;3;0,0
HCM;UNIDADE DE CUIDADOS CONTINUADOS INTEGRADOS;2024;9;1;5;0,2
HCM;UNIDADE DE CUIDADOS CONTINUADOS INTEGRADOS;2024;10;0;2;0,0
HCM;UNIDADE DE CUIDADOS CONTINUADOS INTEGRADOS;2024;11;1;5;0,2
HCM;UNIDADE DE CUIDADOS CONTINUADOS INTEGRADOS;2024;12;1;10;0,1
HCM;UNIDADE DE CUIDADOS CONTINUADOS INTEGRADOS;2025;1;1;4;0,25
HCM;UNIDADE DE CUIDADOS CONTINUADOS INTEGRADOS;2025;2;1;10;0,1
HCM;UNIDADE DE CUIDADOS CONTINUADOS INTEGRADOS;2025;3;3;7;0,42857142857142855
HCM;UNIDADE DE CUIDADOS CONTINUADOS INTEGRADOS;2025;4;3;10;0,3
HCM;UNIDADE DE CUIDADOS CONTINUADOS INTEGRADOS;2025;5;0;6;0,0
HCM;UNIDADE DE CUIDADOS CONTINUADOS INTEGRADOS;2025;6;1;7;0,14285714285714285
HCM;UNIDADE DE CUIDADOS CONTINUADOS INTEGRADOS;2025;7;3;12;0,25
HCM;UNIDADE DE CUIDADOS CONTINUADOS INTEGRADOS;2025;8;2;9;0,2222222222222222
HCM;UNIDADE DE CUIDADOS CONTINUADOS INTEGRADOS;2025;9;1;11;0,09090909090909091
HCM;UNIDADE DE CUIDADOS CONTINUADOS INTEGRADOS;2025;10;2;6;0,3333333333333333
HCM;UNIDADE DE CUIDADOS CONTINUADOS INTEGRADOS;2025;11;1;5;0,2
HCM;UNIDADE INTERNAÇÃO - CLINICA CIRURGICA;2019;1;18;26;0,6923076923076923
HCM;UNIDADE INTERNAÇÃO - CLINICA CIRURGICA;2019;2;28;38;0,7368421052631579
HCM;UNIDADE INTERNAÇÃO - CLINICA CIRURGICA;2019;3;20;25;0,8
HCM;UNIDADE INTERNAÇÃO - CLINICA CIRURGICA;2019;4;15;25;0,6
HCM;UNIDADE INTERNAÇÃO - CLINICA CIRURGICA;2019;5;7;23;0,30434782608695654
HCM;UNIDADE INTERNAÇÃO - CLINICA CIRURGICA;2019;6;20;44;0,45454545454545453
HCM;UNIDADE INTERNAÇÃO - CLINICA CIRURGICA;2019;7;22;39;0,5641025641025641
HCM;UNIDADE INTERNAÇÃO - CLINICA CIRURGICA;2019;8;19;51;0,37254901960784315
HCM;UNIDADE INTERNAÇÃO - CLINICA CIRURGICA;2019;9;37;51;0,7254901960784313
HCM;UNIDADE INTERNAÇÃO - CLINICA CIRURGICA;2019;10;44;62;0,7096774193548387
HCM;UNIDADE INTERNAÇÃO - CLINICA CIRURGICA;2019;11;44;64;0,6875
HCM;UNIDADE INTERNAÇÃO - CLINICA CIRURGICA;2019;12;46;56;0,8214285714285714
HCM;UNIDADE INTERNAÇÃO - CLINICA CIRURGICA;2020;1;43;55;0,7818181818181819
HCM;UNIDADE INTERNAÇÃO - CLINICA CIRURGICA;2020;2;13;17;0,7647058823529411
HCM;UNIDADE INTERNAÇÃO - CLINICA CIRURGICA;2020;3;0;1;0,0
HCM;UNIDADE INTERNAÇÃO - CLINICA CIRURGICA;2022;6;0;1;0,0
HCM;UNIDADE INTERNAÇÃO - CLINICA CIRURGICA;2025;9;6;6;1,0
HCM;UNIDADE INTERNAÇÃO - CLINICA CIRURGICA;2025;10;6;6;1,0
HCM;UNIDADE INTERNAÇÃO - CLINICA CIRURGICA;2025;11;7;8;0,875
HCM;UNIDADE INTERNAÇÃO - CUIDADOS PROLONGADOS;2019;1;1;8;0,125
HCM;UNIDADE INTERNAÇÃO - CUIDADOS PROLONGADOS;2019;2;1;3;0,3333333333333333
HCM;UNIDADE INTERNAÇÃO - CUIDADOS PROLONGADOS;2019;3;0;1;0,0
HCM;UNIDADE INTERNAÇÃO - CUIDADOS PROLONGADOS;2019;4;0;5;0,0
HCM;UNIDADE INTERNAÇÃO - CUIDADOS PROLONGADOS;2019;5;2;5;0,4
HCM;UNIDADE INTERNAÇÃO - CUIDADOS PROLONGADOS;2019;6;1;4;0,25
HCM;UNIDADE INTERNAÇÃO - CUIDADOS PROLONGADOS;2019;7;2;9;0,2222222222222222
HCM;UNIDADE INTERNAÇÃO - CUIDADOS PROLONGADOS;2019;8;2;3;0,6666666666666666
HCM;UNIDADE INTERNAÇÃO - CUIDADOS PROLONGADOS;2019;10;0;2;0,0
HCM;UNIDADE INTERNAÇÃO - CUIDADOS PROLONGADOS;2019;11;2;2;1,0
HCM;UNIDADE INTERNAÇÃO - CUIDADOS PROLONGADOS;2019;12;1;3;0,3333333333333333
HCM;UNIDADE INTERNAÇÃO - CUIDADOS PROLONGADOS;2020;1;1;2;0,5
HCM;UNIDADE INTERNAÇÃO - CUIDADOS PROLONGADOS;2020;2;1;2;0,5
HCM;UNIDADE INTERNAÇÃO - CUIDADOS PROLONGADOS;2020;3;1;7;0,14285714285714285
HCM;UNIDADE INTERNAÇÃO - CUIDADOS PROLONGADOS;2020;4;1;6;0,16666666666666666
HCM;UNIDADE INTERNAÇÃO - CUIDADOS PROLONGADOS;2020;5;1;5;0,2
HCM;UNIDADE INTERNAÇÃO - CUIDADOS PROLONGADOS;2020;6;0;4;0,0
HCM;UNIDADE INTERNAÇÃO - CUIDADOS PROLONGADOS;2020;7;1;6;0,16666666666666666
HCM;UNIDADE INTERNAÇÃO - CUIDADOS PROLONGADOS;2020;8;0;11;0,0
HCM;UNIDADE INTERNAÇÃO - CUIDADOS PROLONGADOS;2020;9;0;4;0,0
HCM;UNIDADE INTERNAÇÃO - CUIDADOS PROLONGADOS;2020;10;5;5;1,0
HCM;UNIDADE INTERNAÇÃO - CUIDADOS PROLONGADOS;2020;11;3;11;0,2727272727272727
HCM;UNIDADE INTERNAÇÃO - CUIDADOS PROLONGADOS;2020;12;0;4;0,0
HCM;UNIDADE INTERNAÇÃO - CUIDADOS PROLONGADOS;2021;1;1;3;0,3333333333333333
HCM;UNIDADE INTERNAÇÃO - CUIDADOS PROLONGADOS;2021;2;3;5;0,6
HCM;UNIDADE INTERNAÇÃO - CUIDADOS PROLONGADOS;2021;3;2;7;0,2857142857142857
HCM;UNIDADE INTERNAÇÃO - CUIDADOS PROLONGADOS;2021;4;5;12;0,4166666666666667
HCM;UNIDADE INTERNAÇÃO - CUIDADOS PROLONGADOS;2021;5;2;10;0,2
HCM;UNIDADE INTERNAÇÃO - CUIDADOS PROLONGADOS;2021;6;0;1;0,0
HEM;ALA A;2025;6;6;41;0,14634146341463414
HEM;ALA A;2025;7;16;81;0,19753086419753085
HEM;ALA A;2025;8;17;65;0,26153846153846155
HEM;ALA A;2025;9;18;79;0,22784810126582278
HEM;ALA A;2025;10;8;76;0,10526315789473684
HEM;ALA A;2025;11;14;59;0,23728813559322035
HEM;ALA A;2025;12;18;67;0,26865671641791045
HEM;ALA A;2026;1;11;62;0,1774193548387097
HEM;ALA A;2026;2;10;64;0,15625
HEM;ALA A;2026;3;13;82;0,15853658536585366
HEM;ALA A;2026;4;10;64;0,15625
HEM;ALA A;2026;5;19;68;0,27941176470588236
HEM;ALA C;2025;6;7;49;0,14285714285714285
HEM;ALA C;2025;7;15;77;0,19480519480519481
HEM;ALA C;2025;8;18;72;0,25
HEM;ALA C;2025;9;10;79;0,12658227848101267
HEM;ALA C;2025;10;10;81;0,12345679012345678
HEM;ALA C;2025;11;12;70;0,17142857142857143
HEM;ALA C;2025;12;17;70;0,24285714285714285
HEM;ALA C;2026;1;19;63;0,30158730158730157
HEM;ALA C;2026;2;13;52;0,25
HEM;ALA C;2026;3;13;75;0,17333333333333334
HEM;ALA C;2026;4;14;73;0,1917808219178082
HEM;ALA C;2026;5;18;86;0,20930232558139536
HEM;ALA D;2025;6;3;14;0,21428571428571427
HEM;ALA D;2025;7;3;16;0,1875
HEM;ALA D;2025;8;2;14;0,14285714285714285
HEM;ALA D;2025;9;5;13;0,38461538461538464
HEM;ALA D;2025;10;6;22;0,2727272727272727
HEM;ALA D;2025;11;1;12;0,08333333333333333
HEM;ALA D;2025;12;6;23;0,2608695652173913
HEM;ALA D;2026;1;6;16;0,375
HEM;ALA D;2026;2;2;18;0,1111111111111111
HEM;ALA D;2026;3;7;17;0,4117647058823529
HEM;ALA D;2026;4;2;17;0,11764705882352941
HEM;ALA D;2026;5;7;23;0,30434782608695654
HEM;AMBULATORIO - DERMATOLOGIA E INFECTOLOGIA;2019;6;0;1;0,0
HEM;AMBULATORIO DE INFECTOLOGIA;2022;10;0;1;0,0
HEM;AMBULATORIO DE INFECTOLOGIA;2023;1;0;1;0,0
HEM;AMBULATORIO DE INFECTOLOGIA;2025;1;0;2;0,0
HEM;CTI - ADULTO;2025;6;3;12;0,25
HEM;CTI - ADULTO;2025;7;7;10;0,7
HEM;CTI - ADULTO;2025;8;9;14;0,6428571428571429
HEM;CTI - ADULTO;2025;9;8;13;0,6153846153846154
HEM;CTI - ADULTO;2025;10;5;15;0,3333333333333333
HEM;CTI - ADULTO;2025;11;5;12;0,4166666666666667
HEM;CTI - ADULTO;2025;12;6;10;0,6
HEM;CTI - ADULTO;2026;1;9;10;0,9
HEM;CTI - ADULTO;2026;2;3;7;0,42857142857142855
HEM;CTI - ADULTO;2026;3;7;12;0,5833333333333334
HEM;CTI - ADULTO;2026;4;4;9;0,4444444444444444
HEM;CTI - ADULTO;2026;5;7;13;0,5384615384615384
HEM;HOSPITAL DIA;2022;7;0;1;0,0
HEM;HOSPITAL DIA;2024;3;1;1;1,0
HEM;UNIDADE INTERNAÇÃO - DOENÇAS INFECTO-CONTAGIOSAS E PARASITÁRIAS DOENÇAS INFECTO CONTAGIOSAS;2019;1;33;86;0,38372093023255816
HEM;UNIDADE INTERNAÇÃO - DOENÇAS INFECTO-CONTAGIOSAS E PARASITÁRIAS DOENÇAS INFECTO CONTAGIOSAS;2019;2;68;107;0,6355140186915887
HEM;UNIDADE INTERNAÇÃO - DOENÇAS INFECTO-CONTAGIOSAS E PARASITÁRIAS DOENÇAS INFECTO CONTAGIOSAS;2019;3;65;122;0,5327868852459017
HEM;UNIDADE INTERNAÇÃO - DOENÇAS INFECTO-CONTAGIOSAS E PARASITÁRIAS DOENÇAS INFECTO CONTAGIOSAS;2019;4;97;177;0,5480225988700564
HEM;UNIDADE INTERNAÇÃO - DOENÇAS INFECTO-CONTAGIOSAS E PARASITÁRIAS DOENÇAS INFECTO CONTAGIOSAS;2019;5;95;190;0,5
HEM;UNIDADE INTERNAÇÃO - DOENÇAS INFECTO-CONTAGIOSAS E PARASITÁRIAS DOENÇAS INFECTO CONTAGIOSAS;2019;6;65;162;0,4012345679012346
HEM;UNIDADE INTERNAÇÃO - DOENÇAS INFECTO-CONTAGIOSAS E PARASITÁRIAS DOENÇAS INFECTO CONTAGIOSAS;2019;7;40;115;0,34782608695652173
HEM;UNIDADE INTERNAÇÃO - DOENÇAS INFECTO-CONTAGIOSAS E PARASITÁRIAS DOENÇAS INFECTO CONTAGIOSAS;2019;8;41;111;0,36936936936936937
HEM;UNIDADE INTERNAÇÃO - DOENÇAS INFECTO-CONTAGIOSAS E PARASITÁRIAS DOENÇAS INFECTO CONTAGIOSAS;2019;9;38;102;0,37254901960784315
HEM;UNIDADE INTERNAÇÃO - DOENÇAS INFECTO-CONTAGIOSAS E PARASITÁRIAS DOENÇAS INFECTO CONTAGIOSAS;2019;10;56;106;0,5283018867924528
HEM;UNIDADE INTERNAÇÃO - DOENÇAS INFECTO-CONTAGIOSAS E PARASITÁRIAS DOENÇAS INFECTO CONTAGIOSAS;2019;11;58;104;0,5576923076923077
HEM;UNIDADE INTERNAÇÃO - DOENÇAS INFECTO-CONTAGIOSAS E PARASITÁRIAS DOENÇAS INFECTO CONTAGIOSAS;2019;12;40;114;0,3508771929824561
HEM;UNIDADE INTERNAÇÃO - DOENÇAS INFECTO-CONTAGIOSAS E PARASITÁRIAS DOENÇAS INFECTO CONTAGIOSAS;2020;1;48;94;0,5106382978723404
HEM;UNIDADE INTERNAÇÃO - DOENÇAS INFECTO-CONTAGIOSAS E PARASITÁRIAS DOENÇAS INFECTO CONTAGIOSAS;2020;2;57;95;0,6
HEM;UNIDADE INTERNAÇÃO - DOENÇAS INFECTO-CONTAGIOSAS E PARASITÁRIAS DOENÇAS INFECTO CONTAGIOSAS;2020;3;51;116;0,4396551724137931
HEM;UNIDADE INTERNAÇÃO - DOENÇAS INFECTO-CONTAGIOSAS E PARASITÁRIAS DOENÇAS INFECTO CONTAGIOSAS;2020;4;10;142;0,07042253521126761
HEM;UNIDADE INTERNAÇÃO - DOENÇAS INFECTO-CONTAGIOSAS E PARASITÁRIAS DOENÇAS INFECTO CONTAGIOSAS;2020;5;29;159;0,18238993710691823
HEM;UNIDADE INTERNAÇÃO - DOENÇAS INFECTO-CONTAGIOSAS E PARASITÁRIAS DOENÇAS INFECTO CONTAGIOSAS;2020;6;17;141;0,12056737588652482
HEM;UNIDADE INTERNAÇÃO - DOENÇAS INFECTO-CONTAGIOSAS E PARASITÁRIAS DOENÇAS INFECTO CONTAGIOSAS;2020;7;25;202;0,12376237623762376
HEM;UNIDADE INTERNAÇÃO - DOENÇAS INFECTO-CONTAGIOSAS E PARASITÁRIAS DOENÇAS INFECTO CONTAGIOSAS;2020;8;25;136;0,18382352941176472
HEM;UNIDADE INTERNAÇÃO - DOENÇAS INFECTO-CONTAGIOSAS E PARASITÁRIAS DOENÇAS INFECTO CONTAGIOSAS;2020;9;15;107;0,14018691588785046
HEM;UNIDADE INTERNAÇÃO - DOENÇAS INFECTO-CONTAGIOSAS E PARASITÁRIAS DOENÇAS INFECTO CONTAGIOSAS;2020;10;15;129;0,11627906976744186
HEM;UNIDADE INTERNAÇÃO - DOENÇAS INFECTO-CONTAGIOSAS E PARASITÁRIAS DOENÇAS INFECTO CONTAGIOSAS;2020;11;25;130;0,19230769230769232
HEM;UNIDADE INTERNAÇÃO - DOENÇAS INFECTO-CONTAGIOSAS E PARASITÁRIAS DOENÇAS INFECTO CONTAGIOSAS;2020;12;33;172;0,19186046511627908
HEM;UNIDADE INTERNAÇÃO - DOENÇAS INFECTO-CONTAGIOSAS E PARASITÁRIAS DOENÇAS INFECTO CONTAGIOSAS;2021;1;32;163;0,19631901840490798
HEM;UNIDADE INTERNAÇÃO - DOENÇAS INFECTO-CONTAGIOSAS E PARASITÁRIAS DOENÇAS INFECTO CONTAGIOSAS;2021;2;24;127;0,1889763779527559
HEM;UNIDADE INTERNAÇÃO - DOENÇAS INFECTO-CONTAGIOSAS E PARASITÁRIAS DOENÇAS INFECTO CONTAGIOSAS;2021;3;38;240;0,15833333333333333
HEM;UNIDADE INTERNAÇÃO - DOENÇAS INFECTO-CONTAGIOSAS E PARASITÁRIAS DOENÇAS INFECTO CONTAGIOSAS;2021;4;9;203;0,04433497536945813
HEM;UNIDADE INTERNAÇÃO - DOENÇAS INFECTO-CONTAGIOSAS E PARASITÁRIAS DOENÇAS INFECTO CONTAGIOSAS;2021;5;49;206;0,23786407766990292
HEM;UNIDADE INTERNAÇÃO - DOENÇAS INFECTO-CONTAGIOSAS E PARASITÁRIAS DOENÇAS INFECTO CONTAGIOSAS;2021;6;22;163;0,13496932515337423
HEM;UNIDADE INTERNAÇÃO - DOENÇAS INFECTO-CONTAGIOSAS E PARASITÁRIAS DOENÇAS INFECTO CONTAGIOSAS;2021;7;18;163;0,11042944785276074
HEM;UNIDADE INTERNAÇÃO - DOENÇAS INFECTO-CONTAGIOSAS E PARASITÁRIAS DOENÇAS INFECTO CONTAGIOSAS;2021;8;23;149;0,15436241610738255
HEM;UNIDADE INTERNAÇÃO - DOENÇAS INFECTO-CONTAGIOSAS E PARASITÁRIAS DOENÇAS INFECTO CONTAGIOSAS;2021;9;18;125;0,144
HEM;UNIDADE INTERNAÇÃO - DOENÇAS INFECTO-CONTAGIOSAS E PARASITÁRIAS DOENÇAS INFECTO CONTAGIOSAS;2021;10;19;132;0,14393939393939395
HEM;UNIDADE INTERNAÇÃO - DOENÇAS INFECTO-CONTAGIOSAS E PARASITÁRIAS DOENÇAS INFECTO CONTAGIOSAS;2021;11;27;151;0,17880794701986755
HEM;UNIDADE INTERNAÇÃO - DOENÇAS INFECTO-CONTAGIOSAS E PARASITÁRIAS DOENÇAS INFECTO CONTAGIOSAS;2021;12;21;144;0,14583333333333334
HEM;UNIDADE INTERNAÇÃO - DOENÇAS INFECTO-CONTAGIOSAS E PARASITÁRIAS DOENÇAS INFECTO CONTAGIOSAS;2022;1;15;180;0,08333333333333333
HEM;UNIDADE INTERNAÇÃO - DOENÇAS INFECTO-CONTAGIOSAS E PARASITÁRIAS DOENÇAS INFECTO CONTAGIOSAS;2022;2;14;118;0,11864406779661017
HEM;UNIDADE INTERNAÇÃO - DOENÇAS INFECTO-CONTAGIOSAS E PARASITÁRIAS DOENÇAS INFECTO CONTAGIOSAS;2022;3;12;98;0,12244897959183673
HEM;UNIDADE INTERNAÇÃO - DOENÇAS INFECTO-CONTAGIOSAS E PARASITÁRIAS DOENÇAS INFECTO CONTAGIOSAS;2022;4;12;105;0,11428571428571428
HEM;UNIDADE INTERNAÇÃO - DOENÇAS INFECTO-CONTAGIOSAS E PARASITÁRIAS DOENÇAS INFECTO CONTAGIOSAS;2022;5;29;127;0,2283464566929134
HEM;UNIDADE INTERNAÇÃO - DOENÇAS INFECTO-CONTAGIOSAS E PARASITÁRIAS DOENÇAS INFECTO CONTAGIOSAS;2022;6;30;162;0,18518518518518517
HEM;UNIDADE INTERNAÇÃO - DOENÇAS INFECTO-CONTAGIOSAS E PARASITÁRIAS DOENÇAS INFECTO CONTAGIOSAS;2022;7;21;145;0,14482758620689656
HEM;UNIDADE INTERNAÇÃO - DOENÇAS INFECTO-CONTAGIOSAS E PARASITÁRIAS DOENÇAS INFECTO CONTAGIOSAS;2022;8;36;138;0,2608695652173913
HEM;UNIDADE INTERNAÇÃO - DOENÇAS INFECTO-CONTAGIOSAS E PARASITÁRIAS DOENÇAS INFECTO CONTAGIOSAS;2022;9;36;176;0,20454545454545456
HEM;UNIDADE INTERNAÇÃO - DOENÇAS INFECTO-CONTAGIOSAS E PARASITÁRIAS DOENÇAS INFECTO CONTAGIOSAS;2022;10;36;157;0,22929936305732485
HEM;UNIDADE INTERNAÇÃO - DOENÇAS INFECTO-CONTAGIOSAS E PARASITÁRIAS DOENÇAS INFECTO CONTAGIOSAS;2022;11;20;171;0,11695906432748537
HEM;UNIDADE INTERNAÇÃO - DOENÇAS INFECTO-CONTAGIOSAS E PARASITÁRIAS DOENÇAS INFECTO CONTAGIOSAS;2022;12;35;188;0,18617021276595744
HEM;UNIDADE INTERNAÇÃO - DOENÇAS INFECTO-CONTAGIOSAS E PARASITÁRIAS DOENÇAS INFECTO CONTAGIOSAS;2023;1;12;145;0,08275862068965517
HEM;UNIDADE INTERNAÇÃO - DOENÇAS INFECTO-CONTAGIOSAS E PARASITÁRIAS DOENÇAS INFECTO CONTAGIOSAS;2023;2;25;143;0,17482517482517482
HEM;UNIDADE INTERNAÇÃO - DOENÇAS INFECTO-CONTAGIOSAS E PARASITÁRIAS DOENÇAS INFECTO CONTAGIOSAS;2023;3;30;148;0,20270270270270271
HEM;UNIDADE INTERNAÇÃO - DOENÇAS INFECTO-CONTAGIOSAS E PARASITÁRIAS DOENÇAS INFECTO CONTAGIOSAS;2023;4;37;146;0,2534246575342466
HEM;UNIDADE INTERNAÇÃO - DOENÇAS INFECTO-CONTAGIOSAS E PARASITÁRIAS DOENÇAS INFECTO CONTAGIOSAS;2023;5;29;133;0,21804511278195488
HEM;UNIDADE INTERNAÇÃO - DOENÇAS INFECTO-CONTAGIOSAS E PARASITÁRIAS DOENÇAS INFECTO CONTAGIOSAS;2023;6;36;159;0,22641509433962265
HEM;UNIDADE INTERNAÇÃO - DOENÇAS INFECTO-CONTAGIOSAS E PARASITÁRIAS DOENÇAS INFECTO CONTAGIOSAS;2023;7;24;122;0,19672131147540983
HEM;UNIDADE INTERNAÇÃO - DOENÇAS INFECTO-CONTAGIOSAS E PARASITÁRIAS DOENÇAS INFECTO CONTAGIOSAS;2023;8;41;165;0,24848484848484848
HEM;UNIDADE INTERNAÇÃO - DOENÇAS INFECTO-CONTAGIOSAS E PARASITÁRIAS DOENÇAS INFECTO CONTAGIOSAS;2023;9;17;124;0,13709677419354838
HEM;UNIDADE INTERNAÇÃO - DOENÇAS INFECTO-CONTAGIOSAS E PARASITÁRIAS DOENÇAS INFECTO CONTAGIOSAS;2023;10;36;115;0,3130434782608696
HEM;UNIDADE INTERNAÇÃO - DOENÇAS INFECTO-CONTAGIOSAS E PARASITÁRIAS DOENÇAS INFECTO CONTAGIOSAS;2023;11;41;125;0,328
HEM;UNIDADE INTERNAÇÃO - DOENÇAS INFECTO-CONTAGIOSAS E PARASITÁRIAS DOENÇAS INFECTO CONTAGIOSAS;2023;12;17;123;0,13821138211382114
HEM;UNIDADE INTERNAÇÃO - DOENÇAS INFECTO-CONTAGIOSAS E PARASITÁRIAS DOENÇAS INFECTO CONTAGIOSAS;2024;1;37;237;0,15611814345991562
HEM;UNIDADE INTERNAÇÃO - DOENÇAS INFECTO-CONTAGIOSAS E PARASITÁRIAS DOENÇAS INFECTO CONTAGIOSAS;2024;2;43;367;0,11716621253405994
HEM;UNIDADE INTERNAÇÃO - DOENÇAS INFECTO-CONTAGIOSAS E PARASITÁRIAS DOENÇAS INFECTO CONTAGIOSAS;2024;3;40;411;0,09732360097323602
HEM;UNIDADE INTERNAÇÃO - DOENÇAS INFECTO-CONTAGIOSAS E PARASITÁRIAS DOENÇAS INFECTO CONTAGIOSAS;2024;4;52;365;0,14246575342465753
HEM;UNIDADE INTERNAÇÃO - DOENÇAS INFECTO-CONTAGIOSAS E PARASITÁRIAS DOENÇAS INFECTO CONTAGIOSAS;2024;5;36;245;0,1469387755102041
HEM;UNIDADE INTERNAÇÃO - DOENÇAS INFECTO-CONTAGIOSAS E PARASITÁRIAS DOENÇAS INFECTO CONTAGIOSAS;2024;6;59;150;0,3933333333333333
HEM;UNIDADE INTERNAÇÃO - DOENÇAS INFECTO-CONTAGIOSAS E PARASITÁRIAS DOENÇAS INFECTO CONTAGIOSAS;2024;7;38;157;0,24203821656050956
HEM;UNIDADE INTERNAÇÃO - DOENÇAS INFECTO-CONTAGIOSAS E PARASITÁRIAS DOENÇAS INFECTO CONTAGIOSAS;2024;8;40;133;0,3007518796992481
HEM;UNIDADE INTERNAÇÃO - DOENÇAS INFECTO-CONTAGIOSAS E PARASITÁRIAS DOENÇAS INFECTO CONTAGIOSAS;2024;9;34;143;0,23776223776223776
HEM;UNIDADE INTERNAÇÃO - DOENÇAS INFECTO-CONTAGIOSAS E PARASITÁRIAS DOENÇAS INFECTO CONTAGIOSAS;2024;10;50;142;0,352112676056338
HEM;UNIDADE INTERNAÇÃO - DOENÇAS INFECTO-CONTAGIOSAS E PARASITÁRIAS DOENÇAS INFECTO CONTAGIOSAS;2024;11;50;138;0,36231884057971014
HEM;UNIDADE INTERNAÇÃO - DOENÇAS INFECTO-CONTAGIOSAS E PARASITÁRIAS DOENÇAS INFECTO CONTAGIOSAS;2024;12;45;134;0,3358208955223881
HEM;UNIDADE INTERNAÇÃO - DOENÇAS INFECTO-CONTAGIOSAS E PARASITÁRIAS DOENÇAS INFECTO CONTAGIOSAS;2025;1;63;135;0,4666666666666667
HEM;UNIDADE INTERNAÇÃO - DOENÇAS INFECTO-CONTAGIOSAS E PARASITÁRIAS DOENÇAS INFECTO CONTAGIOSAS;2025;2;41;123;0,3333333333333333
HEM;UNIDADE INTERNAÇÃO - DOENÇAS INFECTO-CONTAGIOSAS E PARASITÁRIAS DOENÇAS INFECTO CONTAGIOSAS;2025;3;47;147;0,3197278911564626
HEM;UNIDADE INTERNAÇÃO - DOENÇAS INFECTO-CONTAGIOSAS E PARASITÁRIAS DOENÇAS INFECTO CONTAGIOSAS;2025;4;36;159;0,22641509433962265
HEM;UNIDADE INTERNAÇÃO - DOENÇAS INFECTO-CONTAGIOSAS E PARASITÁRIAS DOENÇAS INFECTO CONTAGIOSAS;2025;5;37;164;0,22560975609756098
HEM;UNIDADE INTERNAÇÃO - DOENÇAS INFECTO-CONTAGIOSAS E PARASITÁRIAS DOENÇAS INFECTO CONTAGIOSAS;2025;6;24;49;0,4897959183673469
HEM;UTI;2019;1;4;10;0,4
HEM;UTI;2019;2;6;11;0,5454545454545454
HEM;UTI;2019;3;3;15;0,2
HEM;UTI;2019;4;5;11;0,45454545454545453
HEM;UTI;2019;5;2;11;0,18181818181818182
HEM;UTI;2019;6;8;13;0,6153846153846154
HEM;UTI;2019;7;1;9;0,1111111111111111
HEM;UTI;2019;8;3;9;0,3333333333333333
HEM;UTI;2019;9;3;13;0,23076923076923078
HEM;UTI;2019;10;1;9;0,1111111111111111
HEM;UTI;2019;11;5;12;0,4166666666666667
HEM;UTI;2019;12;8;15;0,5333333333333333
HEM;UTI;2020;1;3;21;0,14285714285714285
HEM;UTI;2020;2;3;9;0,3333333333333333
HEM;UTI;2020;3;4;20;0,2
HEM;UTI;2020;4;6;32;0,1875
HEM;UTI;2020;5;11;48;0,22916666666666666
HEM;UTI;2020;6;16;41;0,3902439024390244
HEM;UTI;2020;7;17;55;0,3090909090909091
HEM;UTI;2020;8;17;39;0,4358974358974359
HEM;UTI;2020;9;10;36;0,2777777777777778
HEM;UTI;2020;10;9;25;0,36
HEM;UTI;2020;11;4;20;0,2
HEM;UTI;2020;12;15;61;0,2459016393442623
HEM;UTI;2021;1;16;43;0,37209302325581395
HEM;UTI;2021;2;15;22;0,6818181818181818
HEM;UTI;2021;3;19;65;0,2923076923076923
HEM;UTI;2021;4;18;63;0,2857142857142857
HEM;UTI;2021;5;4;35;0,11428571428571428
HEM;UTI;2021;6;5;28;0,17857142857142858
HEM;UTI;2021;7;9;32;0,28125
HEM;UTI;2021;8;1;1;1,0
HEM;UTI - ADULTO;2021;8;4;18;0,2222222222222222
HEM;UTI - ADULTO;2021;9;3;9;0,3333333333333333
HEM;UTI - ADULTO;2021;10;6;16;0,375
HEM;UTI - ADULTO;2021;11;4;19;0,21052631578947367
HEM;UTI - ADULTO;2021;12;6;21;0,2857142857142857
HEM;UTI - ADULTO;2022;1;7;25;0,28
HEM;UTI - ADULTO;2022;2;6;21;0,2857142857142857
HEM;UTI - ADULTO;2022;3;5;21;0,23809523809523808
HEM;UTI - ADULTO;2022;4;4;16;0,25
HEM;UTI - ADULTO;2022;5;3;19;0,15789473684210525
HEM;UTI - ADULTO;2022;6;3;12;0,25
HEM;UTI - ADULTO;2022;7;1;18;0,05555555555555555
HEM;UTI - ADULTO;2022;8;3;11;0,2727272727272727
HEM;UTI - ADULTO;2022;9;3;12;0,25
HEM;UTI - ADULTO;2022;10;2;4;0,5
HEM;UTI - ADULTO;2022;11;0;5;0,0
HEM;UTI - ADULTO;2022;12;3;12;0,25
HEM;UTI - ADULTO;2023;1;2;13;0,15384615384615385
HEM;UTI - ADULTO;2023;2;4;10;0,4
HEM;UTI - ADULTO;2023;3;3;14;0,21428571428571427
HEM;UTI - ADULTO;2023;4;0;4;0,0
HEM;UTI - ADULTO;2023;5;2;13;0,15384615384615385
HEM;UTI - ADULTO;2023;6;0;3;0,0
HEM;UTI - ADULTO;2023;7;2;10;0,2
HEM;UTI - ADULTO;2023;8;5;14;0,35714285714285715
HEM;UTI - ADULTO;2023;9;3;10;0,3
HEM;UTI - ADULTO;2023;10;2;10;0,2
HEM;UTI - ADULTO;2023;11;2;6;0,3333333333333333
HEM;UTI - ADULTO;2023;12;16;16;1,0
HEM;UTI - ADULTO;2024;1;6;12;0,5
HEM;UTI - ADULTO;2024;2;0;9;0,0
HEM;UTI - ADULTO;2024;3;4;11;0,36363636363636365
HEM;UTI - ADULTO;2024;4;4;12;0,3333333333333333
HEM;UTI - ADULTO;2024;5;5;11;0,45454545454545453
HEM;UTI - ADULTO;2024;6;3;14;0,21428571428571427
HEM;UTI - ADULTO;2024;7;1;2;0,5
HEM;UTI - ADULTO;2024;8;3;4;0,75
HEM;UTI - ADULTO;2024;9;6;13;0,46153846153846156
HEM;UTI - ADULTO;2024;10;2;3;0,6666666666666666
HEM;UTI - ADULTO;2024;11;5;10;0,5
HEM;UTI - ADULTO;2024;12;4;10;0,4
HEM;UTI - ADULTO;2025;1;1;6;0,16666666666666666
HEM;UTI - ADULTO;2025;2;10;10;1,0
HEM;UTI - ADULTO;2025;3;4;11;0,36363636363636365
HEM;UTI - ADULTO;2025;4;0;13;0,0
HEM;UTI - ADULTO;2025;5;8;14;0,5714285714285714
HEM;UTI - ADULTO;2025;6;1;5;0,2
HIJPII;AMBULATORIO - ESPECIALIDADES;2019;1;0;1;0,0
HIJPII;AMBULATORIO - ESPECIALIDADES;2019;4;0;1;0,0
HIJPII;AMBULATORIO - ESPECIALIDADES;2019;7;0;1;0,0
HIJPII;AMBULATORIO - ESPECIALIDADES;2019;8;0;2;0,0
HIJPII;AMBULATORIO - ESPECIALIDADES;2019;10;0;2;0,0
HIJPII;AMBULATORIO - ESPECIALIDADES;2020;2;0;1;0,0
HIJPII;AMBULATORIO - ESPECIALIDADES;2020;3;0;1;0,0
HIJPII;AMBULATORIO - ESPECIALIDADES;2020;12;0;1;0,0
HIJPII;AMBULATORIO - ESPECIALIDADES;2021;3;0;1;0,0
HIJPII;AMBULATORIO - ESPECIALIDADES;2021;4;0;1;0,0
HIJPII;AMBULATORIO - ESPECIALIDADES;2021;6;0;1;0,0
HIJPII;AMBULATORIO - ESPECIALIDADES;2021;9;0;1;0,0
HIJPII;AMBULATORIO - ESPECIALIDADES;2022;6;0;1;0,0
HIJPII;AMBULATORIO - ESPECIALIDADES;2022;9;0;1;0,0
HIJPII;AMBULATORIO - ESPECIALIDADES;2024;5;0;2;0,0
HIJPII;AMBULATORIO - ESPECIALIDADES;2024;12;0;1;0,0
HIJPII;AMBULATORIO - ESPECIALIDADES;2025;3;0;1;0,0
HIJPII;AMBULATORIO - ESPECIALIDADES;2025;4;0;2;0,0
HIJPII;AMBULATORIO - ESPECIALIDADES;2025;5;0;1;0,0
HIJPII;AMBULATORIO - ESPECIALIDADES;2025;6;0;2;0,0
HIJPII;AMBULATORIO - ESPECIALIDADES;2025;10;0;1;0,0
HIJPII;AMBULATORIO - ESPECIALIDADES;2025;11;0;1;0,0
HIJPII;AMBULATORIO - ESPECIALIDADES;2026;5;0;2;0,0
HIJPII;AMBULATORIO ESPECIALIDADES MEDICAS;2024;10;0;1;0,0
HIJPII;ELETROENCEFALOGRAMA;2019;1;0;2;0,0
HIJPII;ELETROENCEFALOGRAMA;2019;4;0;1;0,0
HIJPII;ENDOSCOPIA;2021;6;0;1;0,0
HIJPII;RADIOLOGIA;2019;3;0;1;0,0
HIJPII;RADIOLOGIA;2019;5;0;1;0,0
HIJPII;RADIOLOGIA;2022;11;0;1;0,0
HIJPII;RADIOLOGIA;2024;3;0;1;0,0
HIJPII;ULTRASSONOGRAFIA;2019;2;0;1;0,0
HIJPII;ULTRASSONOGRAFIA;2019;4;0;1;0,0
HIJPII;UNIDADE INTERNAÇÃO - CLINICA PEDIÁTRICA;2019;1;39;205;0,1902439024390244
HIJPII;UNIDADE INTERNAÇÃO - CLINICA PEDIÁTRICA;2019;2;33;195;0,16923076923076924
HIJPII;UNIDADE INTERNAÇÃO - CLINICA PEDIÁTRICA;2019;3;43;252;0,17063492063492064
HIJPII;UNIDADE INTERNAÇÃO - CLINICA PEDIÁTRICA;2019;4;41;291;0,140893470790378
HIJPII;UNIDADE INTERNAÇÃO - CLINICA PEDIÁTRICA;2019;5;71;327;0,21712538226299694
HIJPII;UNIDADE INTERNAÇÃO - CLINICA PEDIÁTRICA;2019;6;52;259;0,20077220077220076
HIJPII;UNIDADE INTERNAÇÃO - CLINICA PEDIÁTRICA;2019;7;32;257;0,1245136186770428
HIJPII;UNIDADE INTERNAÇÃO - CLINICA PEDIÁTRICA;2019;8;35;224;0,15625
HIJPII;UNIDADE INTERNAÇÃO - CLINICA PEDIÁTRICA;2019;9;43;233;0,18454935622317598
HIJPII;UNIDADE INTERNAÇÃO - CLINICA PEDIÁTRICA;2019;10;44;235;0,18723404255319148
HIJPII;UNIDADE INTERNAÇÃO - CLINICA PEDIÁTRICA;2019;11;62;235;0,26382978723404255
HIJPII;UNIDADE INTERNAÇÃO - CLINICA PEDIÁTRICA;2019;12;64;294;0,21768707482993196
HIJPII;UNIDADE INTERNAÇÃO - CLINICA PEDIÁTRICA;2020;1;50;223;0,2242152466367713
HIJPII;UNIDADE INTERNAÇÃO - CLINICA PEDIÁTRICA;2020;2;47;213;0,22065727699530516
HIJPII;UNIDADE INTERNAÇÃO - CLINICA PEDIÁTRICA;2020;3;74;248;0,29838709677419356
HIJPII;UNIDADE INTERNAÇÃO - CLINICA PEDIÁTRICA;2020;4;43;156;0,27564102564102566
HIJPII;UNIDADE INTERNAÇÃO - CLINICA PEDIÁTRICA;2020;5;48;162;0,2962962962962963
HIJPII;UNIDADE INTERNAÇÃO - CLINICA PEDIÁTRICA;2020;6;73;167;0,437125748502994
HIJPII;UNIDADE INTERNAÇÃO - CLINICA PEDIÁTRICA;2020;7;74;162;0,4567901234567901
HIJPII;UNIDADE INTERNAÇÃO - CLINICA PEDIÁTRICA;2020;8;60;174;0,3448275862068966
HIJPII;UNIDADE INTERNAÇÃO - CLINICA PEDIÁTRICA;2020;9;69;176;0,39204545454545453
HIJPII;UNIDADE INTERNAÇÃO - CLINICA PEDIÁTRICA;2020;10;46;174;0,26436781609195403
HIJPII;UNIDADE INTERNAÇÃO - CLINICA PEDIÁTRICA;2020;11;58;190;0,30526315789473685
HIJPII;UNIDADE INTERNAÇÃO - CLINICA PEDIÁTRICA;2020;12;66;185;0,3567567567567568
HIJPII;UNIDADE INTERNAÇÃO - CLINICA PEDIÁTRICA;2021;1;40;178;0,2247191011235955
HIJPII;UNIDADE INTERNAÇÃO - CLINICA PEDIÁTRICA;2021;2;42;163;0,25766871165644173
HIJPII;UNIDADE INTERNAÇÃO - CLINICA PEDIÁTRICA;2021;3;81;207;0,391304347826087
HIJPII;UNIDADE INTERNAÇÃO - CLINICA PEDIÁTRICA;2021;4;68;230;0,2956521739130435
HIJPII;UNIDADE INTERNAÇÃO - CLINICA PEDIÁTRICA;2021;5;86;202;0,42574257425742573
HIJPII;UNIDADE INTERNAÇÃO - CLINICA PEDIÁTRICA;2021;6;48;167;0,2874251497005988
HIJPII;UNIDADE INTERNAÇÃO - CLINICA PEDIÁTRICA;2021;7;51;185;0,2756756756756757
HIJPII;UNIDADE INTERNAÇÃO - CLINICA PEDIÁTRICA;2021;8;64;166;0,3855421686746988
HIJPII;UNIDADE INTERNAÇÃO - CLINICA PEDIÁTRICA;2021;9;55;181;0,30386740331491713
HIJPII;UNIDADE INTERNAÇÃO - CLINICA PEDIÁTRICA;2021;10;50;195;0,2564102564102564
HIJPII;UNIDADE INTERNAÇÃO - CLINICA PEDIÁTRICA;2021;11;64;195;0,3282051282051282
HIJPII;UNIDADE INTERNAÇÃO - CLINICA PEDIÁTRICA;2021;12;68;242;0,2809917355371901
HIJPII;UNIDADE INTERNAÇÃO - CLINICA PEDIÁTRICA;2022;1;45;197;0,22842639593908629
HIJPII;UNIDADE INTERNAÇÃO - CLINICA PEDIÁTRICA;2022;2;63;203;0,3103448275862069
HIJPII;UNIDADE INTERNAÇÃO - CLINICA PEDIÁTRICA;2022;3;90;235;0,3829787234042553
HIJPII;UNIDADE INTERNAÇÃO - CLINICA PEDIÁTRICA;2022;4;66;255;0,25882352941176473
HIJPII;UNIDADE INTERNAÇÃO - CLINICA PEDIÁTRICA;2022;5;45;251;0,17928286852589642
HIJPII;UNIDADE INTERNAÇÃO - CLINICA PEDIÁTRICA;2022;6;61;207;0,2946859903381642
HIJPII;UNIDADE INTERNAÇÃO - CLINICA PEDIÁTRICA;2022;7;84;211;0,3981042654028436
HIJPII;UNIDADE INTERNAÇÃO - CLINICA PEDIÁTRICA;2022;8;80;219;0,365296803652968
HIJPII;UNIDADE INTERNAÇÃO - CLINICA PEDIÁTRICA;2022;9;75;239;0,3138075313807531
HIJPII;UNIDADE INTERNAÇÃO - CLINICA PEDIÁTRICA;2022;10;78;220;0,35454545454545455
HIJPII;UNIDADE INTERNAÇÃO - CLINICA PEDIÁTRICA;2022;11;92;244;0,3770491803278688
HIJPII;UNIDADE INTERNAÇÃO - CLINICA PEDIÁTRICA;2022;12;52;203;0,2561576354679803
HIJPII;UNIDADE INTERNAÇÃO - CLINICA PEDIÁTRICA;2023;1;48;204;0,23529411764705882
HIJPII;UNIDADE INTERNAÇÃO - CLINICA PEDIÁTRICA;2023;2;67;273;0,2454212454212454
HIJPII;UNIDADE INTERNAÇÃO - CLINICA PEDIÁTRICA;2023;3;71;310;0,22903225806451613
HIJPII;UNIDADE INTERNAÇÃO - CLINICA PEDIÁTRICA;2023;4;52;258;0,20155038759689922
HIJPII;UNIDADE INTERNAÇÃO - CLINICA PEDIÁTRICA;2023;5;52;267;0,1947565543071161
HIJPII;UNIDADE INTERNAÇÃO - CLINICA PEDIÁTRICA;2023;6;51;225;0,22666666666666666
HIJPII;UNIDADE INTERNAÇÃO - CLINICA PEDIÁTRICA;2023;7;49;242;0,2024793388429752
HIJPII;UNIDADE INTERNAÇÃO - CLINICA PEDIÁTRICA;2023;8;73;200;0,365
HIJPII;UNIDADE INTERNAÇÃO - CLINICA PEDIÁTRICA;2023;9;74;227;0,32599118942731276
HIJPII;UNIDADE INTERNAÇÃO - CLINICA PEDIÁTRICA;2023;10;68;229;0,29694323144104806
HIJPII;UNIDADE INTERNAÇÃO - CLINICA PEDIÁTRICA;2023;11;58;211;0,27488151658767773
HIJPII;UNIDADE INTERNAÇÃO - CLINICA PEDIÁTRICA;2023;12;81;219;0,3698630136986301
HIJPII;UNIDADE INTERNAÇÃO - CLINICA PEDIÁTRICA;2024;1;55;199;0,27638190954773867
HIJPII;UNIDADE INTERNAÇÃO - CLINICA PEDIÁTRICA;2024;2;39;219;0,1780821917808219
HIJPII;UNIDADE INTERNAÇÃO - CLINICA PEDIÁTRICA;2024;3;103;327;0,3149847094801223
HIJPII;UNIDADE INTERNAÇÃO - CLINICA PEDIÁTRICA;2024;4;156;335;0,46567164179104475
HIJPII;UNIDADE INTERNAÇÃO - CLINICA PEDIÁTRICA;2024;5;89;296;0,30067567567567566
HIJPII;UNIDADE INTERNAÇÃO - CLINICA PEDIÁTRICA;2024;6;50;260;0,19230769230769232
HIJPII;UNIDADE INTERNAÇÃO - CLINICA PEDIÁTRICA;2024;7;74;236;0,3135593220338983
HIJPII;UNIDADE INTERNAÇÃO - CLINICA PEDIÁTRICA;2024;8;70;233;0,30042918454935624
HIJPII;UNIDADE INTERNAÇÃO - CLINICA PEDIÁTRICA;2024;9;69;245;0,2816326530612245
HIJPII;UNIDADE INTERNAÇÃO - CLINICA PEDIÁTRICA;2024;10;78;225;0,3466666666666667
HIJPII;UNIDADE INTERNAÇÃO - CLINICA PEDIÁTRICA;2024;11;70;222;0,3153153153153153
HIJPII;UNIDADE INTERNAÇÃO - CLINICA PEDIÁTRICA;2024;12;60;240;0,25
HIJPII;UNIDADE INTERNAÇÃO - CLINICA PEDIÁTRICA;2025;1;118;239;0,49372384937238495
HIJPII;UNIDADE INTERNAÇÃO - CLINICA PEDIÁTRICA;2025;2;80;208;0,38461538461538464
HIJPII;UNIDADE INTERNAÇÃO - CLINICA PEDIÁTRICA;2025;3;71;263;0,26996197718631176
HIJPII;UNIDADE INTERNAÇÃO - CLINICA PEDIÁTRICA;2025;4;130;326;0,3987730061349693
HIJPII;UNIDADE INTERNAÇÃO - CLINICA PEDIÁTRICA;2025;5;125;330;0,3787878787878788
HIJPII;UNIDADE INTERNAÇÃO - CLINICA PEDIÁTRICA;2025;6;128;301;0,42524916943521596
HIJPII;UNIDADE INTERNAÇÃO - CLINICA PEDIÁTRICA;2025;7;95;239;0,39748953974895396
HIJPII;UNIDADE INTERNAÇÃO - CLINICA PEDIÁTRICA;2025;8;77;202;0,3811881188118812
HIJPII;UNIDADE INTERNAÇÃO - CLINICA PEDIÁTRICA;2025;9;49;183;0,2677595628415301
HIJPII;UNIDADE INTERNAÇÃO - CLINICA PEDIÁTRICA;2025;10;73;201;0,36318407960199006
HIJPII;UNIDADE INTERNAÇÃO - CLINICA PEDIÁTRICA;2025;11;76;198;0,3838383838383838
HIJPII;UNIDADE INTERNAÇÃO - CLINICA PEDIÁTRICA;2025;12;72;210;0,34285714285714286
HIJPII;UNIDADE INTERNAÇÃO - CLINICA PEDIÁTRICA;2026;1;51;170;0,3
HIJPII;UNIDADE INTERNAÇÃO - CLINICA PEDIÁTRICA;2026;2;61;134;0,4552238805970149
HIJPII;UNIDADE INTERNAÇÃO - CLINICA PEDIÁTRICA;2026;3;65;202;0,3217821782178218
HIJPII;UNIDADE INTERNAÇÃO - CLINICA PEDIÁTRICA;2026;4;77;235;0,3276595744680851
HIJPII;UNIDADE INTERNAÇÃO - CLINICA PEDIÁTRICA;2026;5;80;288;0,2777777777777778
HIJPII;UNIDADE INTERNAÇÃO - CURTO PRAZO;2019;1;12;60;0,2
HIJPII;UNIDADE INTERNAÇÃO - CURTO PRAZO;2019;2;16;69;0,2318840579710145
HIJPII;UNIDADE INTERNAÇÃO - CURTO PRAZO;2019;3;14;134;0,1044776119402985
HIJPII;UNIDADE INTERNAÇÃO - CURTO PRAZO;2019;4;14;170;0,08235294117647059
HIJPII;UNIDADE INTERNAÇÃO - CURTO PRAZO;2019;5;14;141;0,09929078014184398
HIJPII;UNIDADE INTERNAÇÃO - CURTO PRAZO;2019;6;16;125;0,128
HIJPII;UNIDADE INTERNAÇÃO - CURTO PRAZO;2019;7;10;88;0,11363636363636363
HIJPII;UNIDADE INTERNAÇÃO - CURTO PRAZO;2019;8;19;51;0,37254901960784315
HIJPII;UNIDADE INTERNAÇÃO - CURTO PRAZO;2019;9;10;51;0,19607843137254902
HIJPII;UNIDADE INTERNAÇÃO - CURTO PRAZO;2019;10;5;19;0,2631578947368421
HIJPII;UNIDADE INTERNAÇÃO - CURTO PRAZO;2019;11;2;14;0,14285714285714285
HIJPII;UNIDADE INTERNAÇÃO - CURTO PRAZO;2019;12;4;35;0,11428571428571428
HIJPII;UNIDADE INTERNAÇÃO - CURTO PRAZO;2020;1;3;8;0,375
HIJPII;UNIDADE INTERNAÇÃO - CURTO PRAZO;2020;2;6;18;0,3333333333333333
HIJPII;UNIDADE INTERNAÇÃO - CURTO PRAZO;2020;3;9;38;0,23684210526315788
HIJPII;UNIDADE INTERNAÇÃO - CURTO PRAZO;2020;4;1;5;0,2
HIJPII;UNIDADE INTERNAÇÃO - CURTO PRAZO;2020;5;0;5;0,0
HIJPII;UNIDADE INTERNAÇÃO - CURTO PRAZO;2020;6;1;15;0,06666666666666667
HIJPII;UNIDADE INTERNAÇÃO - CURTO PRAZO;2020;7;1;8;0,125
HIJPII;UNIDADE INTERNAÇÃO - CURTO PRAZO;2020;8;1;6;0,16666666666666666
HIJPII;UNIDADE INTERNAÇÃO - CURTO PRAZO;2020;9;2;9;0,2222222222222222
HIJPII;UNIDADE INTERNAÇÃO - CURTO PRAZO;2020;10;4;18;0,2222222222222222
HIJPII;UNIDADE INTERNAÇÃO - CURTO PRAZO;2020;11;6;17;0,35294117647058826
HIJPII;UNIDADE INTERNAÇÃO - CURTO PRAZO;2020;12;3;11;0,2727272727272727
HIJPII;UNIDADE INTERNAÇÃO - CURTO PRAZO;2021;1;7;15;0,4666666666666667
HIJPII;UNIDADE INTERNAÇÃO - CURTO PRAZO;2021;2;6;21;0,2857142857142857
HIJPII;UNIDADE INTERNAÇÃO - CURTO PRAZO;2021;3;6;31;0,1935483870967742
HIJPII;UNIDADE INTERNAÇÃO - CURTO PRAZO;2021;4;6;28;0,21428571428571427
HIJPII;UNIDADE INTERNAÇÃO - CURTO PRAZO;2021;5;4;27;0,14814814814814814
HIJPII;UNIDADE INTERNAÇÃO - CURTO PRAZO;2021;6;6;21;0,2857142857142857
HIJPII;UNIDADE INTERNAÇÃO - CURTO PRAZO;2021;7;8;34;0,23529411764705882
HIJPII;UNIDADE INTERNAÇÃO - CURTO PRAZO;2021;8;3;16;0,1875
HIJPII;UNIDADE INTERNAÇÃO - CURTO PRAZO;2021;9;4;39;0,10256410256410256
HIJPII;UNIDADE INTERNAÇÃO - CURTO PRAZO;2021;10;7;36;0,19444444444444445
HIJPII;UNIDADE INTERNAÇÃO - CURTO PRAZO;2021;11;3;31;0,0967741935483871
HIJPII;UNIDADE INTERNAÇÃO - CURTO PRAZO;2021;12;11;55;0,2
HIJPII;UNIDADE INTERNAÇÃO - CURTO PRAZO;2022;1;15;84;0,17857142857142858
HIJPII;UNIDADE INTERNAÇÃO - CURTO PRAZO;2022;2;18;58;0,3103448275862069
HIJPII;UNIDADE INTERNAÇÃO - CURTO PRAZO;2022;3;19;76;0,25
HIJPII;UNIDADE INTERNAÇÃO - CURTO PRAZO;2022;4;10;44;0,22727272727272727
HIJPII;UNIDADE INTERNAÇÃO - CURTO PRAZO;2022;5;16;71;0,22535211267605634
HIJPII;UNIDADE INTERNAÇÃO - CURTO PRAZO;2022;6;7;57;0,12280701754385964
HIJPII;UNIDADE INTERNAÇÃO - CURTO PRAZO;2022;7;13;62;0,20967741935483872
HIJPII;UNIDADE INTERNAÇÃO - CURTO PRAZO;2022;8;18;42;0,42857142857142855
HIJPII;UNIDADE INTERNAÇÃO - CURTO PRAZO;2022;9;6;38;0,15789473684210525
HIJPII;UNIDADE INTERNAÇÃO - CURTO PRAZO;2022;10;8;45;0,17777777777777778
HIJPII;UNIDADE INTERNAÇÃO - CURTO PRAZO;2022;11;15;65;0,23076923076923078
HIJPII;UNIDADE INTERNAÇÃO - CURTO PRAZO;2022;12;5;29;0,1724137931034483
HIJPII;UNIDADE INTERNAÇÃO - CURTO PRAZO;2023;1;8;27;0,2962962962962963
HIJPII;UNIDADE INTERNAÇÃO - CURTO PRAZO;2023;2;8;36;0,2222222222222222
HIJPII;UNIDADE INTERNAÇÃO - CURTO PRAZO;2023;3;12;62;0,1935483870967742
HIJPII;UNIDADE INTERNAÇÃO - CURTO PRAZO;2023;4;9;59;0,15254237288135594
HIJPII;UNIDADE INTERNAÇÃO - CURTO PRAZO;2023;5;9;77;0,11688311688311688
HIJPII;UNIDADE INTERNAÇÃO - CURTO PRAZO;2023;6;6;46;0,13043478260869565
HIJPII;UNIDADE INTERNAÇÃO - CURTO PRAZO;2023;7;10;73;0,136986301369863
HIJPII;UNIDADE INTERNAÇÃO - CURTO PRAZO;2023;8;8;46;0,17391304347826086
HIJPII;UNIDADE INTERNAÇÃO - CURTO PRAZO;2023;9;11;45;0,24444444444444444
HIJPII;UNIDADE INTERNAÇÃO - CURTO PRAZO;2023;10;9;30;0,3
HIJPII;UNIDADE INTERNAÇÃO - CURTO PRAZO;2023;11;7;28;0,25
HIJPII;UNIDADE INTERNAÇÃO - CURTO PRAZO;2023;12;1;20;0,05
HIJPII;UNIDADE INTERNAÇÃO - CURTO PRAZO;2024;1;9;30;0,3
HIJPII;UNIDADE INTERNAÇÃO - CURTO PRAZO;2024;2;9;51;0,17647058823529413
HIJPII;UNIDADE INTERNAÇÃO - CURTO PRAZO;2024;3;16;126;0,12698412698412698
HIJPII;UNIDADE INTERNAÇÃO - CURTO PRAZO;2024;4;15;101;0,1485148514851485
HIJPII;UNIDADE INTERNAÇÃO - CURTO PRAZO;2024;5;9;51;0,17647058823529413
HIJPII;UNIDADE INTERNAÇÃO - CURTO PRAZO;2024;6;7;34;0,20588235294117646
HIJPII;UNIDADE INTERNAÇÃO - CURTO PRAZO;2024;7;13;38;0,34210526315789475
HIJPII;UNIDADE INTERNAÇÃO - CURTO PRAZO;2024;8;4;22;0,18181818181818182
HIJPII;UNIDADE INTERNAÇÃO - CURTO PRAZO;2024;9;11;44;0,25
HIJPII;UNIDADE INTERNAÇÃO - CURTO PRAZO;2024;10;4;33;0,12121212121212122
HIJPII;UNIDADE INTERNAÇÃO - CURTO PRAZO;2024;11;6;31;0,1935483870967742
HIJPII;UNIDADE INTERNAÇÃO - CURTO PRAZO;2024;12;13;42;0,30952380952380953
HIJPII;UNIDADE INTERNAÇÃO - CURTO PRAZO;2025;1;9;23;0,391304347826087
HIJPII;UNIDADE INTERNAÇÃO - CURTO PRAZO;2025;2;5;16;0,3125
HIJPII;UNIDADE INTERNAÇÃO - CURTO PRAZO;2025;3;6;32;0,1875
HIJPII;UNIDADE INTERNAÇÃO - CURTO PRAZO;2025;4;13;49;0,2653061224489796
HIJPII;UNIDADE INTERNAÇÃO - CURTO PRAZO;2025;5;13;61;0,21311475409836064
HIJPII;UNIDADE INTERNAÇÃO - CURTO PRAZO;2025;6;5;40;0,125
HIJPII;UNIDADE INTERNAÇÃO - CURTO PRAZO;2025;7;4;20;0,2
HIJPII;UNIDADE INTERNAÇÃO - CURTO PRAZO;2025;8;12;25;0,48
HIJPII;UNIDADE INTERNAÇÃO - CURTO PRAZO;2025;9;5;22;0,22727272727272727
HIJPII;UNIDADE INTERNAÇÃO - CURTO PRAZO;2025;10;5;20;0,25
HIJPII;UNIDADE INTERNAÇÃO - CURTO PRAZO;2025;11;4;20;0,2
HIJPII;UNIDADE INTERNAÇÃO - CURTO PRAZO;2025;12;6;27;0,2222222222222222
HIJPII;UNIDADE INTERNAÇÃO - CURTO PRAZO;2026;1;6;31;0,1935483870967742
HIJPII;UNIDADE INTERNAÇÃO - CURTO PRAZO;2026;2;4;18;0,2222222222222222
HIJPII;UNIDADE INTERNAÇÃO - CURTO PRAZO;2026;3;5;31;0,16129032258064516
HIJPII;UNIDADE INTERNAÇÃO - CURTO PRAZO;2026;4;12;59;0,2033898305084746
HIJPII;UNIDADE INTERNAÇÃO - CURTO PRAZO;2026;5;12;52;0,23076923076923078
HIJPII;UNIDADE INTERNAÇÃO - DOENÇAS INFECTO-CONTAGIOSAS E PARASITÁRIAS;2019;1;45;105;0,42857142857142855
HIJPII;UNIDADE INTERNAÇÃO - DOENÇAS INFECTO-CONTAGIOSAS E PARASITÁRIAS;2019;2;36;106;0,33962264150943394
HIJPII;UNIDADE INTERNAÇÃO - DOENÇAS INFECTO-CONTAGIOSAS E PARASITÁRIAS;2019;3;46;136;0,3382352941176471
HIJPII;UNIDADE INTERNAÇÃO - DOENÇAS INFECTO-CONTAGIOSAS E PARASITÁRIAS;2019;4;43;141;0,3049645390070922
HIJPII;UNIDADE INTERNAÇÃO - DOENÇAS INFECTO-CONTAGIOSAS E PARASITÁRIAS;2019;5;84;173;0,48554913294797686
HIJPII;UNIDADE INTERNAÇÃO - DOENÇAS INFECTO-CONTAGIOSAS E PARASITÁRIAS;2019;6;63;151;0,41721854304635764
HIJPII;UNIDADE INTERNAÇÃO - DOENÇAS INFECTO-CONTAGIOSAS E PARASITÁRIAS;2019;7;61;139;0,43884892086330934
HIJPII;UNIDADE INTERNAÇÃO - DOENÇAS INFECTO-CONTAGIOSAS E PARASITÁRIAS;2019;8;50;128;0,390625
HIJPII;UNIDADE INTERNAÇÃO - DOENÇAS INFECTO-CONTAGIOSAS E PARASITÁRIAS;2019;9;61;152;0,40131578947368424
HIJPII;UNIDADE INTERNAÇÃO - DOENÇAS INFECTO-CONTAGIOSAS E PARASITÁRIAS;2019;10;53;125;0,424
HIJPII;UNIDADE INTERNAÇÃO - DOENÇAS INFECTO-CONTAGIOSAS E PARASITÁRIAS;2019;11;68;106;0,6415094339622641
HIJPII;UNIDADE INTERNAÇÃO - DOENÇAS INFECTO-CONTAGIOSAS E PARASITÁRIAS;2019;12;67;149;0,44966442953020136
HIJPII;UNIDADE INTERNAÇÃO - DOENÇAS INFECTO-CONTAGIOSAS E PARASITÁRIAS;2020;1;46;90;0,5111111111111111
HIJPII;UNIDADE INTERNAÇÃO - DOENÇAS INFECTO-CONTAGIOSAS E PARASITÁRIAS;2020;2;53;111;0,4774774774774775
HIJPII;UNIDADE INTERNAÇÃO - DOENÇAS INFECTO-CONTAGIOSAS E PARASITÁRIAS;2020;3;70;175;0,4
HIJPII;UNIDADE INTERNAÇÃO - DOENÇAS INFECTO-CONTAGIOSAS E PARASITÁRIAS;2020;4;21;79;0,26582278481012656
HIJPII;UNIDADE INTERNAÇÃO - DOENÇAS INFECTO-CONTAGIOSAS E PARASITÁRIAS;2020;5;33;80;0,4125
HIJPII;UNIDADE INTERNAÇÃO - DOENÇAS INFECTO-CONTAGIOSAS E PARASITÁRIAS;2020;6;29;150;0,19333333333333333
HIJPII;UNIDADE INTERNAÇÃO - DOENÇAS INFECTO-CONTAGIOSAS E PARASITÁRIAS;2020;7;30;193;0,15544041450777202
HIJPII;UNIDADE INTERNAÇÃO - DOENÇAS INFECTO-CONTAGIOSAS E PARASITÁRIAS;2020;8;27;135;0,2
HIJPII;UNIDADE INTERNAÇÃO - DOENÇAS INFECTO-CONTAGIOSAS E PARASITÁRIAS;2020;9;15;108;0,1388888888888889
HIJPII;UNIDADE INTERNAÇÃO - DOENÇAS INFECTO-CONTAGIOSAS E PARASITÁRIAS;2020;10;22;112;0,19642857142857142
HIJPII;UNIDADE INTERNAÇÃO - DOENÇAS INFECTO-CONTAGIOSAS E PARASITÁRIAS;2020;11;20;137;0,145985401459854
HIJPII;UNIDADE INTERNAÇÃO - DOENÇAS INFECTO-CONTAGIOSAS E PARASITÁRIAS;2020;12;21;135;0,15555555555555556
HIJPII;UNIDADE INTERNAÇÃO - DOENÇAS INFECTO-CONTAGIOSAS E PARASITÁRIAS;2021;1;24;128;0,1875
HIJPII;UNIDADE INTERNAÇÃO - DOENÇAS INFECTO-CONTAGIOSAS E PARASITÁRIAS;2021;2;14;143;0,0979020979020979
HIJPII;UNIDADE INTERNAÇÃO - DOENÇAS INFECTO-CONTAGIOSAS E PARASITÁRIAS;2021;3;21;182;0,11538461538461539
HIJPII;UNIDADE INTERNAÇÃO - DOENÇAS INFECTO-CONTAGIOSAS E PARASITÁRIAS;2021;4;13;165;0,07878787878787878
HIJPII;UNIDADE INTERNAÇÃO - DOENÇAS INFECTO-CONTAGIOSAS E PARASITÁRIAS;2021;5;14;144;0,09722222222222222
HIJPII;UNIDADE INTERNAÇÃO - DOENÇAS INFECTO-CONTAGIOSAS E PARASITÁRIAS;2021;6;23;134;0,17164179104477612
HIJPII;UNIDADE INTERNAÇÃO - DOENÇAS INFECTO-CONTAGIOSAS E PARASITÁRIAS;2021;7;53;137;0,38686131386861317
HIJPII;UNIDADE INTERNAÇÃO - DOENÇAS INFECTO-CONTAGIOSAS E PARASITÁRIAS;2021;8;35;130;0,2692307692307692
HIJPII;UNIDADE INTERNAÇÃO - DOENÇAS INFECTO-CONTAGIOSAS E PARASITÁRIAS;2021;9;18;132;0,13636363636363635
HIJPII;UNIDADE INTERNAÇÃO - DOENÇAS INFECTO-CONTAGIOSAS E PARASITÁRIAS;2021;10;23;145;0,15862068965517243
HIJPII;UNIDADE INTERNAÇÃO - DOENÇAS INFECTO-CONTAGIOSAS E PARASITÁRIAS;2021;11;11;150;0,07333333333333333
HIJPII;UNIDADE INTERNAÇÃO - DOENÇAS INFECTO-CONTAGIOSAS E PARASITÁRIAS;2021;12;18;193;0,09326424870466321
HIJPII;UNIDADE INTERNAÇÃO - DOENÇAS INFECTO-CONTAGIOSAS E PARASITÁRIAS;2022;1;25;144;0,1736111111111111
HIJPII;UNIDADE INTERNAÇÃO - DOENÇAS INFECTO-CONTAGIOSAS E PARASITÁRIAS;2022;2;20;112;0,17857142857142858
HIJPII;UNIDADE INTERNAÇÃO - DOENÇAS INFECTO-CONTAGIOSAS E PARASITÁRIAS;2022;3;46;195;0,2358974358974359
HIJPII;UNIDADE INTERNAÇÃO - DOENÇAS INFECTO-CONTAGIOSAS E PARASITÁRIAS;2022;4;32;144;0,2222222222222222
HIJPII;UNIDADE INTERNAÇÃO - DOENÇAS INFECTO-CONTAGIOSAS E PARASITÁRIAS;2022;5;13;131;0,09923664122137404
HIJPII;UNIDADE INTERNAÇÃO - DOENÇAS INFECTO-CONTAGIOSAS E PARASITÁRIAS;2022;6;25;138;0,18115942028985507
HIJPII;UNIDADE INTERNAÇÃO - DOENÇAS INFECTO-CONTAGIOSAS E PARASITÁRIAS;2022;7;18;128;0,140625
HIJPII;UNIDADE INTERNAÇÃO - DOENÇAS INFECTO-CONTAGIOSAS E PARASITÁRIAS;2022;8;20;128;0,15625
HIJPII;UNIDADE INTERNAÇÃO - DOENÇAS INFECTO-CONTAGIOSAS E PARASITÁRIAS;2022;9;37;114;0,32456140350877194
HIJPII;UNIDADE INTERNAÇÃO - DOENÇAS INFECTO-CONTAGIOSAS E PARASITÁRIAS;2022;10;44;122;0,36065573770491804
HIJPII;UNIDADE INTERNAÇÃO - DOENÇAS INFECTO-CONTAGIOSAS E PARASITÁRIAS;2022;11;15;138;0,10869565217391304
HIJPII;UNIDADE INTERNAÇÃO - DOENÇAS INFECTO-CONTAGIOSAS E PARASITÁRIAS;2022;12;19;143;0,13286713286713286
HIJPII;UNIDADE INTERNAÇÃO - DOENÇAS INFECTO-CONTAGIOSAS E PARASITÁRIAS;2023;1;24;95;0,25263157894736843
HIJPII;UNIDADE INTERNAÇÃO - DOENÇAS INFECTO-CONTAGIOSAS E PARASITÁRIAS;2023;2;9;134;0,06716417910447761
HIJPII;UNIDADE INTERNAÇÃO - DOENÇAS INFECTO-CONTAGIOSAS E PARASITÁRIAS;2023;3;14;152;0,09210526315789473
HIJPII;UNIDADE INTERNAÇÃO - DOENÇAS INFECTO-CONTAGIOSAS E PARASITÁRIAS;2023;4;20;152;0,13157894736842105
HIJPII;UNIDADE INTERNAÇÃO - DOENÇAS INFECTO-CONTAGIOSAS E PARASITÁRIAS;2023;5;11;139;0,07913669064748201
HIJPII;UNIDADE INTERNAÇÃO - DOENÇAS INFECTO-CONTAGIOSAS E PARASITÁRIAS;2023;6;42;118;0,3559322033898305
HIJPII;UNIDADE INTERNAÇÃO - DOENÇAS INFECTO-CONTAGIOSAS E PARASITÁRIAS;2023;7;26;133;0,19548872180451127
HIJPII;UNIDADE INTERNAÇÃO - DOENÇAS INFECTO-CONTAGIOSAS E PARASITÁRIAS;2023;8;21;119;0,17647058823529413
HIJPII;UNIDADE INTERNAÇÃO - DOENÇAS INFECTO-CONTAGIOSAS E PARASITÁRIAS;2023;9;18;122;0,14754098360655737
HIJPII;UNIDADE INTERNAÇÃO - DOENÇAS INFECTO-CONTAGIOSAS E PARASITÁRIAS;2023;10;19;89;0,21348314606741572
HIJPII;UNIDADE INTERNAÇÃO - DOENÇAS INFECTO-CONTAGIOSAS E PARASITÁRIAS;2023;11;21;91;0,23076923076923078
HIJPII;UNIDADE INTERNAÇÃO - DOENÇAS INFECTO-CONTAGIOSAS E PARASITÁRIAS;2023;12;14;92;0,15217391304347827
HIJPII;UNIDADE INTERNAÇÃO - DOENÇAS INFECTO-CONTAGIOSAS E PARASITÁRIAS;2024;1;18;79;0,22784810126582278
HIJPII;UNIDADE INTERNAÇÃO - DOENÇAS INFECTO-CONTAGIOSAS E PARASITÁRIAS;2024;2;22;138;0,15942028985507245
HIJPII;UNIDADE INTERNAÇÃO - DOENÇAS INFECTO-CONTAGIOSAS E PARASITÁRIAS;2024;3;45;149;0,30201342281879195
HIJPII;UNIDADE INTERNAÇÃO - DOENÇAS INFECTO-CONTAGIOSAS E PARASITÁRIAS;2024;4;68;170;0,4
HIJPII;UNIDADE INTERNAÇÃO - DOENÇAS INFECTO-CONTAGIOSAS E PARASITÁRIAS;2024;5;35;142;0,24647887323943662
HIJPII;UNIDADE INTERNAÇÃO - DOENÇAS INFECTO-CONTAGIOSAS E PARASITÁRIAS;2024;6;23;102;0,22549019607843138
HIJPII;UNIDADE INTERNAÇÃO - DOENÇAS INFECTO-CONTAGIOSAS E PARASITÁRIAS;2024;7;46;109;0,42201834862385323
HIJPII;UNIDADE INTERNAÇÃO - DOENÇAS INFECTO-CONTAGIOSAS E PARASITÁRIAS;2024;8;41;88;0,4659090909090909
HIJPII;UNIDADE INTERNAÇÃO - DOENÇAS INFECTO-CONTAGIOSAS E PARASITÁRIAS;2024;9;37;100;0,37
HIJPII;UNIDADE INTERNAÇÃO - DOENÇAS INFECTO-CONTAGIOSAS E PARASITÁRIAS;2024;10;54;119;0,453781512605042
HIJPII;UNIDADE INTERNAÇÃO - DOENÇAS INFECTO-CONTAGIOSAS E PARASITÁRIAS;2024;11;43;96;0,4479166666666667
HIJPII;UNIDADE INTERNAÇÃO - DOENÇAS INFECTO-CONTAGIOSAS E PARASITÁRIAS;2024;12;44;111;0,3963963963963964
HIJPII;UNIDADE INTERNAÇÃO - DOENÇAS INFECTO-CONTAGIOSAS E PARASITÁRIAS;2025;1;36;78;0,46153846153846156
HIJPII;UNIDADE INTERNAÇÃO - DOENÇAS INFECTO-CONTAGIOSAS E PARASITÁRIAS;2025;2;42;119;0,35294117647058826
HIJPII;UNIDADE INTERNAÇÃO - DOENÇAS INFECTO-CONTAGIOSAS E PARASITÁRIAS;2025;3;45;150;0,3
HIJPII;UNIDADE INTERNAÇÃO - DOENÇAS INFECTO-CONTAGIOSAS E PARASITÁRIAS;2025;4;54;153;0,35294117647058826
HIJPII;UNIDADE INTERNAÇÃO - DOENÇAS INFECTO-CONTAGIOSAS E PARASITÁRIAS;2025;5;64;169;0,378698224852071
HIJPII;UNIDADE INTERNAÇÃO - DOENÇAS INFECTO-CONTAGIOSAS E PARASITÁRIAS;2025;6;62;156;0,3974358974358974
HIJPII;UNIDADE INTERNAÇÃO - DOENÇAS INFECTO-CONTAGIOSAS E PARASITÁRIAS;2025;7;38;119;0,31932773109243695
HIJPII;UNIDADE INTERNAÇÃO - DOENÇAS INFECTO-CONTAGIOSAS E PARASITÁRIAS;2025;8;34;90;0,37777777777777777
HIJPII;UNIDADE INTERNAÇÃO - DOENÇAS INFECTO-CONTAGIOSAS E PARASITÁRIAS;2025;9;33;93;0,3548387096774194
HIJPII;UNIDADE INTERNAÇÃO - DOENÇAS INFECTO-CONTAGIOSAS E PARASITÁRIAS;2025;10;40;105;0,38095238095238093
HIJPII;UNIDADE INTERNAÇÃO - DOENÇAS INFECTO-CONTAGIOSAS E PARASITÁRIAS;2025;11;42;117;0,358974358974359
HIJPII;UNIDADE INTERNAÇÃO - DOENÇAS INFECTO-CONTAGIOSAS E PARASITÁRIAS;2025;12;45;129;0,3488372093023256
HIJPII;UNIDADE INTERNAÇÃO - DOENÇAS INFECTO-CONTAGIOSAS E PARASITÁRIAS;2026;1;43;81;0,5308641975308642
HIJPII;UNIDADE INTERNAÇÃO - DOENÇAS INFECTO-CONTAGIOSAS E PARASITÁRIAS;2026;2;39;89;0,43820224719101125
HIJPII;UNIDADE INTERNAÇÃO - DOENÇAS INFECTO-CONTAGIOSAS E PARASITÁRIAS;2026;3;59;158;0,37341772151898733
HIJPII;UNIDADE INTERNAÇÃO - DOENÇAS INFECTO-CONTAGIOSAS E PARASITÁRIAS;2026;4;70;160;0,4375
HIJPII;UNIDADE INTERNAÇÃO - DOENÇAS INFECTO-CONTAGIOSAS E PARASITÁRIAS;2026;5;64;142;0,4507042253521127
HIJPII;UTI;2019;1;1;4;0,25
HIJPII;UTI;2019;2;1;6;0,16666666666666666
HIJPII;UTI;2019;3;0;6;0,0
HIJPII;UTI;2019;4;0;5;0,0
HIJPII;UTI;2019;5;0;3;0,0
HIJPII;UTI;2019;6;2;5;0,4
HIJPII;UTI;2019;7;1;4;0,25
HIJPII;UTI;2019;8;2;9;0,2222222222222222
HIJPII;UTI;2019;9;0;5;0,0
HIJPII;UTI;2019;10;2;12;0,16666666666666666
HIJPII;UTI;2019;11;0;6;0,0
HIJPII;UTI;2019;12;0;7;0,0
HIJPII;UTI;2020;1;5;8;0,625
HIJPII;UTI;2020;2;3;10;0,3
HIJPII;UTI;2020;3;1;9;0,1111111111111111
HIJPII;UTI;2020;4;2;7;0,2857142857142857
HIJPII;UTI;2020;5;0;13;0,0
HIJPII;UTI;2020;6;1;10;0,1
HIJPII;UTI;2020;7;0;6;0,0
HIJPII;UTI;2020;8;3;8;0,375
HIJPII;UTI;2020;9;4;7;0,5714285714285714
HIJPII;UTI;2020;10;2;5;0,4
HIJPII;UTI;2020;11;2;11;0,18181818181818182
HIJPII;UTI;2020;12;1;9;0,1111111111111111
HIJPII;UTI;2021;1;1;7;0,14285714285714285
HIJPII;UTI;2021;2;1;9;0,1111111111111111
HIJPII;UTI;2021;3;0;2;0,0
HIJPII;UTI;2021;4;0;3;0,0
HIJPII;UTI;2021;5;2;5;0,4
HIJPII;UTI;2021;6;1;5;0,2
HIJPII;UTI;2021;7;1;4;0,25
HIJPII;UTI;2021;8;0;9;0,0
HIJPII;UTI;2021;9;2;8;0,25
HIJPII;UTI;2021;10;2;8;0,25
HIJPII;UTI;2021;11;0;8;0,0
HIJPII;UTI;2021;12;1;4;0,25
HIJPII;UTI;2022;1;1;7;0,14285714285714285
HIJPII;UTI;2022;2;1;6;0,16666666666666666
HIJPII;UTI;2022;3;3;11;0,2727272727272727
HIJPII;UTI;2022;4;1;10;0,1
HIJPII;UTI;2022;5;2;7;0,2857142857142857
HIJPII;UTI;2022;6;0;8;0,0
HIJPII;UTI;2022;7;2;5;0,4
HIJPII;UTI;2022;8;1;2;0,5
HIJPII;UTI;2022;9;1;9;0,1111111111111111
HIJPII;UTI;2022;10;2;6;0,3333333333333333
HIJPII;UTI;2022;11;2;7;0,2857142857142857
HIJPII;UTI;2022;12;0;2;0,0
HIJPII;UTI;2023;1;0;4;0,0
HIJPII;UTI;2023;2;1;2;0,5
HIJPII;UTI;2023;3;1;6;0,16666666666666666
HIJPII;UTI;2023;4;0;6;0,0
HIJPII;UTI;2023;5;0;4;0,0
HIJPII;UTI;2023;6;2;7;0,2857142857142857
HIJPII;UTI;2023;7;0;3;0,0
HIJPII;UTI;2023;8;0;9;0,0
HIJPII;UTI;2023;9;0;6;0,0
HIJPII;UTI;2023;10;0;6;0,0
HIJPII;UTI;2023;11;3;7;0,42857142857142855
HIJPII;UTI;2023;12;5;7;0,7142857142857143
HIJPII;UTI;2024;1;0;5;0,0
HIJPII;UTI;2024;2;1;5;0,2
HIJPII;UTI;2024;3;1;3;0,3333333333333333
HIJPII;UTI;2024;4;1;3;0,3333333333333333
HIJPII;UTI;2024;5;1;7;0,14285714285714285
HIJPII;UTI;2024;6;1;4;0,25
HIJPII;UTI;2024;7;1;6;0,16666666666666666
HIJPII;UTI;2024;8;2;7;0,2857142857142857
HIJPII;UTI;2024;9;1;6;0,16666666666666666
HIJPII;UTI;2024;10;4;7;0,5714285714285714
HIJPII;UTI;2024;11;0;5;0,0
HIJPII;UTI;2024;12;3;9;0,3333333333333333
HIJPII;UTI;2025;1;1;4;0,25
HIJPII;UTI;2025;2;0;3;0,0
HIJPII;UTI;2025;3;1;4;0,25
HIJPII;UTI;2025;4;2;9;0,2222222222222222
HIJPII;UTI;2025;5;1;7;0,14285714285714285
HIJPII;UTI;2025;6;0;4;0,0
HIJPII;UTI;2025;7;4;5;0,8
HIJPII;UTI;2025;8;0;2;0,0
HIJPII;UTI;2025;9;1;3;0,3333333333333333
HIJPII;UTI;2025;10;1;5;0,2
HIJPII;UTI;2025;11;3;12;0,25
HIJPII;UTI;2025;12;3;7;0,42857142857142855
HIJPII;UTI;2026;1;3;7;0,42857142857142855
HIJPII;UTI;2026;2;1;3;0,3333333333333333
HIJPII;UTI;2026;3;1;4;0,25
HIJPII;UTI;2026;4;3;8;0,375
HIJPII;UTI;2026;5;5;7;0,7142857142857143
HJK;ALOJAMENTO CONJUNTO;2019;1;60;265;0,22641509433962265
HJK;ALOJAMENTO CONJUNTO;2019;2;54;284;0,19014084507042253
HJK;ALOJAMENTO CONJUNTO;2019;3;32;329;0,0972644376899696
HJK;ALOJAMENTO CONJUNTO;2019;4;66;295;0,22372881355932203
HJK;ALOJAMENTO CONJUNTO;2019;5;35;269;0,13011152416356878
HJK;ALOJAMENTO CONJUNTO;2019;6;56;272;0,20588235294117646
HJK;ALOJAMENTO CONJUNTO;2019;7;47;249;0,18875502008032127
HJK;ALOJAMENTO CONJUNTO;2019;8;48;286;0,16783216783216784
HJK;ALOJAMENTO CONJUNTO;2019;9;70;294;0,23809523809523808
HJK;ALOJAMENTO CONJUNTO;2019;10;66;266;0,24812030075187969
HJK;ALOJAMENTO CONJUNTO;2019;11;59;280;0,21071428571428572
HJK;ALOJAMENTO CONJUNTO;2019;12;78;296;0,2635135135135135
HJK;ALOJAMENTO CONJUNTO;2020;1;52;277;0,18772563176895307
HJK;ALOJAMENTO CONJUNTO;2020;2;71;263;0,26996197718631176
HJK;ALOJAMENTO CONJUNTO;2020;3;23;293;0,07849829351535836
HJK;ALOJAMENTO CONJUNTO;2020;4;14;206;0,06796116504854369
HJK;ALOJAMENTO CONJUNTO;2020;5;22;234;0,09401709401709402
HJK;ALOJAMENTO CONJUNTO;2020;6;36;214;0,16822429906542055
HJK;ALOJAMENTO CONJUNTO;2020;7;51;219;0,2328767123287671
HJK;ALOJAMENTO CONJUNTO;2020;8;57;205;0,2780487804878049
HJK;ALOJAMENTO CONJUNTO;2020;9;73;217;0,33640552995391704
HJK;ALOJAMENTO CONJUNTO;2020;10;50;233;0,2145922746781116
HJK;ALOJAMENTO CONJUNTO;2020;11;40;239;0,16736401673640167
HJK;ALOJAMENTO CONJUNTO;2020;12;56;243;0,23045267489711935
HJK;ALOJAMENTO CONJUNTO;2021;1;33;200;0,165
HJK;ALOJAMENTO CONJUNTO;2021;2;44;230;0,19130434782608696
HJK;ALOJAMENTO CONJUNTO;2021;3;34;282;0,12056737588652482
HJK;ALOJAMENTO CONJUNTO;2021;4;20;182;0,10989010989010989
HJK;ALOJAMENTO CONJUNTO;2021;5;17;234;0,07264957264957266
HJK;ALOJAMENTO CONJUNTO;2021;6;30;212;0,14150943396226415
HJK;ALOJAMENTO CONJUNTO;2021;7;26;242;0,10743801652892562
HJK;ALOJAMENTO CONJUNTO;2021;8;30;250;0,12
HJK;ALOJAMENTO CONJUNTO;2021;9;41;202;0,20297029702970298
HJK;ALOJAMENTO CONJUNTO;2021;10;25;257;0,09727626459143969
HJK;ALOJAMENTO CONJUNTO;2021;11;48;211;0,22748815165876776
HJK;ALOJAMENTO CONJUNTO;2021;12;51;217;0,2350230414746544
HJK;ALOJAMENTO CONJUNTO;2022;1;58;210;0,2761904761904762
HJK;ALOJAMENTO CONJUNTO;2022;2;68;190;0,35789473684210527
HJK;ALOJAMENTO CONJUNTO;2022;3;28;258;0,10852713178294573
HJK;ALOJAMENTO CONJUNTO;2022;4;13;238;0,0546218487394958
HJK;ALOJAMENTO CONJUNTO;2022;5;38;204;0,18627450980392157
HJK;ALOJAMENTO CONJUNTO;2022;6;25;198;0,12626262626262627
HJK;ALOJAMENTO CONJUNTO;2022;7;45;203;0,22167487684729065
HJK;ALOJAMENTO CONJUNTO;2022;8;51;216;0,2361111111111111
HJK;ALOJAMENTO CONJUNTO;2022;9;30;226;0,13274336283185842
HJK;ALOJAMENTO CONJUNTO;2022;10;34;197;0,17258883248730963
HJK;ALOJAMENTO CONJUNTO;2022;11;36;200;0,18
HJK;ALOJAMENTO CONJUNTO;2022;12;44;244;0,18032786885245902
HJK;ALOJAMENTO CONJUNTO;2023;1;34;208;0,16346153846153846
HJK;ALOJAMENTO CONJUNTO;2023;2;26;212;0,12264150943396226
HJK;ALOJAMENTO CONJUNTO;2023;3;22;243;0,09053497942386832
HJK;ALOJAMENTO CONJUNTO;2023;4;22;225;0,09777777777777778
HJK;ALOJAMENTO CONJUNTO;2023;5;38;248;0,1532258064516129
HJK;ALOJAMENTO CONJUNTO;2023;6;77;229;0,33624454148471616
HJK;ALOJAMENTO CONJUNTO;2023;7;32;270;0,11851851851851852
HJK;ALOJAMENTO CONJUNTO;2023;8;34;280;0,12142857142857143
HJK;ALOJAMENTO CONJUNTO;2023;9;73;240;0,30416666666666664
HJK;ALOJAMENTO CONJUNTO;2023;10;27;251;0,10756972111553785
HJK;ALOJAMENTO CONJUNTO;2023;11;42;250;0,168
HJK;ALOJAMENTO CONJUNTO;2023;12;39;253;0,1541501976284585
HJK;ALOJAMENTO CONJUNTO;2024;1;54;255;0,21176470588235294
HJK;ALOJAMENTO CONJUNTO;2024;2;66;253;0,2608695652173913
HJK;ALOJAMENTO CONJUNTO;2024;3;46;294;0,1564625850340136
HJK;ALOJAMENTO CONJUNTO;2024;4;46;283;0,1625441696113074
HJK;ALOJAMENTO CONJUNTO;2024;5;33;308;0,10714285714285714
HJK;ALOJAMENTO CONJUNTO;2024;6;51;263;0,19391634980988592
HJK;ALOJAMENTO CONJUNTO;2024;7;61;284;0,2147887323943662
HJK;ALOJAMENTO CONJUNTO;2024;8;78;270;0,28888888888888886
HJK;ALOJAMENTO CONJUNTO;2024;9;85;237;0,35864978902953587
HJK;ALOJAMENTO CONJUNTO;2024;10;60;263;0,22813688212927757
HJK;ALOJAMENTO CONJUNTO;2024;11;41;222;0,18468468468468469
HJK;ALOJAMENTO CONJUNTO;2024;12;23;261;0,08812260536398467
HJK;ALOJAMENTO CONJUNTO;2025;1;33;285;0,11578947368421053
HJK;ALOJAMENTO CONJUNTO;2025;2;35;284;0,12323943661971831
HJK;ALOJAMENTO CONJUNTO;2025;3;34;284;0,11971830985915492
HJK;ALOJAMENTO CONJUNTO;2025;4;64;301;0,21262458471760798
HJK;ALOJAMENTO CONJUNTO;2025;5;75;279;0,26881720430107525
HJK;ALOJAMENTO CONJUNTO;2025;6;55;274;0,20072992700729927
HJK;ALOJAMENTO CONJUNTO;2025;7;61;277;0,22021660649819494
HJK;ALOJAMENTO CONJUNTO;2025;8;32;245;0,1306122448979592
HJK;ALOJAMENTO CONJUNTO;2025;9;56;259;0,21621621621621623
HJK;ALOJAMENTO CONJUNTO;2025;10;77;225;0,3422222222222222
HJK;ALOJAMENTO CONJUNTO;2025;11;76;225;0,3377777777777778
HJK;ALOJAMENTO CONJUNTO;2025;12;72;244;0,29508196721311475
HJK;ALOJAMENTO CONJUNTO;2026;1;52;228;0,22807017543859648
HJK;ALOJAMENTO CONJUNTO;2026;2;62;240;0,25833333333333336
HJK;ALOJAMENTO CONJUNTO;2026;3;15;257;0,058365758754863814
HJK;ALOJAMENTO CONJUNTO;2026;4;36;233;0,15450643776824036
HJK;ALOJAMENTO CONJUNTO;2026;5;48;222;0,21621621621621623
HJK;AMBULATORIO - ASSISTENCIA SAÚDE DA MULHER;2025;1;0;1;0,0
HJK;AMBULATORIO - ASSISTENCIA SAÚDE DA MULHER;2025;9;0;1;0,0
HJK;AMBULATORIO ESPECIALIDADES MEDICAS;2024;6;0;1;0,0
HJK;CLINICA CIRÚRGICA - ALA A;2026;2;12;49;0,24489795918367346
HJK;CLINICA CIRÚRGICA - ALA A;2026;3;102;223;0,45739910313901344
HJK;CLINICA CIRÚRGICA - ALA A;2026;4;85;201;0,4228855721393035
HJK;CLINICA CIRÚRGICA - ALA A;2026;5;107;239;0,4476987447698745
HJK;CLINICA MEDICA - ALA C;2026;2;3;33;0,09090909090909091
HJK;CLINICA MEDICA - ALA C;2026;3;28;119;0,23529411764705882
HJK;CLINICA MEDICA - ALA C;2026;4;27;115;0,23478260869565218
HJK;CLINICA MEDICA - ALA C;2026;5;29;133;0,21804511278195488
HJK;CLINICA MÉDICA - ALA E;2026;2;0;20;0,0
HJK;CLINICA MÉDICA - ALA E;2026;3;19;88;0,2159090909090909
HJK;CLINICA MÉDICA - ALA E;2026;4;18;77;0,23376623376623376
HJK;CLINICA MÉDICA - ALA E;2026;5;15;89;0,16853932584269662
HJK;CLINICA MÉDICA - ALA G;2026;2;3;20;0,15
HJK;CLINICA MÉDICA - ALA G;2026;3;12;54;0,2222222222222222
HJK;CLINICA MÉDICA - ALA G;2026;4;7;47;0,14893617021276595
HJK;CLINICA MÉDICA - ALA G;2026;5;6;35;0,17142857142857143
HJK;CLINICA PNEUMOLÓGICA - ALA D;2026;2;4;27;0,14814814814814814
HJK;CLINICA PNEUMOLÓGICA - ALA D;2026;3;49;116;0,4224137931034483
HJK;CLINICA PNEUMOLÓGICA - ALA D;2026;4;34;112;0,30357142857142855
HJK;CLINICA PNEUMOLÓGICA - ALA D;2026;5;47;127;0,3700787401574803
HJK;CLINICA TISIOLÓGICA - ALA G;2026;2;1;5;0,2
HJK;CLINICA TISIOLÓGICA - ALA G;2026;3;0;9;0,0
HJK;CLINICA TISIOLÓGICA - ALA G;2026;4;2;10;0,2
HJK;CLINICA TISIOLÓGICA - ALA G;2026;5;0;14;0,0
HJK;PRÉ PARTO / PPP;2026;2;0;1;0,0
HJK;PRÉ PARTO / PPP;2026;3;2;20;0,1
HJK;PRÉ PARTO / PPP;2026;4;5;15;0,3333333333333333
HJK;PRÉ PARTO / PPP;2026;5;7;26;0,2692307692307692
HJK;PRÉ-PARTO;2025;8;1;13;0,07692307692307693
HJK;PRÉ-PARTO;2025;9;5;21;0,23809523809523808
HJK;PRÉ-PARTO;2025;10;4;26;0,15384615384615385
HJK;PRÉ-PARTO;2025;11;4;27;0,14814814814814814
HJK;PRÉ-PARTO;2025;12;5;34;0,14705882352941177
HJK;PRÉ-PARTO;2026;1;1;24;0,041666666666666664
HJK;PRÉ-PARTO;2026;2;4;17;0,23529411764705882
HJK;UCI - UNIDADE DE CUIDADO INTERMEDIARIO NEONATAL CANGURU;2025;8;2;10;0,2
HJK;UCI - UNIDADE DE CUIDADO INTERMEDIARIO NEONATAL CANGURU;2025;9;8;27;0,2962962962962963
HJK;UCI - UNIDADE DE CUIDADO INTERMEDIARIO NEONATAL CANGURU;2025;10;12;30;0,4
HJK;UCI - UNIDADE DE CUIDADO INTERMEDIARIO NEONATAL CANGURU;2025;11;4;21;0,19047619047619047
HJK;UCI - UNIDADE DE CUIDADO INTERMEDIARIO NEONATAL CANGURU;2025;12;6;34;0,17647058823529413
HJK;UCI - UNIDADE DE CUIDADO INTERMEDIARIO NEONATAL CANGURU;2026;1;14;33;0,42424242424242425
HJK;UCI - UNIDADE DE CUIDADO INTERMEDIARIO NEONATAL CANGURU;2026;2;3;16;0,1875
HJK;UCI - UNIDADE DE CUIDADO INTERMEDIARIO NEONATAL CONVENCIONAL;2022;5;1;1;1,0
HJK;UCI - UNIDADE DE CUIDADO INTERMEDIARIO NEONATAL CONVENCIONAL;2022;6;4;8;0,5
HJK;UCI - UNIDADE DE CUIDADO INTERMEDIARIO NEONATAL CONVENCIONAL;2022;7;2;3;0,6666666666666666
HJK;UCI - UNIDADE DE CUIDADO INTERMEDIARIO NEONATAL CONVENCIONAL;2022;8;5;6;0,8333333333333334
HJK;UCI - UNIDADE DE CUIDADO INTERMEDIARIO NEONATAL CONVENCIONAL;2022;9;1;3;0,3333333333333333
HJK;UCI - UNIDADE DE CUIDADO INTERMEDIARIO NEONATAL CONVENCIONAL;2022;10;4;7;0,5714285714285714
HJK;UCI - UNIDADE DE CUIDADO INTERMEDIARIO NEONATAL CONVENCIONAL;2022;11;1;3;0,3333333333333333
HJK;UCI - UNIDADE DE CUIDADO INTERMEDIARIO NEONATAL CONVENCIONAL;2022;12;2;8;0,25
HJK;UCI - UNIDADE DE CUIDADO INTERMEDIARIO NEONATAL CONVENCIONAL;2023;1;5;5;1,0
HJK;UCI - UNIDADE DE CUIDADO INTERMEDIARIO NEONATAL CONVENCIONAL;2023;2;5;10;0,5
HJK;UCI - UNIDADE DE CUIDADO INTERMEDIARIO NEONATAL CONVENCIONAL;2023;3;8;12;0,6666666666666666
HJK;UCI - UNIDADE DE CUIDADO INTERMEDIARIO NEONATAL CONVENCIONAL;2023;4;3;6;0,5
HJK;UCI - UNIDADE DE CUIDADO INTERMEDIARIO NEONATAL CONVENCIONAL;2023;5;4;7;0,5714285714285714
HJK;UCI - UNIDADE DE CUIDADO INTERMEDIARIO NEONATAL CONVENCIONAL;2023;6;7;18;0,3888888888888889
HJK;UCI - UNIDADE DE CUIDADO INTERMEDIARIO NEONATAL CONVENCIONAL;2023;7;5;8;0,625
HJK;UCI - UNIDADE DE CUIDADO INTERMEDIARIO NEONATAL CONVENCIONAL;2023;8;3;5;0,6
HJK;UCI - UNIDADE DE CUIDADO INTERMEDIARIO NEONATAL CONVENCIONAL;2023;9;4;6;0,6666666666666666
HJK;UCI - UNIDADE DE CUIDADO INTERMEDIARIO NEONATAL CONVENCIONAL;2023;10;8;12;0,6666666666666666
HJK;UCI - UNIDADE DE CUIDADO INTERMEDIARIO NEONATAL CONVENCIONAL;2023;11;5;9;0,5555555555555556
HJK;UCI - UNIDADE DE CUIDADO INTERMEDIARIO NEONATAL CONVENCIONAL;2023;12;14;17;0,8235294117647058
HJK;UCI - UNIDADE DE CUIDADO INTERMEDIARIO NEONATAL CONVENCIONAL;2024;1;7;10;0,7
HJK;UCI - UNIDADE DE CUIDADO INTERMEDIARIO NEONATAL CONVENCIONAL;2024;2;7;8;0,875
HJK;UCI - UNIDADE DE CUIDADO INTERMEDIARIO NEONATAL CONVENCIONAL;2024;3;2;10;0,2
HJK;UCI - UNIDADE DE CUIDADO INTERMEDIARIO NEONATAL CONVENCIONAL;2024;4;7;10;0,7
HJK;UCI - UNIDADE DE CUIDADO INTERMEDIARIO NEONATAL CONVENCIONAL;2024;5;2;13;0,15384615384615385
HJK;UCI - UNIDADE DE CUIDADO INTERMEDIARIO NEONATAL CONVENCIONAL;2024;6;2;7;0,2857142857142857
HJK;UCI - UNIDADE DE CUIDADO INTERMEDIARIO NEONATAL CONVENCIONAL;2024;7;3;16;0,1875
HJK;UCI - UNIDADE DE CUIDADO INTERMEDIARIO NEONATAL CONVENCIONAL;2024;8;11;28;0,39285714285714285
HJK;UCI - UNIDADE DE CUIDADO INTERMEDIARIO NEONATAL CONVENCIONAL;2024;9;5;17;0,29411764705882354
HJK;UCI - UNIDADE DE CUIDADO INTERMEDIARIO NEONATAL CONVENCIONAL;2024;10;5;19;0,2631578947368421
HJK;UCI - UNIDADE DE CUIDADO INTERMEDIARIO NEONATAL CONVENCIONAL;2024;11;5;13;0,38461538461538464
HJK;UCI - UNIDADE DE CUIDADO INTERMEDIARIO NEONATAL CONVENCIONAL;2024;12;5;21;0,23809523809523808
HJK;UCI - UNIDADE DE CUIDADO INTERMEDIARIO NEONATAL CONVENCIONAL;2025;1;1;28;0,03571428571428571
HJK;UCI - UNIDADE DE CUIDADO INTERMEDIARIO NEONATAL CONVENCIONAL;2025;2;1;13;0,07692307692307693
HJK;UCI - UNIDADE DE CUIDADO INTERMEDIARIO NEONATAL CONVENCIONAL;2025;3;8;37;0,21621621621621623
HJK;UCI - UNIDADE DE CUIDADO INTERMEDIARIO NEONATAL CONVENCIONAL;2025;4;5;20;0,25
HJK;UCI - UNIDADE DE CUIDADO INTERMEDIARIO NEONATAL CONVENCIONAL;2025;5;6;19;0,3157894736842105
HJK;UCI - UNIDADE DE CUIDADO INTERMEDIARIO NEONATAL CONVENCIONAL;2025;6;5;15;0,3333333333333333
HJK;UCI - UNIDADE DE CUIDADO INTERMEDIARIO NEONATAL CONVENCIONAL;2025;7;6;19;0,3157894736842105
HJK;UCI - UNIDADE DE CUIDADO INTERMEDIARIO NEONATAL CONVENCIONAL;2025;8;3;18;0,16666666666666666
HJK;UCI - UNIDADE DE CUIDADO INTERMEDIARIO NEONATAL CONVENCIONAL;2025;9;2;9;0,2222222222222222
HJK;UCI - UNIDADE DE CUIDADO INTERMEDIARIO NEONATAL CONVENCIONAL;2025;10;1;9;0,1111111111111111
HJK;UCI - UNIDADE DE CUIDADO INTERMEDIARIO NEONATAL CONVENCIONAL;2025;11;0;10;0,0
HJK;UCI - UNIDADE DE CUIDADO INTERMEDIARIO NEONATAL CONVENCIONAL;2025;12;3;6;0,5
HJK;UCI - UNIDADE DE CUIDADO INTERMEDIARIO NEONATAL CONVENCIONAL;2026;1;0;7;0,0
HJK;UCI - UNIDADE DE CUIDADO INTERMEDIARIO NEONATAL CONVENCIONAL;2026;2;1;9;0,1111111111111111
HJK;UCINCA - UNIDADE DE CUIDADO INTERMEDIÁRIO NEONATAL CANGURU;2026;2;0;4;0,0
HJK;UCINCA - UNIDADE DE CUIDADO INTERMEDIÁRIO NEONATAL CANGURU;2026;3;1;23;0,043478260869565216
HJK;UCINCA - UNIDADE DE CUIDADO INTERMEDIÁRIO NEONATAL CANGURU;2026;4;5;32;0,15625
HJK;UCINCA - UNIDADE DE CUIDADO INTERMEDIÁRIO NEONATAL CANGURU;2026;5;1;27;0,037037037037037035
HJK;UCINCO - UNIDADE DE CUIDADO INTERMEDIÁRIO NEONATAL CONVENCIONAL;2026;2;0;3;0,0
HJK;UCINCO - UNIDADE DE CUIDADO INTERMEDIÁRIO NEONATAL CONVENCIONAL;2026;3;2;7;0,2857142857142857
HJK;UCINCO - UNIDADE DE CUIDADO INTERMEDIÁRIO NEONATAL CONVENCIONAL;2026;4;0;6;0,0
HJK;UCINCO - UNIDADE DE CUIDADO INTERMEDIÁRIO NEONATAL CONVENCIONAL;2026;5;1;11;0,09090909090909091
HJK;UE - INTERNAÇÃO SALA DE EMERGÊNCIA;2026;2;0;7;0,0
HJK;UE - INTERNAÇÃO SALA DE EMERGÊNCIA;2026;3;6;24;0,25
HJK;UE - INTERNAÇÃO SALA DE EMERGÊNCIA;2026;4;3;18;0,16666666666666666
HJK;UE - INTERNAÇÃO SALA DE EMERGÊNCIA;2026;5;7;26;0,2692307692307692
HJK;UE - INTERNAÇÃO SALA DE MEDICAÇÃO;2026;2;0;5;0,0
HJK;UE - INTERNAÇÃO SALA DE MEDICAÇÃO;2026;3;2;28;0,07142857142857142
HJK;UE - INTERNAÇÃO SALA DE MEDICAÇÃO;2026;4;5;41;0,12195121951219512
HJK;UE - INTERNAÇÃO SALA DE MEDICAÇÃO;2026;5;4;37;0,10810810810810811
HJK;UE - INTERNAÇÃO UDC-CRD;2026;2;1;15;0,06666666666666667
HJK;UE - INTERNAÇÃO UDC-CRD;2026;3;8;99;0,08080808080808081
HJK;UE - INTERNAÇÃO UDC-CRD;2026;4;7;97;0,07216494845360824
HJK;UE - INTERNAÇÃO UDC-CRD;2026;5;15;95;0,15789473684210525
HJK;UNIDADE DE URGENCIA - CLINICA MEDICA;2019;1;16;124;0,12903225806451613
HJK;UNIDADE DE URGENCIA - CLINICA MEDICA;2019;2;28;151;0,18543046357615894
HJK;UNIDADE DE URGENCIA - CLINICA MEDICA;2019;3;27;165;0,16363636363636364
HJK;UNIDADE DE URGENCIA - CLINICA MEDICA;2019;4;37;198;0,18686868686868688
HJK;UNIDADE DE URGENCIA - CLINICA MEDICA;2019;5;40;249;0,1606425702811245
HJK;UNIDADE DE URGENCIA - CLINICA MEDICA;2019;6;18;212;0,08490566037735849
HJK;UNIDADE DE URGENCIA - CLINICA MEDICA;2019;7;23;133;0,17293233082706766
HJK;UNIDADE DE URGENCIA - CLINICA MEDICA;2019;8;19;180;0,10555555555555556
HJK;UNIDADE DE URGENCIA - CLINICA MEDICA;2019;9;17;148;0,11486486486486487
HJK;UNIDADE DE URGENCIA - CLINICA MEDICA;2019;10;31;165;0,18787878787878787
HJK;UNIDADE DE URGENCIA - CLINICA MEDICA;2019;11;17;124;0,13709677419354838
HJK;UNIDADE DE URGENCIA - CLINICA MEDICA;2019;12;23;171;0,13450292397660818
HJK;UNIDADE DE URGENCIA - CLINICA MEDICA;2020;1;13;120;0,10833333333333334
HJK;UNIDADE DE URGENCIA - CLINICA MEDICA;2020;2;12;91;0,13186813186813187
HJK;UNIDADE DE URGENCIA - CLINICA MEDICA;2020;3;13;78;0,16666666666666666
HJK;UNIDADE DE URGENCIA - CLINICA MEDICA;2020;4;2;25;0,08
HJK;UNIDADE DE URGENCIA - CLINICA MEDICA;2020;5;6;31;0,1935483870967742
HJK;UNIDADE DE URGENCIA - CLINICA MEDICA;2020;6;6;78;0,07692307692307693
HJK;UNIDADE DE URGENCIA - CLINICA MEDICA;2021;2;2;5;0,4
HJK;UNIDADE DE URGENCIA - CLINICA MEDICA;2021;3;13;23;0,5652173913043478
HJK;UNIDADE DE URGENCIA - CLINICA MEDICA;2021;4;14;33;0,42424242424242425
HJK;UNIDADE DE URGENCIA - CLINICA MEDICA;2021;5;6;24;0,25
HJK;UNIDADE DE URGENCIA - CLINICA MEDICA;2021;6;15;42;0,35714285714285715
HJK;UNIDADE DE URGENCIA - CLINICA MEDICA;2021;7;16;103;0,1553398058252427
HJK;UNIDADE DE URGENCIA - CLINICA MEDICA;2021;8;15;104;0,14423076923076922
HJK;UNIDADE DE URGENCIA - CLINICA MEDICA;2021;9;27;90;0,3
HJK;UNIDADE DE URGENCIA - CLINICA MEDICA;2021;10;32;95;0,3368421052631579
HJK;UNIDADE DE URGENCIA - CLINICA MEDICA;2021;11;33;64;0,515625
HJK;UNIDADE DE URGENCIA - CLINICA MEDICA;2021;12;50;92;0,5434782608695652
HJK;UNIDADE DE URGENCIA - CLINICA MEDICA;2022;1;17;52;0,3269230769230769
HJK;UNIDADE DE URGENCIA - CLINICA MEDICA;2022;2;33;76;0,4342105263157895
HJK;UNIDADE DE URGENCIA - CLINICA MEDICA;2022;3;30;87;0,3448275862068966
HJK;UNIDADE DE URGENCIA - CLINICA MEDICA;2022;4;4;7;0,5714285714285714
HJK;UNIDADE INTERNAÇÃO - CLINICA CIRURGICA;2019;1;101;177;0,5706214689265536
HJK;UNIDADE INTERNAÇÃO - CLINICA CIRURGICA;2019;2;94;205;0,4585365853658537
HJK;UNIDADE INTERNAÇÃO - CLINICA CIRURGICA;2019;3;96;184;0,5217391304347826
HJK;UNIDADE INTERNAÇÃO - CLINICA CIRURGICA;2019;4;106;203;0,5221674876847291
HJK;UNIDADE INTERNAÇÃO - CLINICA CIRURGICA;2019;5;77;211;0,36492890995260663
HJK;UNIDADE INTERNAÇÃO - CLINICA CIRURGICA;2019;6;103;213;0,4835680751173709
HJK;UNIDADE INTERNAÇÃO - CLINICA CIRURGICA;2019;7;104;215;0,48372093023255813
HJK;UNIDADE INTERNAÇÃO - CLINICA CIRURGICA;2019;8;80;204;0,39215686274509803
HJK;UNIDADE INTERNAÇÃO - CLINICA CIRURGICA;2019;9;99;209;0,47368421052631576
HJK;UNIDADE INTERNAÇÃO - CLINICA CIRURGICA;2019;10;100;193;0,5181347150259067
HJK;UNIDADE INTERNAÇÃO - CLINICA CIRURGICA;2019;11;97;194;0,5
HJK;UNIDADE INTERNAÇÃO - CLINICA CIRURGICA;2019;12;97;173;0,5606936416184971
HJK;UNIDADE INTERNAÇÃO - CLINICA CIRURGICA;2020;1;83;163;0,50920245398773
HJK;UNIDADE INTERNAÇÃO - CLINICA CIRURGICA;2020;2;80;187;0,42780748663101603
HJK;UNIDADE INTERNAÇÃO - CLINICA CIRURGICA;2020;3;84;170;0,49411764705882355
HJK;UNIDADE INTERNAÇÃO - CLINICA CIRURGICA;2020;4;46;104;0,4423076923076923
HJK;UNIDADE INTERNAÇÃO - CLINICA CIRURGICA;2020;5;34;115;0,2956521739130435
HJK;UNIDADE INTERNAÇÃO - CLINICA CIRURGICA;2020;6;6;82;0,07317073170731707
HJK;UNIDADE INTERNAÇÃO - CLINICA CIRURGICA;2020;7;23;98;0,23469387755102042
HJK;UNIDADE INTERNAÇÃO - CLINICA CIRURGICA;2020;8;16;88;0,18181818181818182
HJK;UNIDADE INTERNAÇÃO - CLINICA CIRURGICA;2020;9;43;127;0,33858267716535434
HJK;UNIDADE INTERNAÇÃO - CLINICA CIRURGICA;2020;10;43;138;0,3115942028985507
HJK;UNIDADE INTERNAÇÃO - CLINICA CIRURGICA;2020;11;33;104;0,3173076923076923
HJK;UNIDADE INTERNAÇÃO - CLINICA CIRURGICA;2020;12;28;99;0,2828282828282828
HJK;UNIDADE INTERNAÇÃO - CLINICA CIRURGICA;2021;1;28;127;0,2204724409448819
HJK;UNIDADE INTERNAÇÃO - CLINICA CIRURGICA;2021;2;22;106;0,20754716981132076
HJK;UNIDADE INTERNAÇÃO - CLINICA CIRURGICA;2021;3;34;105;0,3238095238095238
HJK;UNIDADE INTERNAÇÃO - CLINICA CIRURGICA;2021;4;1;5;0,2
HJK;UNIDADE INTERNAÇÃO - CLINICA CIRURGICA;2021;7;6;28;0,21428571428571427
HJK;UNIDADE INTERNAÇÃO - CLINICA CIRURGICA;2021;8;12;48;0,25
HJK;UNIDADE INTERNAÇÃO - CLINICA CIRURGICA;2021;9;12;56;0,21428571428571427
HJK;UNIDADE INTERNAÇÃO - CLINICA CIRURGICA;2021;10;16;59;0,2711864406779661
HJK;UNIDADE INTERNAÇÃO - CLINICA CIRURGICA;2021;11;17;58;0,29310344827586204
HJK;UNIDADE INTERNAÇÃO - CLINICA CIRURGICA;2021;12;21;62;0,3387096774193548
HJK;UNIDADE INTERNAÇÃO - CLINICA CIRURGICA;2022;1;18;47;0,3829787234042553
HJK;UNIDADE INTERNAÇÃO - CLINICA CIRURGICA;2022;2;19;42;0,4523809523809524
HJK;UNIDADE INTERNAÇÃO - CLINICA CIRURGICA;2022;3;24;75;0,32
HJK;UNIDADE INTERNAÇÃO - CLINICA CIRURGICA;2022;4;48;101;0,4752475247524752
HJK;UNIDADE INTERNAÇÃO - CLINICA CIRURGICA;2022;5;25;78;0,32051282051282054
HJK;UNIDADE INTERNAÇÃO - CLINICA CIRURGICA;2022;6;15;69;0,21739130434782608
HJK;UNIDADE INTERNAÇÃO - CLINICA CIRURGICA;2022;7;16;61;0,26229508196721313
HJK;UNIDADE INTERNAÇÃO - CLINICA CIRURGICA;2022;8;35;85;0,4117647058823529
HJK;UNIDADE INTERNAÇÃO - CLINICA CIRURGICA;2022;9;24;83;0,2891566265060241
HJK;UNIDADE INTERNAÇÃO - CLINICA CIRURGICA;2022;10;31;90;0,34444444444444444
HJK;UNIDADE INTERNAÇÃO - CLINICA CIRURGICA;2022;11;25;71;0,352112676056338
HJK;UNIDADE INTERNAÇÃO - CLINICA CIRURGICA;2022;12;19;62;0,3064516129032258
HJK;UNIDADE INTERNAÇÃO - CLINICA CIRURGICA;2023;1;24;77;0,3116883116883117
HJK;UNIDADE INTERNAÇÃO - CLINICA CIRURGICA;2023;2;20;62;0,3225806451612903
HJK;UNIDADE INTERNAÇÃO - CLINICA CIRURGICA;2023;3;22;68;0,3235294117647059
HJK;UNIDADE INTERNAÇÃO - CLINICA CIRURGICA;2023;4;29;72;0,4027777777777778
HJK;UNIDADE INTERNAÇÃO - CLINICA CIRURGICA;2023;5;40;89;0,449438202247191
HJK;UNIDADE INTERNAÇÃO - CLINICA CIRURGICA;2023;6;29;82;0,35365853658536583
HJK;UNIDADE INTERNAÇÃO - CLINICA CIRURGICA;2023;7;35;79;0,4430379746835443
HJK;UNIDADE INTERNAÇÃO - CLINICA CIRURGICA;2023;8;43;108;0,39814814814814814
HJK;UNIDADE INTERNAÇÃO - CLINICA CIRURGICA;2023;9;59;151;0,39072847682119205
HJK;UNIDADE INTERNAÇÃO - CLINICA CIRURGICA;2023;10;51;131;0,3893129770992366
HJK;UNIDADE INTERNAÇÃO - CLINICA CIRURGICA;2023;11;58;148;0,3918918918918919
HJK;UNIDADE INTERNAÇÃO - CLINICA CIRURGICA;2023;12;48;132;0,36363636363636365
HJK;UNIDADE INTERNAÇÃO - CLINICA CIRURGICA;2024;1;57;141;0,40425531914893614
HJK;UNIDADE INTERNAÇÃO - CLINICA CIRURGICA;2024;2;59;149;0,3959731543624161
HJK;UNIDADE INTERNAÇÃO - CLINICA CIRURGICA;2024;3;54;189;0,2857142857142857
HJK;UNIDADE INTERNAÇÃO - CLINICA CIRURGICA;2024;4;65;186;0,34946236559139787
HJK;UNIDADE INTERNAÇÃO - CLINICA CIRURGICA;2024;5;61;168;0,3630952380952381
HJK;UNIDADE INTERNAÇÃO - CLINICA CIRURGICA;2024;6;92;190;0,4842105263157895
HJK;UNIDADE INTERNAÇÃO - CLINICA CIRURGICA;2024;7;83;179;0,46368715083798884
HJK;UNIDADE INTERNAÇÃO - CLINICA CIRURGICA;2024;8;74;199;0,37185929648241206
HJK;UNIDADE INTERNAÇÃO - CLINICA CIRURGICA;2024;9;83;179;0,46368715083798884
HJK;UNIDADE INTERNAÇÃO - CLINICA CIRURGICA;2024;10;80;209;0,3827751196172249
HJK;UNIDADE INTERNAÇÃO - CLINICA CIRURGICA;2024;11;74;198;0,37373737373737376
HJK;UNIDADE INTERNAÇÃO - CLINICA CIRURGICA;2024;12;57;155;0,36774193548387096
HJK;UNIDADE INTERNAÇÃO - CLINICA CIRURGICA;2025;1;61;164;0,3719512195121951
HJK;UNIDADE INTERNAÇÃO - CLINICA CIRURGICA;2025;2;53;171;0,30994152046783624
HJK;UNIDADE INTERNAÇÃO - CLINICA CIRURGICA;2025;3;90;197;0,45685279187817257
HJK;UNIDADE INTERNAÇÃO - CLINICA CIRURGICA;2025;4;61;135;0,45185185185185184
HJK;UNIDADE INTERNAÇÃO - CLINICA CIRURGICA;2025;5;66;169;0,3905325443786982
HJK;UNIDADE INTERNAÇÃO - CLINICA CIRURGICA;2025;6;69;165;0,41818181818181815
HJK;UNIDADE INTERNAÇÃO - CLINICA CIRURGICA;2025;7;60;164;0,36585365853658536
HJK;UNIDADE INTERNAÇÃO - CLINICA CIRURGICA;2025;8;53;171;0,30994152046783624
HJK;UNIDADE INTERNAÇÃO - CLINICA CIRURGICA;2025;9;47;157;0,29936305732484075
HJK;UNIDADE INTERNAÇÃO - CLINICA CIRURGICA;2025;10;63;189;0,3333333333333333
HJK;UNIDADE INTERNAÇÃO - CLINICA CIRURGICA;2025;11;74;152;0,4868421052631579
HJK;UNIDADE INTERNAÇÃO - CLINICA CIRURGICA;2025;12;85;168;0,5059523809523809
HJK;UNIDADE INTERNAÇÃO - CLINICA CIRURGICA;2026;1;94;202;0,46534653465346537
HJK;UNIDADE INTERNAÇÃO - CLINICA CIRURGICA;2026;2;74;145;0,5103448275862069
HJK;UNIDADE INTERNAÇÃO - CLINICA MÉDICA;2019;1;22;106;0,20754716981132076
HJK;UNIDADE INTERNAÇÃO - CLINICA MÉDICA;2019;2;17;102;0,16666666666666666
HJK;UNIDADE INTERNAÇÃO - CLINICA MÉDICA;2019;3;29;131;0,22137404580152673
HJK;UNIDADE INTERNAÇÃO - CLINICA MÉDICA;2019;4;33;137;0,24087591240875914
HJK;UNIDADE INTERNAÇÃO - CLINICA MÉDICA;2019;5;38;133;0,2857142857142857
HJK;UNIDADE INTERNAÇÃO - CLINICA MÉDICA;2019;6;27;85;0,3176470588235294
HJK;UNIDADE INTERNAÇÃO - CLINICA MÉDICA;2019;7;23;117;0,19658119658119658
HJK;UNIDADE INTERNAÇÃO - CLINICA MÉDICA;2019;8;35;115;0,30434782608695654
HJK;UNIDADE INTERNAÇÃO - CLINICA MÉDICA;2019;9;16;116;0,13793103448275862
HJK;UNIDADE INTERNAÇÃO - CLINICA MÉDICA;2019;10;33;131;0,25190839694656486
HJK;UNIDADE INTERNAÇÃO - CLINICA MÉDICA;2019;11;65;143;0,45454545454545453
HJK;UNIDADE INTERNAÇÃO - CLINICA MÉDICA;2019;12;34;118;0,288135593220339
HJK;UNIDADE INTERNAÇÃO - CLINICA MÉDICA;2020;1;30;128;0,234375
HJK;UNIDADE INTERNAÇÃO - CLINICA MÉDICA;2020;2;23;101;0,22772277227722773
HJK;UNIDADE INTERNAÇÃO - CLINICA MÉDICA;2020;3;58;138;0,42028985507246375
HJK;UNIDADE INTERNAÇÃO - CLINICA MÉDICA;2020;4;22;114;0,19298245614035087
HJK;UNIDADE INTERNAÇÃO - CLINICA MÉDICA;2020;5;34;135;0,2518518518518518
HJK;UNIDADE INTERNAÇÃO - CLINICA MÉDICA;2020;6;20;87;0,22988505747126436
HJK;UNIDADE INTERNAÇÃO - CLINICA MÉDICA;2020;7;5;79;0,06329113924050633
HJK;UNIDADE INTERNAÇÃO - CLINICA MÉDICA;2020;8;2;59;0,03389830508474576
HJK;UNIDADE INTERNAÇÃO - CLINICA MÉDICA;2020;9;28;84;0,3333333333333333
HJK;UNIDADE INTERNAÇÃO - CLINICA MÉDICA;2020;10;31;102;0,30392156862745096
HJK;UNIDADE INTERNAÇÃO - CLINICA MÉDICA;2020;11;27;90;0,3
HJK;UNIDADE INTERNAÇÃO - CLINICA MÉDICA;2020;12;24;81;0,2962962962962963
HJK;UNIDADE INTERNAÇÃO - CLINICA MÉDICA;2021;1;21;69;0,30434782608695654
HJK;UNIDADE INTERNAÇÃO - CLINICA MÉDICA;2021;2;14;47;0,2978723404255319
HJK;UNIDADE INTERNAÇÃO - CLINICA MÉDICA;2021;3;28;60;0,4666666666666667
HJK;UNIDADE INTERNAÇÃO - CLINICA MÉDICA;2021;4;36;96;0,375
HJK;UNIDADE INTERNAÇÃO - CLINICA MÉDICA;2021;5;37;88;0,42045454545454547
HJK;UNIDADE INTERNAÇÃO - CLINICA MÉDICA;2021;6;56;102;0,5490196078431373
HJK;UNIDADE INTERNAÇÃO - CLINICA MÉDICA;2021;7;34;80;0,425
HJK;UNIDADE INTERNAÇÃO - CLINICA MÉDICA;2021;8;29;72;0,4027777777777778
HJK;UNIDADE INTERNAÇÃO - CLINICA MÉDICA;2021;9;17;43;0,3953488372093023
HJK;UNIDADE INTERNAÇÃO - CLINICA MÉDICA;2021;10;26;83;0,3132530120481928
HJK;UNIDADE INTERNAÇÃO - CLINICA MÉDICA;2021;11;31;94;0,32978723404255317
HJK;UNIDADE INTERNAÇÃO - CLINICA MÉDICA;2021;12;28;105;0,26666666666666666
HJK;UNIDADE INTERNAÇÃO - CLINICA MÉDICA;2022;1;25;113;0,22123893805309736
HJK;UNIDADE INTERNAÇÃO - CLINICA MÉDICA;2022;2;18;44;0,4090909090909091
HJK;UNIDADE INTERNAÇÃO - CLINICA MÉDICA;2022;3;17;57;0,2982456140350877
HJK;UNIDADE INTERNAÇÃO - CLINICA MÉDICA;2022;4;52;95;0,5473684210526316
HJK;UNIDADE INTERNAÇÃO - CLINICA MÉDICA;2022;5;55;101;0,5445544554455446
HJK;UNIDADE INTERNAÇÃO - CLINICA MÉDICA;2022;6;56;101;0,5544554455445545
HJK;UNIDADE INTERNAÇÃO - CLINICA MÉDICA;2022;7;59;106;0,5566037735849056
HJK;UNIDADE INTERNAÇÃO - CLINICA MÉDICA;2022;8;59;97;0,6082474226804123
HJK;UNIDADE INTERNAÇÃO - CLINICA MÉDICA;2022;9;37;116;0,31896551724137934
HJK;UNIDADE INTERNAÇÃO - CLINICA MÉDICA;2022;10;36;120;0,3
HJK;UNIDADE INTERNAÇÃO - CLINICA MÉDICA;2022;11;45;100;0,45
HJK;UNIDADE INTERNAÇÃO - CLINICA MÉDICA;2022;12;33;106;0,3113207547169811
HJK;UNIDADE INTERNAÇÃO - CLINICA MÉDICA;2023;1;39;122;0,319672131147541
HJK;UNIDADE INTERNAÇÃO - CLINICA MÉDICA;2023;2;35;115;0,30434782608695654
HJK;UNIDADE INTERNAÇÃO - CLINICA MÉDICA;2023;3;47;125;0,376
HJK;UNIDADE INTERNAÇÃO - CLINICA MÉDICA;2023;4;36;110;0,32727272727272727
HJK;UNIDADE INTERNAÇÃO - CLINICA MÉDICA;2023;5;36;102;0,35294117647058826
HJK;UNIDADE INTERNAÇÃO - CLINICA MÉDICA;2023;6;29;114;0,2543859649122807
HJK;UNIDADE INTERNAÇÃO - CLINICA MÉDICA;2023;7;43;107;0,40186915887850466
HJK;UNIDADE INTERNAÇÃO - CLINICA MÉDICA;2023;8;37;111;0,3333333333333333
HJK;UNIDADE INTERNAÇÃO - CLINICA MÉDICA;2023;9;36;102;0,35294117647058826
HJK;UNIDADE INTERNAÇÃO - CLINICA MÉDICA;2023;10;36;104;0,34615384615384615
HJK;UNIDADE INTERNAÇÃO - CLINICA MÉDICA;2023;11;45;115;0,391304347826087
HJK;UNIDADE INTERNAÇÃO - CLINICA MÉDICA;2023;12;34;116;0,29310344827586204
HJK;UNIDADE INTERNAÇÃO - CLINICA MÉDICA;2024;1;32;119;0,2689075630252101
HJK;UNIDADE INTERNAÇÃO - CLINICA MÉDICA;2024;2;27;126;0,21428571428571427
HJK;UNIDADE INTERNAÇÃO - CLINICA MÉDICA;2024;3;29;127;0,2283464566929134
HJK;UNIDADE INTERNAÇÃO - CLINICA MÉDICA;2024;4;19;120;0,15833333333333333
HJK;UNIDADE INTERNAÇÃO - CLINICA MÉDICA;2024;5;35;134;0,26119402985074625
HJK;UNIDADE INTERNAÇÃO - CLINICA MÉDICA;2024;6;50;133;0,37593984962406013
HJK;UNIDADE INTERNAÇÃO - CLINICA MÉDICA;2024;7;29;137;0,2116788321167883
HJK;UNIDADE INTERNAÇÃO - CLINICA MÉDICA;2024;8;26;115;0,22608695652173913
HJK;UNIDADE INTERNAÇÃO - CLINICA MÉDICA;2024;9;31;123;0,25203252032520324
HJK;UNIDADE INTERNAÇÃO - CLINICA MÉDICA;2024;10;71;143;0,4965034965034965
HJK;UNIDADE INTERNAÇÃO - CLINICA MÉDICA;2024;11;50;147;0,3401360544217687
HJK;UNIDADE INTERNAÇÃO - CLINICA MÉDICA;2024;12;49;148;0,3310810810810811
HJK;UNIDADE INTERNAÇÃO - CLINICA MÉDICA;2025;1;37;118;0,3135593220338983
HJK;UNIDADE INTERNAÇÃO - CLINICA MÉDICA;2025;2;59;117;0,5042735042735043
HJK;UNIDADE INTERNAÇÃO - CLINICA MÉDICA;2025;3;28;121;0,23140495867768596
HJK;UNIDADE INTERNAÇÃO - CLINICA MÉDICA;2025;4;34;135;0,2518518518518518
HJK;UNIDADE INTERNAÇÃO - CLINICA MÉDICA;2025;5;32;102;0,3137254901960784
HJK;UNIDADE INTERNAÇÃO - CLINICA MÉDICA;2025;6;24;118;0,2033898305084746
HJK;UNIDADE INTERNAÇÃO - CLINICA MÉDICA;2025;7;34;142;0,23943661971830985
HJK;UNIDADE INTERNAÇÃO - CLINICA MÉDICA;2025;8;37;147;0,25170068027210885
HJK;UNIDADE INTERNAÇÃO - CLINICA MÉDICA;2025;9;23;119;0,19327731092436976
HJK;UNIDADE INTERNAÇÃO - CLINICA MÉDICA;2025;10;32;130;0,24615384615384617
HJK;UNIDADE INTERNAÇÃO - CLINICA MÉDICA;2025;11;23;125;0,184
HJK;UNIDADE INTERNAÇÃO - CLINICA MÉDICA;2025;12;45;165;0,2727272727272727
HJK;UNIDADE INTERNAÇÃO - CLINICA MÉDICA;2026;1;29;112;0,25892857142857145
HJK;UNIDADE INTERNAÇÃO - CLINICA MÉDICA;2026;2;21;89;0,23595505617977527
HJK;UNIDADE INTERNAÇÃO - CLINICA PNEUMOLOGICA;2019;1;6;87;0,06896551724137931
HJK;UNIDADE INTERNAÇÃO - CLINICA PNEUMOLOGICA;2019;2;13;84;0,15476190476190477
HJK;UNIDADE INTERNAÇÃO - CLINICA PNEUMOLOGICA;2019;3;24;98;0,24489795918367346
HJK;UNIDADE INTERNAÇÃO - CLINICA PNEUMOLOGICA;2019;4;31;90;0,34444444444444444
HJK;UNIDADE INTERNAÇÃO - CLINICA PNEUMOLOGICA;2019;5;23;112;0,20535714285714285
HJK;UNIDADE INTERNAÇÃO - CLINICA PNEUMOLOGICA;2019;6;29;93;0,3118279569892473
HJK;UNIDADE INTERNAÇÃO - CLINICA PNEUMOLOGICA;2019;7;8;94;0,0851063829787234
HJK;UNIDADE INTERNAÇÃO - CLINICA PNEUMOLOGICA;2019;8;16;95;0,16842105263157894
HJK;UNIDADE INTERNAÇÃO - CLINICA PNEUMOLOGICA;2019;9;20;101;0,19801980198019803
HJK;UNIDADE INTERNAÇÃO - CLINICA PNEUMOLOGICA;2019;10;39;115;0,3391304347826087
HJK;UNIDADE INTERNAÇÃO - CLINICA PNEUMOLOGICA;2019;11;33;94;0,35106382978723405
HJK;UNIDADE INTERNAÇÃO - CLINICA PNEUMOLOGICA;2019;12;45;110;0,4090909090909091
HJK;UNIDADE INTERNAÇÃO - CLINICA PNEUMOLOGICA;2020;1;18;99;0,18181818181818182
HJK;UNIDADE INTERNAÇÃO - CLINICA PNEUMOLOGICA;2020;2;24;73;0,3287671232876712
HJK;UNIDADE INTERNAÇÃO - CLINICA PNEUMOLOGICA;2020;3;35;124;0,28225806451612906
HJK;UNIDADE INTERNAÇÃO - CLINICA PNEUMOLOGICA;2020;4;5;40;0,125
HJK;UNIDADE INTERNAÇÃO - CLINICA PNEUMOLOGICA;2020;5;37;91;0,4065934065934066
HJK;UNIDADE INTERNAÇÃO - CLINICA PNEUMOLOGICA;2020;6;7;71;0,09859154929577464
HJK;UNIDADE INTERNAÇÃO - CLINICA PNEUMOLOGICA;2020;7;35;126;0,2777777777777778
HJK;UNIDADE INTERNAÇÃO - CLINICA PNEUMOLOGICA;2020;8;22;83;0,26506024096385544
HJK;UNIDADE INTERNAÇÃO - CLINICA PNEUMOLOGICA;2020;9;23;84;0,27380952380952384
HJK;UNIDADE INTERNAÇÃO - CLINICA PNEUMOLOGICA;2020;10;35;81;0,43209876543209874
HJK;UNIDADE INTERNAÇÃO - CLINICA PNEUMOLOGICA;2020;11;20;74;0,2702702702702703
HJK;UNIDADE INTERNAÇÃO - CLINICA PNEUMOLOGICA;2020;12;26;106;0,24528301886792453
HJK;UNIDADE INTERNAÇÃO - CLINICA PNEUMOLOGICA;2021;1;22;104;0,21153846153846154
HJK;UNIDADE INTERNAÇÃO - CLINICA PNEUMOLOGICA;2021;2;9;74;0,12162162162162163
HJK;UNIDADE INTERNAÇÃO - CLINICA PNEUMOLOGICA;2021;3;52;127;0,4094488188976378
HJK;UNIDADE INTERNAÇÃO - CLINICA PNEUMOLOGICA;2021;4;52;127;0,4094488188976378
HJK;UNIDADE INTERNAÇÃO - CLINICA PNEUMOLOGICA;2021;5;39;82;0,47560975609756095
HJK;UNIDADE INTERNAÇÃO - CLINICA PNEUMOLOGICA;2021;6;37;103;0,3592233009708738
HJK;UNIDADE INTERNAÇÃO - CLINICA PNEUMOLOGICA;2021;7;28;131;0,21374045801526717
HJK;UNIDADE INTERNAÇÃO - CLINICA PNEUMOLOGICA;2021;8;15;71;0,2112676056338028
HJK;UNIDADE INTERNAÇÃO - CLINICA PNEUMOLOGICA;2021;9;4;22;0,18181818181818182
HJK;UNIDADE INTERNAÇÃO - CLINICA PNEUMOLOGICA;2021;10;14;35;0,4
HJK;UNIDADE INTERNAÇÃO - CLINICA PNEUMOLOGICA;2021;11;47;83;0,5662650602409639
HJK;UNIDADE INTERNAÇÃO - CLINICA PNEUMOLOGICA;2021;12;31;92;0,33695652173913043
HJK;UNIDADE INTERNAÇÃO - CLINICA PNEUMOLOGICA;2022;1;18;111;0,16216216216216217
HJK;UNIDADE INTERNAÇÃO - CLINICA PNEUMOLOGICA;2022;2;41;68;0,6029411764705882
HJK;UNIDADE INTERNAÇÃO - CLINICA PNEUMOLOGICA;2022;3;16;38;0,42105263157894735
HJK;UNIDADE INTERNAÇÃO - CLINICA PNEUMOLOGICA;2022;4;33;79;0,4177215189873418
HJK;UNIDADE INTERNAÇÃO - CLINICA PNEUMOLOGICA;2022;5;58;103;0,5631067961165048
HJK;UNIDADE INTERNAÇÃO - CLINICA PNEUMOLOGICA;2022;6;47;103;0,4563106796116505
HJK;UNIDADE INTERNAÇÃO - CLINICA PNEUMOLOGICA;2022;7;29;81;0,35802469135802467
HJK;UNIDADE INTERNAÇÃO - CLINICA PNEUMOLOGICA;2022;8;43;94;0,4574468085106383
HJK;UNIDADE INTERNAÇÃO - CLINICA PNEUMOLOGICA;2022;9;53;99;0,5353535353535354
HJK;UNIDADE INTERNAÇÃO - CLINICA PNEUMOLOGICA;2022;10;55;119;0,46218487394957986
HJK;UNIDADE INTERNAÇÃO - CLINICA PNEUMOLOGICA;2022;11;45;92;0,4891304347826087
HJK;UNIDADE INTERNAÇÃO - CLINICA PNEUMOLOGICA;2022;12;41;102;0,4019607843137255
HJK;UNIDADE INTERNAÇÃO - CLINICA PNEUMOLOGICA;2023;1;34;81;0,41975308641975306
HJK;UNIDADE INTERNAÇÃO - CLINICA PNEUMOLOGICA;2023;2;41;100;0,41
HJK;UNIDADE INTERNAÇÃO - CLINICA PNEUMOLOGICA;2023;3;36;110;0,32727272727272727
HJK;UNIDADE INTERNAÇÃO - CLINICA PNEUMOLOGICA;2023;4;37;104;0,3557692307692308
HJK;UNIDADE INTERNAÇÃO - CLINICA PNEUMOLOGICA;2023;5;52;111;0,46846846846846846
HJK;UNIDADE INTERNAÇÃO - CLINICA PNEUMOLOGICA;2023;6;52;110;0,4727272727272727
HJK;UNIDADE INTERNAÇÃO - CLINICA PNEUMOLOGICA;2023;7;43;113;0,3805309734513274
HJK;UNIDADE INTERNAÇÃO - CLINICA PNEUMOLOGICA;2023;8;50;123;0,4065040650406504
HJK;UNIDADE INTERNAÇÃO - CLINICA PNEUMOLOGICA;2023;9;38;111;0,34234234234234234
HJK;UNIDADE INTERNAÇÃO - CLINICA PNEUMOLOGICA;2023;10;36;115;0,3130434782608696
HJK;UNIDADE INTERNAÇÃO - CLINICA PNEUMOLOGICA;2023;11;51;87;0,5862068965517241
HJK;UNIDADE INTERNAÇÃO - CLINICA PNEUMOLOGICA;2023;12;63;114;0,5526315789473685
HJK;UNIDADE INTERNAÇÃO - CLINICA PNEUMOLOGICA;2024;1;33;112;0,29464285714285715
HJK;UNIDADE INTERNAÇÃO - CLINICA PNEUMOLOGICA;2024;2;34;110;0,3090909090909091
HJK;UNIDADE INTERNAÇÃO - CLINICA PNEUMOLOGICA;2024;3;37;106;0,3490566037735849
HJK;UNIDADE INTERNAÇÃO - CLINICA PNEUMOLOGICA;2024;4;44;117;0,37606837606837606
HJK;UNIDADE INTERNAÇÃO - CLINICA PNEUMOLOGICA;2024;5;38;122;0,3114754098360656
HJK;UNIDADE INTERNAÇÃO - CLINICA PNEUMOLOGICA;2024;6;81;120;0,675
HJK;UNIDADE INTERNAÇÃO - CLINICA PNEUMOLOGICA;2024;7;74;105;0,7047619047619048
HJK;UNIDADE INTERNAÇÃO - CLINICA PNEUMOLOGICA;2024;8;77;129;0,5968992248062015
HJK;UNIDADE INTERNAÇÃO - CLINICA PNEUMOLOGICA;2024;9;86;112;0,7678571428571429
HJK;UNIDADE INTERNAÇÃO - CLINICA PNEUMOLOGICA;2024;10;76;115;0,6608695652173913
HJK;UNIDADE INTERNAÇÃO - CLINICA PNEUMOLOGICA;2024;11;87;134;0,6492537313432836
HJK;UNIDADE INTERNAÇÃO - CLINICA PNEUMOLOGICA;2024;12;89;135;0,6592592592592592
HJK;UNIDADE INTERNAÇÃO - CLINICA PNEUMOLOGICA;2025;1;40;113;0,35398230088495575
HJK;UNIDADE INTERNAÇÃO - CLINICA PNEUMOLOGICA;2025;2;56;94;0,5957446808510638
HJK;UNIDADE INTERNAÇÃO - CLINICA PNEUMOLOGICA;2025;3;64;109;0,5871559633027523
HJK;UNIDADE INTERNAÇÃO - CLINICA PNEUMOLOGICA;2025;4;65;124;0,5241935483870968
HJK;UNIDADE INTERNAÇÃO - CLINICA PNEUMOLOGICA;2025;5;59;122;0,48360655737704916
HJK;UNIDADE INTERNAÇÃO - CLINICA PNEUMOLOGICA;2025;6;54;118;0,4576271186440678
HJK;UNIDADE INTERNAÇÃO - CLINICA PNEUMOLOGICA;2025;7;64;128;0,5
HJK;UNIDADE INTERNAÇÃO - CLINICA PNEUMOLOGICA;2025;8;38;117;0,3247863247863248
HJK;UNIDADE INTERNAÇÃO - CLINICA PNEUMOLOGICA;2025;9;46;130;0,35384615384615387
HJK;UNIDADE INTERNAÇÃO - CLINICA PNEUMOLOGICA;2025;10;41;114;0,35964912280701755
HJK;UNIDADE INTERNAÇÃO - CLINICA PNEUMOLOGICA;2025;11;48;111;0,43243243243243246
HJK;UNIDADE INTERNAÇÃO - CLINICA PNEUMOLOGICA;2025;12;47;104;0,4519230769230769
HJK;UNIDADE INTERNAÇÃO - CLINICA PNEUMOLOGICA;2026;1;42;112;0,375
HJK;UNIDADE INTERNAÇÃO - CLINICA PNEUMOLOGICA;2026;2;31;86;0,36046511627906974
HJK;UNIDADE INTERNAÇÃO - CLINICA TISIOLÓGICA;2019;1;4;18;0,2222222222222222
HJK;UNIDADE INTERNAÇÃO - CLINICA TISIOLÓGICA;2019;2;4;25;0,16
HJK;UNIDADE INTERNAÇÃO - CLINICA TISIOLÓGICA;2019;3;8;24;0,3333333333333333
HJK;UNIDADE INTERNAÇÃO - CLINICA TISIOLÓGICA;2019;4;1;15;0,06666666666666667
HJK;UNIDADE INTERNAÇÃO - CLINICA TISIOLÓGICA;2019;5;2;15;0,13333333333333333
HJK;UNIDADE INTERNAÇÃO - CLINICA TISIOLÓGICA;2019;6;4;17;0,23529411764705882
HJK;UNIDADE INTERNAÇÃO - CLINICA TISIOLÓGICA;2019;7;5;20;0,25
HJK;UNIDADE INTERNAÇÃO - CLINICA TISIOLÓGICA;2019;8;1;16;0,0625
HJK;UNIDADE INTERNAÇÃO - CLINICA TISIOLÓGICA;2019;9;7;18;0,3888888888888889
HJK;UNIDADE INTERNAÇÃO - CLINICA TISIOLÓGICA;2019;10;6;22;0,2727272727272727
HJK;UNIDADE INTERNAÇÃO - CLINICA TISIOLÓGICA;2019;11;7;25;0,28
HJK;UNIDADE INTERNAÇÃO - CLINICA TISIOLÓGICA;2019;12;7;24;0,2916666666666667
HJK;UNIDADE INTERNAÇÃO - CLINICA TISIOLÓGICA;2020;1;4;22;0,18181818181818182
HJK;UNIDADE INTERNAÇÃO - CLINICA TISIOLÓGICA;2020;2;4;16;0,25
HJK;UNIDADE INTERNAÇÃO - CLINICA TISIOLÓGICA;2020;3;2;11;0,18181818181818182
HJK;UNIDADE INTERNAÇÃO - CLINICA TISIOLÓGICA;2020;4;5;21;0,23809523809523808
HJK;UNIDADE INTERNAÇÃO - CLINICA TISIOLÓGICA;2020;5;5;12;0,4166666666666667
HJK;UNIDADE INTERNAÇÃO - CLINICA TISIOLÓGICA;2020;6;4;13;0,3076923076923077
HJK;UNIDADE INTERNAÇÃO - CLINICA TISIOLÓGICA;2020;7;1;19;0,05263157894736842
HJK;UNIDADE INTERNAÇÃO - CLINICA TISIOLÓGICA;2020;8;2;13;0,15384615384615385
HJK;UNIDADE INTERNAÇÃO - CLINICA TISIOLÓGICA;2020;9;3;12;0,25
HJK;UNIDADE INTERNAÇÃO - CLINICA TISIOLÓGICA;2020;10;4;10;0,4
HJK;UNIDADE INTERNAÇÃO - CLINICA TISIOLÓGICA;2020;11;5;13;0,38461538461538464
HJK;UNIDADE INTERNAÇÃO - CLINICA TISIOLÓGICA;2020;12;4;17;0,23529411764705882
HJK;UNIDADE INTERNAÇÃO - CLINICA TISIOLÓGICA;2021;1;5;16;0,3125
HJK;UNIDADE INTERNAÇÃO - CLINICA TISIOLÓGICA;2021;2;4;13;0,3076923076923077
HJK;UNIDADE INTERNAÇÃO - CLINICA TISIOLÓGICA;2021;3;18;53;0,33962264150943394
HJK;UNIDADE INTERNAÇÃO - CLINICA TISIOLÓGICA;2021;4;27;79;0,34177215189873417
HJK;UNIDADE INTERNAÇÃO - CLINICA TISIOLÓGICA;2021;5;21;75;0,28
HJK;UNIDADE INTERNAÇÃO - CLINICA TISIOLÓGICA;2021;6;13;69;0,18840579710144928
HJK;UNIDADE INTERNAÇÃO - CLINICA TISIOLÓGICA;2021;7;4;14;0,2857142857142857
HJK;UNIDADE INTERNAÇÃO - CLINICA TISIOLÓGICA;2021;8;3;11;0,2727272727272727
HJK;UNIDADE INTERNAÇÃO - CLINICA TISIOLÓGICA;2021;9;10;18;0,5555555555555556
HJK;UNIDADE INTERNAÇÃO - CLINICA TISIOLÓGICA;2021;10;10;19;0,5263157894736842
HJK;UNIDADE INTERNAÇÃO - CLINICA TISIOLÓGICA;2021;11;8;20;0,4
HJK;UNIDADE INTERNAÇÃO - CLINICA TISIOLÓGICA;2021;12;10;26;0,38461538461538464
HJK;UNIDADE INTERNAÇÃO - CLINICA TISIOLÓGICA;2022;1;11;28;0,39285714285714285
HJK;UNIDADE INTERNAÇÃO - CLINICA TISIOLÓGICA;2022;2;13;23;0,5652173913043478
HJK;UNIDADE INTERNAÇÃO - CLINICA TISIOLÓGICA;2022;3;6;15;0,4
HJK;UNIDADE INTERNAÇÃO - CLINICA TISIOLÓGICA;2022;4;5;12;0,4166666666666667
HJK;UNIDADE INTERNAÇÃO - CLINICA TISIOLÓGICA;2022;5;14;24;0,5833333333333334
HJK;UNIDADE INTERNAÇÃO - CLINICA TISIOLÓGICA;2022;6;6;15;0,4
HJK;UNIDADE INTERNAÇÃO - CLINICA TISIOLÓGICA;2022;7;7;18;0,3888888888888889
HJK;UNIDADE INTERNAÇÃO - CLINICA TISIOLÓGICA;2022;8;7;15;0,4666666666666667
HJK;UNIDADE INTERNAÇÃO - CLINICA TISIOLÓGICA;2022;9;11;17;0,6470588235294118
HJK;UNIDADE INTERNAÇÃO - CLINICA TISIOLÓGICA;2022;10;13;21;0,6190476190476191
HJK;UNIDADE INTERNAÇÃO - CLINICA TISIOLÓGICA;2022;11;5;13;0,38461538461538464
HJK;UNIDADE INTERNAÇÃO - CLINICA TISIOLÓGICA;2022;12;6;25;0,24
HJK;UNIDADE INTERNAÇÃO - CLINICA TISIOLÓGICA;2023;1;4;20;0,2
HJK;UNIDADE INTERNAÇÃO - CLINICA TISIOLÓGICA;2023;2;5;17;0,29411764705882354
HJK;UNIDADE INTERNAÇÃO - CLINICA TISIOLÓGICA;2023;3;5;28;0,17857142857142858
HJK;UNIDADE INTERNAÇÃO - CLINICA TISIOLÓGICA;2023;4;7;22;0,3181818181818182
HJK;UNIDADE INTERNAÇÃO - CLINICA TISIOLÓGICA;2023;5;10;22;0,45454545454545453
HJK;UNIDADE INTERNAÇÃO - CLINICA TISIOLÓGICA;2023;6;6;17;0,35294117647058826
HJK;UNIDADE INTERNAÇÃO - CLINICA TISIOLÓGICA;2023;7;5;19;0,2631578947368421
HJK;UNIDADE INTERNAÇÃO - CLINICA TISIOLÓGICA;2023;8;5;31;0,16129032258064516
HJK;UNIDADE INTERNAÇÃO - CLINICA TISIOLÓGICA;2023;9;6;14;0,42857142857142855
HJK;UNIDADE INTERNAÇÃO - CLINICA TISIOLÓGICA;2023;10;13;25;0,52
HJK;UNIDADE INTERNAÇÃO - CLINICA TISIOLÓGICA;2023;11;13;33;0,3939393939393939
HJK;UNIDADE INTERNAÇÃO - CLINICA TISIOLÓGICA;2023;12;7;20;0,35
HJK;UNIDADE INTERNAÇÃO - CLINICA TISIOLÓGICA;2024;1;3;24;0,125
HJK;UNIDADE INTERNAÇÃO - CLINICA TISIOLÓGICA;2024;2;5;25;0,2
HJK;UNIDADE INTERNAÇÃO - CLINICA TISIOLÓGICA;2024;3;16;56;0,2857142857142857
HJK;UNIDADE INTERNAÇÃO - CLINICA TISIOLÓGICA;2024;4;10;56;0,17857142857142858
HJK;UNIDADE INTERNAÇÃO - CLINICA TISIOLÓGICA;2024;5;5;58;0,08620689655172414
HJK;UNIDADE INTERNAÇÃO - CLINICA TISIOLÓGICA;2024;6;18;50;0,36
HJK;UNIDADE INTERNAÇÃO - CLINICA TISIOLÓGICA;2024;7;26;55;0,4727272727272727
HJK;UNIDADE INTERNAÇÃO - CLINICA TISIOLÓGICA;2024;8;24;59;0,4067796610169492
HJK;UNIDADE INTERNAÇÃO - CLINICA TISIOLÓGICA;2024;9;25;63;0,3968253968253968
HJK;UNIDADE INTERNAÇÃO - CLINICA TISIOLÓGICA;2024;10;33;72;0,4583333333333333
HJK;UNIDADE INTERNAÇÃO - CLINICA TISIOLÓGICA;2024;11;30;55;0,5454545454545454
HJK;UNIDADE INTERNAÇÃO - CLINICA TISIOLÓGICA;2024;12;23;55;0,41818181818181815
HJK;UNIDADE INTERNAÇÃO - CLINICA TISIOLÓGICA;2025;1;20;41;0,4878048780487805
HJK;UNIDADE INTERNAÇÃO - CLINICA TISIOLÓGICA;2025;2;21;50;0,42
HJK;UNIDADE INTERNAÇÃO - CLINICA TISIOLÓGICA;2025;3;20;51;0,39215686274509803
HJK;UNIDADE INTERNAÇÃO - CLINICA TISIOLÓGICA;2025;4;21;61;0,3442622950819672
HJK;UNIDADE INTERNAÇÃO - CLINICA TISIOLÓGICA;2025;5;20;60;0,3333333333333333
HJK;UNIDADE INTERNAÇÃO - CLINICA TISIOLÓGICA;2025;6;15;48;0,3125
HJK;UNIDADE INTERNAÇÃO - CLINICA TISIOLÓGICA;2025;7;19;65;0,2923076923076923
HJK;UNIDADE INTERNAÇÃO - CLINICA TISIOLÓGICA;2025;8;20;60;0,3333333333333333
HJK;UNIDADE INTERNAÇÃO - CLINICA TISIOLÓGICA;2025;9;16;67;0,23880597014925373
HJK;UNIDADE INTERNAÇÃO - CLINICA TISIOLÓGICA;2025;10;23;75;0,30666666666666664
HJK;UNIDADE INTERNAÇÃO - CLINICA TISIOLÓGICA;2025;11;7;37;0,1891891891891892
HJK;UNIDADE INTERNAÇÃO - CLINICA TISIOLÓGICA;2025;12;19;69;0,2753623188405797
HJK;UNIDADE INTERNAÇÃO - CLINICA TISIOLÓGICA;2026;1;9;48;0,1875
HJK;UNIDADE INTERNAÇÃO - CLINICA TISIOLÓGICA;2026;2;9;47;0,19148936170212766
HJK;UNIDADE URGENCIA/EMERGENCIA;2022;5;24;50;0,48
HJK;UNIDADE URGENCIA/EMERGENCIA;2022;6;25;50;0,5
HJK;UNIDADE URGENCIA/EMERGENCIA;2022;7;30;79;0,379746835443038
HJK;UNIDADE URGENCIA/EMERGENCIA;2022;8;33;137;0,24087591240875914
HJK;UNIDADE URGENCIA/EMERGENCIA;2022;9;45;153;0,29411764705882354
HJK;UNIDADE URGENCIA/EMERGENCIA;2022;10;31;133;0,23308270676691728
HJK;UNIDADE URGENCIA/EMERGENCIA;2022;11;30;130;0,23076923076923078
HJK;UNIDADE URGENCIA/EMERGENCIA;2022;12;35;134;0,26119402985074625
HJK;UNIDADE URGENCIA/EMERGENCIA;2023;1;25;119;0,21008403361344538
HJK;UNIDADE URGENCIA/EMERGENCIA;2023;2;35;134;0,26119402985074625
HJK;UNIDADE URGENCIA/EMERGENCIA;2023;3;46;185;0,24864864864864866
HJK;UNIDADE URGENCIA/EMERGENCIA;2023;4;26;167;0,15568862275449102
HJK;UNIDADE URGENCIA/EMERGENCIA;2023;5;50;233;0,2145922746781116
HJK;UNIDADE URGENCIA/EMERGENCIA;2023;6;48;181;0,26519337016574585
HJK;UNIDADE URGENCIA/EMERGENCIA;2023;7;31;221;0,14027149321266968
HJK;UNIDADE URGENCIA/EMERGENCIA;2023;8;35;222;0,15765765765765766
HJK;UNIDADE URGENCIA/EMERGENCIA;2023;9;26;189;0,13756613756613756
HJK;UNIDADE URGENCIA/EMERGENCIA;2023;10;47;255;0,1843137254901961
HJK;UNIDADE URGENCIA/EMERGENCIA;2023;11;24;230;0,10434782608695652
HJK;UNIDADE URGENCIA/EMERGENCIA;2023;12;38;233;0,1630901287553648
HJK;UNIDADE URGENCIA/EMERGENCIA;2024;1;41;223;0,18385650224215247
HJK;UNIDADE URGENCIA/EMERGENCIA;2024;2;34;314;0,10828025477707007
HJK;UNIDADE URGENCIA/EMERGENCIA;2024;3;47;395;0,1189873417721519
HJK;UNIDADE URGENCIA/EMERGENCIA;2024;4;36;313;0,11501597444089456
HJK;UNIDADE URGENCIA/EMERGENCIA;2024;5;50;306;0,16339869281045752
HJK;UNIDADE URGENCIA/EMERGENCIA;2024;6;26;247;0,10526315789473684
HJK;UNIDADE URGENCIA/EMERGENCIA;2024;7;16;232;0,06896551724137931
HJK;UNIDADE URGENCIA/EMERGENCIA;2024;8;32;217;0,14746543778801843
HJK;UNIDADE URGENCIA/EMERGENCIA;2024;9;27;226;0,11946902654867257
HJK;UNIDADE URGENCIA/EMERGENCIA;2024;10;42;220;0,19090909090909092
HJK;UNIDADE URGENCIA/EMERGENCIA;2024;11;30;193;0,15544041450777202
HJK;UNIDADE URGENCIA/EMERGENCIA;2024;12;51;231;0,22077922077922077
HJK;UNIDADE URGENCIA/EMERGENCIA;2025;1;47;252;0,1865079365079365
HJK;UNIDADE URGENCIA/EMERGENCIA;2025;2;45;210;0,21428571428571427
HJK;UNIDADE URGENCIA/EMERGENCIA;2025;3;43;261;0,16475095785440613
HJK;UNIDADE URGENCIA/EMERGENCIA;2025;4;54;249;0,21686746987951808
HJK;UNIDADE URGENCIA/EMERGENCIA;2025;5;46;244;0,1885245901639344
HJK;UNIDADE URGENCIA/EMERGENCIA;2025;6;41;245;0,1673469387755102
HJK;UNIDADE URGENCIA/EMERGENCIA;2025;7;45;236;0,1906779661016949
HJK;UNIDADE URGENCIA/EMERGENCIA;2025;8;66;264;0,25
HJK;UNIDADE URGENCIA/EMERGENCIA;2025;9;33;240;0,1375
HJK;UNIDADE URGENCIA/EMERGENCIA;2025;10;56;242;0,23140495867768596
HJK;UNIDADE URGENCIA/EMERGENCIA;2025;11;56;226;0,24778761061946902
HJK;UNIDADE URGENCIA/EMERGENCIA;2025;12;45;238;0,18907563025210083
HJK;UNIDADE URGENCIA/EMERGENCIA;2026;1;39;243;0,16049382716049382
HJK;UNIDADE URGENCIA/EMERGENCIA;2026;2;31;210;0,14761904761904762
HJK;UNIDADE URGENCIA/EMERGENCIA CLÍNICA MÉDICA - INTERNAÇÃO;2020;1;1;7;0,14285714285714285
HJK;UNIDADE URGENCIA/EMERGENCIA CLÍNICA MÉDICA - INTERNAÇÃO;2020;2;4;59;0,06779661016949153
HJK;UNIDADE URGENCIA/EMERGENCIA CLÍNICA MÉDICA - INTERNAÇÃO;2020;3;11;50;0,22
HJK;UNIDADE URGENCIA/EMERGENCIA CLÍNICA MÉDICA - INTERNAÇÃO;2020;4;7;33;0,21212121212121213
HJK;UNIDADE URGENCIA/EMERGENCIA CLÍNICA MÉDICA - INTERNAÇÃO;2020;5;12;45;0,26666666666666666
HJK;UNIDADE URGENCIA/EMERGENCIA CLÍNICA MÉDICA - INTERNAÇÃO;2020;6;4;36;0,1111111111111111
HJK;UTI - ADULTO;2022;5;1;5;0,2
HJK;UTI - ADULTO;2022;6;4;19;0,21052631578947367
HJK;UTI - ADULTO;2022;7;7;18;0,3888888888888889
HJK;UTI - ADULTO;2022;8;3;10;0,3
HJK;UTI - ADULTO;2022;9;3;9;0,3333333333333333
HJK;UTI - ADULTO;2022;10;2;13;0,15384615384615385
HJK;UTI - ADULTO;2022;11;3;11;0,2727272727272727
HJK;UTI - ADULTO;2022;12;1;6;0,16666666666666666
HJK;UTI - ADULTO;2023;1;4;12;0,3333333333333333
HJK;UTI - ADULTO;2023;2;2;16;0,125
HJK;UTI - ADULTO;2023;3;4;11;0,36363636363636365
HJK;UTI - ADULTO;2023;4;3;15;0,2
HJK;UTI - ADULTO;2023;5;8;24;0,3333333333333333
HJK;UTI - ADULTO;2023;6;6;28;0,21428571428571427
HJK;UTI - ADULTO;2023;7;6;18;0,3333333333333333
HJK;UTI - ADULTO;2023;8;9;31;0,2903225806451613
HJK;UTI - ADULTO;2023;9;7;26;0,2692307692307692
HJK;UTI - ADULTO;2023;10;9;31;0,2903225806451613
HJK;UTI - ADULTO;2023;11;7;37;0,1891891891891892
HJK;UTI - ADULTO;2023;12;17;40;0,425
HJK;UTI - ADULTO;2024;1;6;28;0,21428571428571427
HJK;UTI - ADULTO;2024;2;12;33;0,36363636363636365
HJK;UTI - ADULTO;2024;3;11;35;0,3142857142857143
HJK;UTI - ADULTO;2024;4;10;27;0,37037037037037035
HJK;UTI - ADULTO;2024;5;20;41;0,4878048780487805
HJK;UTI - ADULTO;2024;6;13;38;0,34210526315789475
HJK;UTI - ADULTO;2024;7;13;37;0,35135135135135137
HJK;UTI - ADULTO;2024;8;12;40;0,3
HJK;UTI - ADULTO;2024;9;3;34;0,08823529411764706
HJK;UTI - ADULTO;2024;10;9;40;0,225
HJK;UTI - ADULTO;2024;11;6;28;0,21428571428571427
HJK;UTI - ADULTO;2024;12;20;49;0,40816326530612246
HJK;UTI - ADULTO;2025;1;13;32;0,40625
HJK;UTI - ADULTO;2025;2;9;31;0,2903225806451613
HJK;UTI - ADULTO;2025;3;11;39;0,28205128205128205
HJK;UTI - ADULTO;2025;4;7;27;0,25925925925925924
HJK;UTI - ADULTO;2025;5;11;36;0,3055555555555556
HJK;UTI - ADULTO;2025;6;16;45;0,35555555555555557
HJK;UTI - ADULTO;2025;7;16;53;0,3018867924528302
HJK;UTI - ADULTO;2025;8;14;39;0,358974358974359
HJK;UTI - ADULTO;2025;9;16;44;0,36363636363636365
HJK;UTI - ADULTO;2025;10;22;50;0,44
HJK;UTI - ADULTO;2025;11;17;58;0,29310344827586204
HJK;UTI - ADULTO;2025;12;23;56;0,4107142857142857
HJK;UTI - ADULTO;2026;1;11;44;0,25
HJK;UTI - ADULTO;2026;2;13;49;0,2653061224489796
HJK;UTI - ADULTO;2026;3;17;47;0,3617021276595745
HJK;UTI - ADULTO;2026;4;16;49;0,32653061224489793
HJK;UTI - ADULTO;2026;5;20;48;0,4166666666666667
HJK;UTI - ADULTO COVID-19 (CTI 03);2021;4;1;3;0,3333333333333333
HJK;UTI - ADULTO COVID-19 (CTI 03);2021;5;0;2;0,0
HJK;UTI - ADULTO COVID-19 (CTI 03);2021;7;5;14;0,35714285714285715
HJK;UTI - ADULTO COVID-19 (CTI 03);2021;10;0;1;0,0
HJK;UTI - NEONATAL;2022;6;3;5;0,6
HJK;UTI - NEONATAL;2022;7;0;5;0,0
HJK;UTI - NEONATAL;2022;8;1;3;0,3333333333333333
HJK;UTI - NEONATAL;2022;10;0;3;0,0
HJK;UTI - NEONATAL;2022;11;1;3;0,3333333333333333
HJK;UTI - NEONATAL;2022;12;1;5;0,2
HJK;UTI - NEONATAL;2023;1;2;6;0,3333333333333333
HJK;UTI - NEONATAL;2023;2;1;2;0,5
HJK;UTI - NEONATAL;2023;3;0;1;0,0
HJK;UTI - NEONATAL;2023;4;0;3;0,0
HJK;UTI - NEONATAL;2023;5;0;1;0,0
HJK;UTI - NEONATAL;2023;6;1;4;0,25
HJK;UTI - NEONATAL;2023;7;0;2;0,0
HJK;UTI - NEONATAL;2023;8;0;1;0,0
HJK;UTI - NEONATAL;2023;9;0;2;0,0
HJK;UTI - NEONATAL;2023;11;1;2;0,5
HJK;UTI - NEONATAL;2023;12;2;2;1,0
HJK;UTI - NEONATAL;2024;2;0;2;0,0
HJK;UTI - NEONATAL;2024;3;1;1;1,0
HJK;UTI - NEONATAL;2024;4;1;4;0,25
HJK;UTI - NEONATAL;2024;5;1;7;0,14285714285714285
HJK;UTI - NEONATAL;2024;6;2;7;0,2857142857142857
HJK;UTI - NEONATAL;2024;7;1;3;0,3333333333333333
HJK;UTI - NEONATAL;2024;8;2;3;0,6666666666666666
HJK;UTI - NEONATAL;2024;9;1;3;0,3333333333333333
HJK;UTI - NEONATAL;2024;10;0;4;0,0
HJK;UTI - NEONATAL;2024;11;0;1;0,0
HJK;UTI - NEONATAL;2024;12;0;3;0,0
HJK;UTI - NEONATAL;2025;1;2;3;0,6666666666666666
HJK;UTI - NEONATAL;2025;2;0;2;0,0
HJK;UTI - NEONATAL;2025;3;4;6;0,6666666666666666
HJK;UTI - NEONATAL;2025;4;1;2;0,5
HJK;UTI - NEONATAL;2025;5;4;18;0,2222222222222222
HJK;UTI - NEONATAL;2025;6;0;14;0,0
HJK;UTI - NEONATAL;2025;7;2;18;0,1111111111111111
HJK;UTI - NEONATAL;2025;8;1;4;0,25
HJK;UTI - NEONATAL;2025;9;2;5;0,4
HJK;UTI - NEONATAL;2025;10;0;1;0,0
HJK;UTI - NEONATAL;2025;11;1;3;0,3333333333333333
HJK;UTI - NEONATAL;2025;12;1;4;0,25
HJK;UTI - NEONATAL;2026;1;0;3;0,0
HJK;UTI - NEONATAL;2026;2;0;1;0,0
HJK;UTI - NEONATAL;2026;3;1;6;0,16666666666666666
HJK;UTI - NEONATAL;2026;4;0;1;0,0
HJK;UTI - NEONATAL E PEDIATRICO UTIN E UCIN;2019;1;0;5;0,0
HJK;UTI - NEONATAL E PEDIATRICO UTIN E UCIN;2019;2;3;10;0,3
HJK;UTI - NEONATAL E PEDIATRICO UTIN E UCIN;2019;3;2;14;0,14285714285714285
HJK;UTI - NEONATAL E PEDIATRICO UTIN E UCIN;2019;4;3;12;0,25
HJK;UTI - NEONATAL E PEDIATRICO UTIN E UCIN;2019;5;2;13;0,15384615384615385
HJK;UTI - NEONATAL E PEDIATRICO UTIN E UCIN;2019;6;2;14;0,14285714285714285
HJK;UTI - NEONATAL E PEDIATRICO UTIN E UCIN;2019;7;0;8;0,0
HJK;UTI - NEONATAL E PEDIATRICO UTIN E UCIN;2019;8;0;3;0,0
HJK;UTI - NEONATAL E PEDIATRICO UTIN E UCIN;2019;9;2;8;0,25
HJK;UTI - NEONATAL E PEDIATRICO UTIN E UCIN;2019;10;2;7;0,2857142857142857
HJK;UTI - NEONATAL E PEDIATRICO UTIN E UCIN;2019;11;0;8;0,0
HJK;UTI - NEONATAL E PEDIATRICO UTIN E UCIN;2019;12;1;4;0,25
HJK;UTI - NEONATAL E PEDIATRICO UTIN E UCIN;2020;1;1;7;0,14285714285714285
HJK;UTI - NEONATAL E PEDIATRICO UTIN E UCIN;2020;2;1;8;0,125
HJK;UTI - NEONATAL E PEDIATRICO UTIN E UCIN;2020;3;0;8;0,0
HJK;UTI - NEONATAL E PEDIATRICO UTIN E UCIN;2020;4;2;9;0,2222222222222222
HJK;UTI - NEONATAL E PEDIATRICO UTIN E UCIN;2020;5;4;9;0,4444444444444444
HJK;UTI - NEONATAL E PEDIATRICO UTIN E UCIN;2020;6;1;6;0,16666666666666666
HJK;UTI - NEONATAL E PEDIATRICO UTIN E UCIN;2020;7;2;13;0,15384615384615385
HJK;UTI - NEONATAL E PEDIATRICO UTIN E UCIN;2020;8;2;10;0,2
HJK;UTI - NEONATAL E PEDIATRICO UTIN E UCIN;2020;9;5;11;0,45454545454545453
HJK;UTI - NEONATAL E PEDIATRICO UTIN E UCIN;2020;10;3;4;0,75
HJK;UTI - NEONATAL E PEDIATRICO UTIN E UCIN;2020;11;2;11;0,18181818181818182
HJK;UTI - NEONATAL E PEDIATRICO UTIN E UCIN;2020;12;2;8;0,25
HJK;UTI - NEONATAL E PEDIATRICO UTIN E UCIN;2021;1;2;8;0,25
HJK;UTI - NEONATAL E PEDIATRICO UTIN E UCIN;2021;2;2;8;0,25
HJK;UTI - NEONATAL E PEDIATRICO UTIN E UCIN;2021;3;3;17;0,17647058823529413
HJK;UTI - NEONATAL E PEDIATRICO UTIN E UCIN;2021;4;3;11;0,2727272727272727
HJK;UTI - NEONATAL E PEDIATRICO UTIN E UCIN;2021;5;3;13;0,23076923076923078
HJK;UTI - NEONATAL E PEDIATRICO UTIN E UCIN;2021;6;3;7;0,42857142857142855
HJK;UTI - NEONATAL E PEDIATRICO UTIN E UCIN;2021;7;1;11;0,09090909090909091
HJK;UTI - NEONATAL E PEDIATRICO UTIN E UCIN;2021;8;2;14;0,14285714285714285
HJK;UTI - NEONATAL E PEDIATRICO UTIN E UCIN;2021;9;0;4;0,0
HJK;UTI - NEONATAL E PEDIATRICO UTIN E UCIN;2021;10;5;11;0,45454545454545453
HJK;UTI - NEONATAL E PEDIATRICO UTIN E UCIN;2021;11;5;8;0,625
HJK;UTI - NEONATAL E PEDIATRICO UTIN E UCIN;2021;12;4;11;0,36363636363636365
HJK;UTI - NEONATAL E PEDIATRICO UTIN E UCIN;2022;1;3;9;0,3333333333333333
HJK;UTI - NEONATAL E PEDIATRICO UTIN E UCIN;2022;2;2;8;0,25
HJK;UTI - NEONATAL E PEDIATRICO UTIN E UCIN;2022;3;7;13;0,5384615384615384
HJK;UTI - NEONATAL E PEDIATRICO UTIN E UCIN;2022;4;3;8;0,375
HJK;UTI - NEONATAL E PEDIATRICO UTIN E UCIN;2022;5;6;17;0,35294117647058826
HJK;UTI COVID-19;2020;7;16;36;0,4444444444444444
HJK;UTI COVID-19;2020;8;13;41;0,3170731707317073
HJK;UTI COVID-19;2020;9;11;26;0,4230769230769231
HJK;UTI COVID-19;2020;10;8;26;0,3076923076923077
HJK;UTI COVID-19;2020;11;6;18;0,3333333333333333
HJK;UTI COVID-19;2020;12;16;35;0,45714285714285713
HJK;UTI COVID-19;2021;1;10;31;0,3225806451612903
HJK;UTI COVID-19;2021;2;11;34;0,3235294117647059
HJK;UTI COVID-19;2021;3;13;43;0,3023255813953488
HJK;UTI COVID-19;2021;4;15;50;0,3
HJK;UTI COVID-19;2021;5;10;26;0,38461538461538464
HJK;UTI COVID-19;2021;6;6;39;0,15384615384615385
HJK;UTI COVID-19;2021;7;6;21;0,2857142857142857
HJK;UTI COVID-19;2021;8;6;20;0,3
HJK;UTI COVID-19;2021;9;0;13;0,0
HJK;UTI COVID-19;2021;10;2;16;0,125
HJK;UTI COVID-19;2021;11;3;17;0,17647058823529413
HJK;UTI COVID-19;2021;12;11;20;0,55
HJK;UTI COVID-19;2022;1;9;20;0,45
HJK;UTI COVID-19;2022;2;6;12;0,5
HJK;UTI COVID-19;2022;3;3;8;0,375
HJK;UTI COVID-19;2022;4;5;14;0,35714285714285715
HJK;UTI COVID-19;2022;5;5;11;0,45454545454545453
HJK;UTI CTI;2019;1;8;21;0,38095238095238093
HJK;UTI CTI;2019;2;7;18;0,3888888888888889
HJK;UTI CTI;2019;3;4;16;0,25
HJK;UTI CTI;2019;4;3;18;0,16666666666666666
HJK;UTI CTI;2019;5;4;14;0,2857142857142857
HJK;UTI CTI;2019;6;6;18;0,3333333333333333
HJK;UTI CTI;2019;7;5;24;0,20833333333333334
HJK;UTI CTI;2019;8;3;16;0,1875
HJK;UTI CTI;2019;9;5;16;0,3125
HJK;UTI CTI;2019;10;11;29;0,3793103448275862
HJK;UTI CTI;2019;11;9;24;0,375
HJK;UTI CTI;2019;12;7;15;0,4666666666666667
HJK;UTI CTI;2020;1;6;23;0,2608695652173913
HJK;UTI CTI;2020;2;9;19;0,47368421052631576
HJK;UTI CTI;2020;3;4;25;0,16
HJK;UTI CTI;2020;4;8;21;0,38095238095238093
HJK;UTI CTI;2020;5;3;17;0,17647058823529413
HJK;UTI CTI;2020;6;5;14;0,35714285714285715
HJK;UTI CTI;2020;7;2;5;0,4
HJK;UTI CTI;2020;8;0;4;0,0
HJK;UTI CTI;2020;9;1;8;0,125
HJK;UTI CTI;2020;10;1;12;0,08333333333333333
HJK;UTI CTI;2020;11;3;7;0,42857142857142855
HJK;UTI CTI;2020;12;3;9;0,3333333333333333
HJK;UTI CTI;2021;1;1;11;0,09090909090909091
HJK;UTI CTI;2021;2;3;11;0,2727272727272727
HJK;UTI CTI;2021;3;9;18;0,5
HJK;UTI CTI;2021;4;3;11;0,2727272727272727
HJK;UTI CTI;2021;5;2;6;0,3333333333333333
HJK;UTI CTI;2021;6;4;9;0,4444444444444444
HJK;UTI CTI;2021;7;5;11;0,45454545454545453
HJK;UTI CTI;2021;8;2;7;0,2857142857142857
HJK;UTI CTI;2021;9;9;14;0,6428571428571429
HJK;UTI CTI;2021;10;1;7;0,14285714285714285
HJK;UTI CTI;2021;11;2;7;0,2857142857142857
HJK;UTI CTI;2021;12;1;8;0,125
HJK;UTI CTI;2022;1;1;8;0,125
HJK;UTI CTI;2022;2;2;15;0,13333333333333333
HJK;UTI CTI;2022;3;5;10;0,5
HJK;UTI CTI;2022;4;3;4;0,75
HJK;UTI CTI;2022;5;0;1;0,0
HJXXIII;AMBULATORIO - RETORNOS;2021;3;0;1;0,0
HJXXIII;AMBULATORIO - RETORNOS;2021;8;0;1;0,0
HJXXIII;AMBULATORIO - RETORNOS;2021;12;0;1;0,0
HJXXIII;AMBULATORIO - RETORNOS;2022;7;0;1;0,0
HJXXIII;BLOCO CIRURGICO;2019;1;2;16;0,125
HJXXIII;BLOCO CIRURGICO;2019;2;3;11;0,2727272727272727
HJXXIII;BLOCO CIRURGICO;2019;3;7;19;0,3684210526315789
HJXXIII;BLOCO CIRURGICO;2019;4;6;26;0,23076923076923078
HJXXIII;BLOCO CIRURGICO;2019;5;8;33;0,24242424242424243
HJXXIII;BLOCO CIRURGICO;2019;6;8;20;0,4
HJXXIII;BLOCO CIRURGICO;2019;7;6;27;0,2222222222222222
HJXXIII;BLOCO CIRURGICO;2019;8;6;14;0,42857142857142855
HJXXIII;BLOCO CIRURGICO;2019;9;4;13;0,3076923076923077
HJXXIII;BLOCO CIRURGICO;2019;10;8;25;0,32
HJXXIII;BLOCO CIRURGICO;2019;11;9;24;0,375
HJXXIII;BLOCO CIRURGICO;2019;12;10;31;0,3225806451612903
HJXXIII;BLOCO CIRURGICO;2020;1;14;28;0,5
HJXXIII;BLOCO CIRURGICO;2020;2;7;24;0,2916666666666667
HJXXIII;BLOCO CIRURGICO;2020;3;14;21;0,6666666666666666
HJXXIII;BLOCO CIRURGICO;2020;4;1;12;0,08333333333333333
HJXXIII;BLOCO CIRURGICO;2020;5;7;17;0,4117647058823529
HJXXIII;BLOCO CIRURGICO;2020;6;9;35;0,2571428571428571
HJXXIII;BLOCO CIRURGICO;2020;7;17;33;0,5151515151515151
HJXXIII;BLOCO CIRURGICO;2020;8;14;36;0,3888888888888889
HJXXIII;BLOCO CIRURGICO;2020;9;14;41;0,34146341463414637
HJXXIII;BLOCO CIRURGICO;2020;10;21;38;0,5526315789473685
HJXXIII;BLOCO CIRURGICO;2020;11;15;34;0,4411764705882353
HJXXIII;BLOCO CIRURGICO;2020;12;12;27;0,4444444444444444
HJXXIII;BLOCO CIRURGICO;2021;1;11;40;0,275
HJXXIII;BLOCO CIRURGICO;2021;2;11;34;0,3235294117647059
HJXXIII;BLOCO CIRURGICO;2021;3;10;41;0,24390243902439024
HJXXIII;BLOCO CIRURGICO;2021;4;10;31;0,3225806451612903
HJXXIII;BLOCO CIRURGICO;2021;5;20;40;0,5
HJXXIII;BLOCO CIRURGICO;2021;6;21;46;0,45652173913043476
HJXXIII;BLOCO CIRURGICO;2021;7;21;49;0,42857142857142855
HJXXIII;BLOCO CIRURGICO;2021;8;23;43;0,5348837209302325
HJXXIII;BLOCO CIRURGICO;2021;9;12;39;0,3076923076923077
HJXXIII;BLOCO CIRURGICO;2021;10;15;43;0,3488372093023256
HJXXIII;BLOCO CIRURGICO;2021;11;18;46;0,391304347826087
HJXXIII;BLOCO CIRURGICO;2021;12;37;77;0,4805194805194805
HJXXIII;BLOCO CIRURGICO;2022;1;16;46;0,34782608695652173
HJXXIII;BLOCO CIRURGICO;2022;2;24;48;0,5
HJXXIII;BLOCO CIRURGICO;2022;3;22;71;0,30985915492957744
HJXXIII;BLOCO CIRURGICO;2022;4;14;30;0,4666666666666667
HJXXIII;BLOCO CIRURGICO;2022;5;25;45;0,5555555555555556
HJXXIII;BLOCO CIRURGICO;2022;6;19;33;0,5757575757575758
HJXXIII;BLOCO CIRURGICO;2022;7;22;48;0,4583333333333333
HJXXIII;BLOCO CIRURGICO;2022;8;17;41;0,4146341463414634
HJXXIII;BLOCO CIRURGICO;2022;9;26;47;0,5531914893617021
HJXXIII;BLOCO CIRURGICO;2022;10;18;50;0,36
HJXXIII;BLOCO CIRURGICO;2022;11;19;41;0,4634146341463415
HJXXIII;BLOCO CIRURGICO;2022;12;24;38;0,631578947368421
HJXXIII;BLOCO CIRURGICO;2023;1;10;30;0,3333333333333333
HJXXIII;BLOCO CIRURGICO;2023;2;18;34;0,5294117647058824
HJXXIII;BLOCO CIRURGICO;2023;3;21;49;0,42857142857142855
HJXXIII;BLOCO CIRURGICO;2023;4;15;34;0,4411764705882353
HJXXIII;BLOCO CIRURGICO;2023;5;17;47;0,3617021276595745
HJXXIII;BLOCO CIRURGICO;2023;6;17;43;0,3953488372093023
HJXXIII;BLOCO CIRURGICO;2023;7;16;54;0,2962962962962963
HJXXIII;BLOCO CIRURGICO;2023;8;27;72;0,375
HJXXIII;BLOCO CIRURGICO;2023;9;25;64;0,390625
HJXXIII;BLOCO CIRURGICO;2023;10;18;58;0,3103448275862069
HJXXIII;BLOCO CIRURGICO;2023;11;23;64;0,359375
HJXXIII;BLOCO CIRURGICO;2023;12;32;69;0,463768115942029
HJXXIII;BLOCO CIRURGICO;2024;1;23;54;0,42592592592592593
HJXXIII;BLOCO CIRURGICO;2024;2;16;47;0,3404255319148936
HJXXIII;BLOCO CIRURGICO;2024;3;21;57;0,3684210526315789
HJXXIII;BLOCO CIRURGICO;2024;4;15;43;0,3488372093023256
HJXXIII;BLOCO CIRURGICO;2024;5;21;61;0,3442622950819672
HJXXIII;BLOCO CIRURGICO;2024;6;21;49;0,42857142857142855
HJXXIII;BLOCO CIRURGICO;2024;7;25;59;0,423728813559322
HJXXIII;BLOCO CIRURGICO;2024;8;26;54;0,48148148148148145
HJXXIII;BLOCO CIRURGICO;2024;9;22;57;0,38596491228070173
HJXXIII;BLOCO CIRURGICO;2024;10;18;48;0,375
HJXXIII;BLOCO CIRURGICO;2024;11;22;28;0,7857142857142857
HJXXIII;BLOCO CIRURGICO;2024;12;15;33;0,45454545454545453
HJXXIII;BLOCO CIRURGICO;2025;1;24;52;0,46153846153846156
HJXXIII;BLOCO CIRURGICO;2025;2;17;29;0,5862068965517241
HJXXIII;BLOCO CIRURGICO;2025;3;17;33;0,5151515151515151
HJXXIII;BLOCO CIRURGICO;2025;4;14;32;0,4375
HJXXIII;BLOCO CIRURGICO;2025;5;24;41;0,5853658536585366
HJXXIII;BLOCO CIRURGICO;2025;6;20;35;0,5714285714285714
HJXXIII;BLOCO CIRURGICO;2025;7;28;51;0,5490196078431373
HJXXIII;BLOCO CIRURGICO;2025;8;45;68;0,6617647058823529
HJXXIII;BLOCO CIRURGICO;2025;9;24;53;0,4528301886792453
HJXXIII;BLOCO CIRURGICO;2025;10;42;65;0,6461538461538462
HJXXIII;BLOCO CIRURGICO;2025;11;39;56;0,6964285714285714
HJXXIII;BLOCO CIRURGICO;2025;12;33;51;0,6470588235294118
HJXXIII;BLOCO CIRURGICO;2026;1;43;55;0,7818181818181819
HJXXIII;BLOCO CIRURGICO;2026;2;33;55;0,6
HJXXIII;BLOCO CIRURGICO;2026;3;35;57;0,6140350877192983
HJXXIII;BLOCO CIRURGICO;2026;4;34;56;0,6071428571428571
HJXXIII;BLOCO CIRURGICO;2026;5;30;52;0,5769230769230769
HJXXIII;PRONTO SOCORRO;2019;1;163;531;0,3069679849340866
HJXXIII;PRONTO SOCORRO;2019;2;146;477;0,3060796645702306
HJXXIII;PRONTO SOCORRO;2019;3;189;604;0,3129139072847682
HJXXIII;PRONTO SOCORRO;2019;4;169;616;0,27435064935064934
HJXXIII;PRONTO SOCORRO;2019;5;177;645;0,2744186046511628
HJXXIII;PRONTO SOCORRO;2019;6;165;575;0,28695652173913044
HJXXIII;PRONTO SOCORRO;2019;7;197;585;0,3367521367521368
HJXXIII;PRONTO SOCORRO;2019;8;155;546;0,2838827838827839
HJXXIII;PRONTO SOCORRO;2019;9;155;543;0,285451197053407
HJXXIII;PRONTO SOCORRO;2019;10;177;573;0,3089005235602094
HJXXIII;PRONTO SOCORRO;2019;11;185;574;0,32229965156794427
HJXXIII;PRONTO SOCORRO;2019;12;183;603;0,3034825870646766
HJXXIII;PRONTO SOCORRO;2020;1;161;515;0,312621359223301
HJXXIII;PRONTO SOCORRO;2020;2;174;528;0,32954545454545453
HJXXIII;PRONTO SOCORRO;2020;3;138;487;0,28336755646817247
HJXXIII;PRONTO SOCORRO;2020;4;89;281;0,3167259786476868
HJXXIII;PRONTO SOCORRO;2020;5;86;276;0,3115942028985507
HJXXIII;PRONTO SOCORRO;2020;6;140;455;0,3076923076923077
HJXXIII;PRONTO SOCORRO;2020;7;136;464;0,29310344827586204
HJXXIII;PRONTO SOCORRO;2020;8;171;547;0,3126142595978062
HJXXIII;PRONTO SOCORRO;2020;9;165;535;0,308411214953271
HJXXIII;PRONTO SOCORRO;2020;10;170;608;0,27960526315789475
HJXXIII;PRONTO SOCORRO;2020;11;165;553;0,298372513562387
HJXXIII;PRONTO SOCORRO;2020;12;171;568;0,301056338028169
HJXXIII;PRONTO SOCORRO;2021;1;150;496;0,3024193548387097
HJXXIII;PRONTO SOCORRO;2021;2;126;422;0,2985781990521327
HJXXIII;PRONTO SOCORRO;2021;3;180;491;0,3665987780040733
HJXXIII;PRONTO SOCORRO;2021;4;154;546;0,28205128205128205
HJXXIII;PRONTO SOCORRO;2021;5;180;547;0,3290676416819013
HJXXIII;PRONTO SOCORRO;2021;6;199;603;0,33001658374792703
HJXXIII;PRONTO SOCORRO;2021;7;175;588;0,2976190476190476
HJXXIII;PRONTO SOCORRO;2021;8;166;477;0,3480083857442348
HJXXIII;PRONTO SOCORRO;2021;9;146;464;0,3146551724137931
HJXXIII;PRONTO SOCORRO;2021;10;133;458;0,2903930131004367
HJXXIII;PRONTO SOCORRO;2021;11;158;471;0,3354564755838641
HJXXIII;PRONTO SOCORRO;2021;12;183;530;0,3452830188679245
HJXXIII;PRONTO SOCORRO;2022;1;177;510;0,34705882352941175
HJXXIII;PRONTO SOCORRO;2022;2;157;454;0,3458149779735683
HJXXIII;PRONTO SOCORRO;2022;3;146;505;0,2891089108910891
HJXXIII;PRONTO SOCORRO;2022;4;147;490;0,3
HJXXIII;PRONTO SOCORRO;2022;5;114;443;0,25733634311512416
HJXXIII;PRONTO SOCORRO;2022;6;141;441;0,3197278911564626
HJXXIII;PRONTO SOCORRO;2022;7;164;495;0,33131313131313134
HJXXIII;PRONTO SOCORRO;2022;8;133;422;0,31516587677725116
HJXXIII;PRONTO SOCORRO;2022;9;152;470;0,32340425531914896
HJXXIII;PRONTO SOCORRO;2022;10;139;464;0,2995689655172414
HJXXIII;PRONTO SOCORRO;2022;11;176;516;0,34108527131782945
HJXXIII;PRONTO SOCORRO;2022;12;201;516;0,38953488372093026
HJXXIII;PRONTO SOCORRO;2023;1;134;430;0,3116279069767442
HJXXIII;PRONTO SOCORRO;2023;2;160;452;0,35398230088495575
HJXXIII;PRONTO SOCORRO;2023;3;127;523;0,24282982791587
HJXXIII;PRONTO SOCORRO;2023;4;136;453;0,30022075055187636
HJXXIII;PRONTO SOCORRO;2023;5;188;554;0,33935018050541516
HJXXIII;PRONTO SOCORRO;2023;6;139;493;0,281947261663286
HJXXIII;PRONTO SOCORRO;2023;7;149;513;0,290448343079922
HJXXIII;PRONTO SOCORRO;2023;8;182;546;0,3333333333333333
HJXXIII;PRONTO SOCORRO;2023;9;153;537;0,2849162011173184
HJXXIII;PRONTO SOCORRO;2023;10;130;592;0,2195945945945946
HJXXIII;PRONTO SOCORRO;2023;11;123;565;0,2176991150442478
HJXXIII;PRONTO SOCORRO;2023;12;139;564;0,24645390070921985
HJXXIII;PRONTO SOCORRO;2024;1;150;491;0,3054989816700611
HJXXIII;PRONTO SOCORRO;2024;2;163;484;0,3367768595041322
HJXXIII;PRONTO SOCORRO;2024;3;191;615;0,3105691056910569
HJXXIII;PRONTO SOCORRO;2024;4;155;528;0,2935606060606061
HJXXIII;PRONTO SOCORRO;2024;5;123;515;0,23883495145631067
HJXXIII;PRONTO SOCORRO;2024;6;182;507;0,358974358974359
HJXXIII;PRONTO SOCORRO;2024;7;238;602;0,3953488372093023
HJXXIII;PRONTO SOCORRO;2024;8;206;541;0,3807763401109057
HJXXIII;PRONTO SOCORRO;2024;9;237;525;0,4514285714285714
HJXXIII;PRONTO SOCORRO;2024;10;217;574;0,3780487804878049
HJXXIII;PRONTO SOCORRO;2024;11;238;525;0,4533333333333333
HJXXIII;PRONTO SOCORRO;2024;12;258;604;0,4271523178807947
HJXXIII;PRONTO SOCORRO;2025;1;311;700;0,4442857142857143
HJXXIII;PRONTO SOCORRO;2025;2;272;588;0,46258503401360546
HJXXIII;PRONTO SOCORRO;2025;3;289;633;0,4565560821484992
HJXXIII;PRONTO SOCORRO;2025;4;305;672;0,4538690476190476
HJXXIII;PRONTO SOCORRO;2025;5;260;626;0,41533546325878595
HJXXIII;PRONTO SOCORRO;2025;6;277;623;0,4446227929373997
HJXXIII;PRONTO SOCORRO;2025;7;281;691;0,40665701881331406
HJXXIII;PRONTO SOCORRO;2025;8;293;673;0,43536404160475484
HJXXIII;PRONTO SOCORRO;2025;9;290;592;0,48986486486486486
HJXXIII;PRONTO SOCORRO;2025;10;317;698;0,45415472779369626
HJXXIII;PRONTO SOCORRO;2025;11;278;593;0,4688026981450253
HJXXIII;PRONTO SOCORRO;2025;12;284;632;0,44936708860759494
HJXXIII;PRONTO SOCORRO;2026;1;279;579;0,48186528497409326
HJXXIII;PRONTO SOCORRO;2026;2;253;541;0,4676524953789279
HJXXIII;PRONTO SOCORRO;2026;3;319;662;0,4818731117824773
HJXXIII;PRONTO SOCORRO;2026;4;307;684;0,44883040935672514
HJXXIII;PRONTO SOCORRO;2026;5;346;666;0,5195195195195195
HJXXIII;PRONTO SOCORRO SALA 08 - EMERG. CLINICAS;2019;1;6;32;0,1875
HJXXIII;PRONTO SOCORRO SALA 08 - EMERG. CLINICAS;2019;2;5;22;0,22727272727272727
HJXXIII;PRONTO SOCORRO SALA 08 - EMERG. CLINICAS;2019;3;4;24;0,16666666666666666
HJXXIII;PRONTO SOCORRO SALA 08 - EMERG. CLINICAS;2019;4;0;22;0,0
HJXXIII;PRONTO SOCORRO SALA 08 - EMERG. CLINICAS;2019;5;6;30;0,2
HJXXIII;PRONTO SOCORRO SALA 08 - EMERG. CLINICAS;2019;6;6;25;0,24
HJXXIII;PRONTO SOCORRO SALA 08 - EMERG. CLINICAS;2019;7;3;17;0,17647058823529413
HJXXIII;PRONTO SOCORRO SALA 08 - EMERG. CLINICAS;2019;8;1;25;0,04
HJXXIII;PRONTO SOCORRO SALA 08 - EMERG. CLINICAS;2019;9;7;26;0,2692307692307692
HJXXIII;PRONTO SOCORRO SALA 08 - EMERG. CLINICAS;2019;10;9;24;0,375
HJXXIII;PRONTO SOCORRO SALA 08 - EMERG. CLINICAS;2019;11;3;29;0,10344827586206896
HJXXIII;PRONTO SOCORRO SALA 08 - EMERG. CLINICAS;2019;12;5;31;0,16129032258064516
HJXXIII;PRONTO SOCORRO SALA 08 - EMERG. CLINICAS;2020;1;9;34;0,2647058823529412
HJXXIII;PRONTO SOCORRO SALA 08 - EMERG. CLINICAS;2020;2;2;24;0,08333333333333333
HJXXIII;PRONTO SOCORRO SALA 08 - EMERG. CLINICAS;2020;3;10;28;0,35714285714285715
HJXXIII;PRONTO SOCORRO SALA 08 - EMERG. CLINICAS;2020;4;3;20;0,15
HJXXIII;PRONTO SOCORRO SALA 08 - EMERG. CLINICAS;2020;5;1;15;0,06666666666666667
HJXXIII;PRONTO SOCORRO SALA 08 - EMERG. CLINICAS;2020;6;8;34;0,23529411764705882
HJXXIII;PRONTO SOCORRO SALA 08 - EMERG. CLINICAS;2020;7;6;30;0,2
HJXXIII;PRONTO SOCORRO SALA 08 - EMERG. CLINICAS;2020;8;0;2;0,0
HJXXIII;PRONTO SOCORRO SALA 08 - EMERG. CLINICAS;2020;12;1;3;0,3333333333333333
HJXXIII;PRONTO SOCORRO SALA 08 - EMERG. CLINICAS;2021;1;1;3;0,3333333333333333
HJXXIII;PRONTO SOCORRO SALA 08 - EMERG. CLINICAS;2021;2;0;2;0,0
HJXXIII;PRONTO SOCORRO SALA 08 - EMERG. CLINICAS;2021;3;0;1;0,0
HJXXIII;PRONTO SOCORRO SALA 08 - EMERG. CLINICAS;2021;4;0;4;0,0
HJXXIII;UNIDADE INTERNAÇÃO - CIRURGIA GERAL 4º ANDAR;2019;1;59;130;0,45384615384615384
HJXXIII;UNIDADE INTERNAÇÃO - CIRURGIA GERAL 4º ANDAR;2019;2;62;101;0,6138613861386139
HJXXIII;UNIDADE INTERNAÇÃO - CIRURGIA GERAL 4º ANDAR;2019;3;38;94;0,40425531914893614
HJXXIII;UNIDADE INTERNAÇÃO - CIRURGIA GERAL 4º ANDAR;2019;4;50;83;0,6024096385542169
HJXXIII;UNIDADE INTERNAÇÃO - CIRURGIA GERAL 4º ANDAR;2019;5;44;91;0,4835164835164835
HJXXIII;UNIDADE INTERNAÇÃO - CIRURGIA GERAL 4º ANDAR;2019;6;68;116;0,5862068965517241
HJXXIII;UNIDADE INTERNAÇÃO - CIRURGIA GERAL 4º ANDAR;2019;7;80;121;0,6611570247933884
HJXXIII;UNIDADE INTERNAÇÃO - CIRURGIA GERAL 4º ANDAR;2019;8;50;94;0,5319148936170213
HJXXIII;UNIDADE INTERNAÇÃO - CIRURGIA GERAL 4º ANDAR;2019;9;41;105;0,3904761904761905
HJXXIII;UNIDADE INTERNAÇÃO - CIRURGIA GERAL 4º ANDAR;2019;10;63;114;0,5526315789473685
HJXXIII;UNIDADE INTERNAÇÃO - CIRURGIA GERAL 4º ANDAR;2019;11;77;112;0,6875
HJXXIII;UNIDADE INTERNAÇÃO - CIRURGIA GERAL 4º ANDAR;2019;12;56;102;0,5490196078431373
HJXXIII;UNIDADE INTERNAÇÃO - CIRURGIA GERAL 4º ANDAR;2020;1;69;95;0,7263157894736842
HJXXIII;UNIDADE INTERNAÇÃO - CIRURGIA GERAL 4º ANDAR;2020;2;55;100;0,55
HJXXIII;UNIDADE INTERNAÇÃO - CIRURGIA GERAL 4º ANDAR;2020;3;51;105;0,4857142857142857
HJXXIII;UNIDADE INTERNAÇÃO - CIRURGIA GERAL 4º ANDAR;2020;4;57;92;0,6195652173913043
HJXXIII;UNIDADE INTERNAÇÃO - CIRURGIA GERAL 4º ANDAR;2020;5;72;146;0,4931506849315068
HJXXIII;UNIDADE INTERNAÇÃO - CIRURGIA GERAL 4º ANDAR;2020;6;68;141;0,48226950354609927
HJXXIII;UNIDADE INTERNAÇÃO - CIRURGIA GERAL 4º ANDAR;2020;7;90;165;0,5454545454545454
HJXXIII;UNIDADE INTERNAÇÃO - CIRURGIA GERAL 4º ANDAR;2020;8;80;147;0,54421768707483
HJXXIII;UNIDADE INTERNAÇÃO - CIRURGIA GERAL 4º ANDAR;2020;9;74;131;0,5648854961832062
HJXXIII;UNIDADE INTERNAÇÃO - CIRURGIA GERAL 4º ANDAR;2020;10;75;123;0,6097560975609756
HJXXIII;UNIDADE INTERNAÇÃO - CIRURGIA GERAL 4º ANDAR;2020;11;79;121;0,6528925619834711
HJXXIII;UNIDADE INTERNAÇÃO - CIRURGIA GERAL 4º ANDAR;2020;12;80;140;0,5714285714285714
HJXXIII;UNIDADE INTERNAÇÃO - CIRURGIA GERAL 4º ANDAR;2021;1;71;117;0,6068376068376068
HJXXIII;UNIDADE INTERNAÇÃO - CIRURGIA GERAL 4º ANDAR;2021;2;66;118;0,559322033898305
HJXXIII;UNIDADE INTERNAÇÃO - CIRURGIA GERAL 4º ANDAR;2021;3;65;149;0,436241610738255
HJXXIII;UNIDADE INTERNAÇÃO - CIRURGIA GERAL 4º ANDAR;2021;4;77;162;0,47530864197530864
HJXXIII;UNIDADE INTERNAÇÃO - CIRURGIA GERAL 4º ANDAR;2021;5;88;152;0,5789473684210527
HJXXIII;UNIDADE INTERNAÇÃO - CIRURGIA GERAL 4º ANDAR;2021;6;83;141;0,5886524822695035
HJXXIII;UNIDADE INTERNAÇÃO - CIRURGIA GERAL 4º ANDAR;2021;7;76;140;0,5428571428571428
HJXXIII;UNIDADE INTERNAÇÃO - CIRURGIA GERAL 4º ANDAR;2021;8;84;149;0,5637583892617449
HJXXIII;UNIDADE INTERNAÇÃO - CIRURGIA GERAL 4º ANDAR;2021;9;95;155;0,6129032258064516
HJXXIII;UNIDADE INTERNAÇÃO - CIRURGIA GERAL 4º ANDAR;2021;10;53;152;0,34868421052631576
HJXXIII;UNIDADE INTERNAÇÃO - CIRURGIA GERAL 4º ANDAR;2021;11;74;147;0,5034013605442177
HJXXIII;UNIDADE INTERNAÇÃO - CIRURGIA GERAL 4º ANDAR;2021;12;73;131;0,5572519083969466
HJXXIII;UNIDADE INTERNAÇÃO - CIRURGIA GERAL 4º ANDAR;2022;1;81;124;0,6532258064516129
HJXXIII;UNIDADE INTERNAÇÃO - CIRURGIA GERAL 4º ANDAR;2022;2;58;104;0,5576923076923077
HJXXIII;UNIDADE INTERNAÇÃO - CIRURGIA GERAL 4º ANDAR;2022;3;93;156;0,5961538461538461
HJXXIII;UNIDADE INTERNAÇÃO - CIRURGIA GERAL 4º ANDAR;2022;4;67;143;0,46853146853146854
HJXXIII;UNIDADE INTERNAÇÃO - CIRURGIA GERAL 4º ANDAR;2022;5;69;157;0,4394904458598726
HJXXIII;UNIDADE INTERNAÇÃO - CIRURGIA GERAL 4º ANDAR;2022;6;87;154;0,564935064935065
HJXXIII;UNIDADE INTERNAÇÃO - CIRURGIA GERAL 4º ANDAR;2022;7;64;135;0,4740740740740741
HJXXIII;UNIDADE INTERNAÇÃO - CIRURGIA GERAL 4º ANDAR;2022;8;93;156;0,5961538461538461
HJXXIII;UNIDADE INTERNAÇÃO - CIRURGIA GERAL 4º ANDAR;2022;9;84;148;0,5675675675675675
HJXXIII;UNIDADE INTERNAÇÃO - CIRURGIA GERAL 4º ANDAR;2022;10;107;149;0,7181208053691275
HJXXIII;UNIDADE INTERNAÇÃO - CIRURGIA GERAL 4º ANDAR;2022;11;77;147;0,5238095238095238
HJXXIII;UNIDADE INTERNAÇÃO - CIRURGIA GERAL 4º ANDAR;2022;12;77;152;0,506578947368421
HJXXIII;UNIDADE INTERNAÇÃO - CIRURGIA GERAL 4º ANDAR;2023;1;101;176;0,5738636363636364
HJXXIII;UNIDADE INTERNAÇÃO - CIRURGIA GERAL 4º ANDAR;2023;2;108;123;0,8780487804878049
HJXXIII;UNIDADE INTERNAÇÃO - CIRURGIA GERAL 4º ANDAR;2023;3;82;150;0,5466666666666666
HJXXIII;UNIDADE INTERNAÇÃO - CIRURGIA GERAL 4º ANDAR;2023;4;54;137;0,39416058394160586
HJXXIII;UNIDADE INTERNAÇÃO - CIRURGIA GERAL 4º ANDAR;2023;5;79;170;0,4647058823529412
HJXXIII;UNIDADE INTERNAÇÃO - CIRURGIA GERAL 4º ANDAR;2023;6;89;140;0,6357142857142857
HJXXIII;UNIDADE INTERNAÇÃO - CIRURGIA GERAL 4º ANDAR;2023;7;97;150;0,6466666666666666
HJXXIII;UNIDADE INTERNAÇÃO - CIRURGIA GERAL 4º ANDAR;2023;8;61;103;0,5922330097087378
HJXXIII;UNIDADE INTERNAÇÃO - CIRURGIA GERAL 4º ANDAR;2023;9;89;143;0,6223776223776224
HJXXIII;UNIDADE INTERNAÇÃO - CIRURGIA GERAL 4º ANDAR;2023;10;101;136;0,7426470588235294
HJXXIII;UNIDADE INTERNAÇÃO - CIRURGIA GERAL 4º ANDAR;2023;11;103;134;0,7686567164179104
HJXXIII;UNIDADE INTERNAÇÃO - CIRURGIA GERAL 4º ANDAR;2023;12;129;118;1,0932203389830508
HJXXIII;UNIDADE INTERNAÇÃO - CIRURGIA GERAL 4º ANDAR;2024;1;95;117;0,811965811965812
HJXXIII;UNIDADE INTERNAÇÃO - CIRURGIA GERAL 4º ANDAR;2024;2;86;103;0,8349514563106796
HJXXIII;UNIDADE INTERNAÇÃO - CIRURGIA GERAL 4º ANDAR;2024;3;129;121;1,0661157024793388
HJXXIII;UNIDADE INTERNAÇÃO - CIRURGIA GERAL 4º ANDAR;2024;4;124;145;0,8551724137931035
HJXXIII;UNIDADE INTERNAÇÃO - CIRURGIA GERAL 4º ANDAR;2024;5;119;142;0,8380281690140845
HJXXIII;UNIDADE INTERNAÇÃO - CIRURGIA GERAL 4º ANDAR;2024;6;132;153;0,8627450980392157
HJXXIII;UNIDADE INTERNAÇÃO - CIRURGIA GERAL 4º ANDAR;2024;7;115;119;0,9663865546218487
HJXXIII;UNIDADE INTERNAÇÃO - CIRURGIA GERAL 4º ANDAR;2024;8;86;131;0,6564885496183206
HJXXIII;UNIDADE INTERNAÇÃO - CIRURGIA GERAL 4º ANDAR;2024;9;103;120;0,8583333333333333
HJXXIII;UNIDADE INTERNAÇÃO - CIRURGIA GERAL 4º ANDAR;2024;10;95;125;0,76
HJXXIII;UNIDADE INTERNAÇÃO - CIRURGIA GERAL 4º ANDAR;2024;11;97;123;0,7886178861788617
HJXXIII;UNIDADE INTERNAÇÃO - CIRURGIA GERAL 4º ANDAR;2024;12;104;133;0,7819548872180451
HJXXIII;UNIDADE INTERNAÇÃO - CIRURGIA GERAL 4º ANDAR;2025;1;84;109;0,7706422018348624
HJXXIII;UNIDADE INTERNAÇÃO - CIRURGIA GERAL 4º ANDAR;2025;2;101;114;0,8859649122807017
HJXXIII;UNIDADE INTERNAÇÃO - CIRURGIA GERAL 4º ANDAR;2025;3;58;126;0,4603174603174603
HJXXIII;UNIDADE INTERNAÇÃO - CIRURGIA GERAL 4º ANDAR;2025;4;56;113;0,49557522123893805
HJXXIII;UNIDADE INTERNAÇÃO - CIRURGIA GERAL 4º ANDAR;2025;5;66;131;0,5038167938931297
HJXXIII;UNIDADE INTERNAÇÃO - CIRURGIA GERAL 4º ANDAR;2025;6;69;114;0,6052631578947368
HJXXIII;UNIDADE INTERNAÇÃO - CIRURGIA GERAL 4º ANDAR;2025;7;51;94;0,5425531914893617
HJXXIII;UNIDADE INTERNAÇÃO - CIRURGIA GERAL 4º ANDAR;2025;8;67;106;0,6320754716981132
HJXXIII;UNIDADE INTERNAÇÃO - CIRURGIA GERAL 4º ANDAR;2025;9;56;106;0,5283018867924528
HJXXIII;UNIDADE INTERNAÇÃO - CIRURGIA GERAL 4º ANDAR;2025;10;63;109;0,5779816513761468
HJXXIII;UNIDADE INTERNAÇÃO - CIRURGIA GERAL 4º ANDAR;2025;11;57;78;0,7307692307692307
HJXXIII;UNIDADE INTERNAÇÃO - CIRURGIA GERAL 4º ANDAR;2025;12;87;126;0,6904761904761905
HJXXIII;UNIDADE INTERNAÇÃO - CIRURGIA GERAL 4º ANDAR;2026;1;64;91;0,7032967032967034
HJXXIII;UNIDADE INTERNAÇÃO - CIRURGIA GERAL 4º ANDAR;2026;2;50;95;0,5263157894736842
HJXXIII;UNIDADE INTERNAÇÃO - CIRURGIA GERAL 4º ANDAR;2026;3;69;111;0,6216216216216216
HJXXIII;UNIDADE INTERNAÇÃO - CIRURGIA GERAL 4º ANDAR;2026;4;63;99;0,6363636363636364
HJXXIII;UNIDADE INTERNAÇÃO - CIRURGIA GERAL 4º ANDAR;2026;5;60;92;0,6521739130434783
HJXXIII;UNIDADE INTERNAÇÃO - CIRURGIA PLÁSTICA 7º ANDAR;2019;1;63;106;0,5943396226415094
HJXXIII;UNIDADE INTERNAÇÃO - CIRURGIA PLÁSTICA 7º ANDAR;2019;2;52;102;0,5098039215686274
HJXXIII;UNIDADE INTERNAÇÃO - CIRURGIA PLÁSTICA 7º ANDAR;2019;3;44;74;0,5945945945945946
HJXXIII;UNIDADE INTERNAÇÃO - CIRURGIA PLÁSTICA 7º ANDAR;2019;4;54;91;0,5934065934065934
HJXXIII;UNIDADE INTERNAÇÃO - CIRURGIA PLÁSTICA 7º ANDAR;2019;5;42;83;0,5060240963855421
HJXXIII;UNIDADE INTERNAÇÃO - CIRURGIA PLÁSTICA 7º ANDAR;2019;6;34;81;0,41975308641975306
HJXXIII;UNIDADE INTERNAÇÃO - CIRURGIA PLÁSTICA 7º ANDAR;2019;7;50;79;0,6329113924050633
HJXXIII;UNIDADE INTERNAÇÃO - CIRURGIA PLÁSTICA 7º ANDAR;2019;8;48;100;0,48
HJXXIII;UNIDADE INTERNAÇÃO - CIRURGIA PLÁSTICA 7º ANDAR;2019;9;48;99;0,48484848484848486
HJXXIII;UNIDADE INTERNAÇÃO - CIRURGIA PLÁSTICA 7º ANDAR;2019;10;59;101;0,5841584158415841
HJXXIII;UNIDADE INTERNAÇÃO - CIRURGIA PLÁSTICA 7º ANDAR;2019;11;48;90;0,5333333333333333
HJXXIII;UNIDADE INTERNAÇÃO - CIRURGIA PLÁSTICA 7º ANDAR;2019;12;67;109;0,6146788990825688
HJXXIII;UNIDADE INTERNAÇÃO - CIRURGIA PLÁSTICA 7º ANDAR;2020;1;41;75;0,5466666666666666
HJXXIII;UNIDADE INTERNAÇÃO - CIRURGIA PLÁSTICA 7º ANDAR;2020;2;51;83;0,6144578313253012
HJXXIII;UNIDADE INTERNAÇÃO - CIRURGIA PLÁSTICA 7º ANDAR;2020;3;61;121;0,5041322314049587
HJXXIII;UNIDADE INTERNAÇÃO - CIRURGIA PLÁSTICA 7º ANDAR;2020;4;76;112;0,6785714285714286
HJXXIII;UNIDADE INTERNAÇÃO - CIRURGIA PLÁSTICA 7º ANDAR;2020;5;94;148;0,6351351351351351
HJXXIII;UNIDADE INTERNAÇÃO - CIRURGIA PLÁSTICA 7º ANDAR;2020;6;74;136;0,5441176470588235
HJXXIII;UNIDADE INTERNAÇÃO - CIRURGIA PLÁSTICA 7º ANDAR;2020;7;54;96;0,5625
HJXXIII;UNIDADE INTERNAÇÃO - CIRURGIA PLÁSTICA 7º ANDAR;2020;8;58;99;0,5858585858585859
HJXXIII;UNIDADE INTERNAÇÃO - CIRURGIA PLÁSTICA 7º ANDAR;2020;9;70;110;0,6363636363636364
HJXXIII;UNIDADE INTERNAÇÃO - CIRURGIA PLÁSTICA 7º ANDAR;2020;10;80;122;0,6557377049180327
HJXXIII;UNIDADE INTERNAÇÃO - CIRURGIA PLÁSTICA 7º ANDAR;2020;11;71;108;0,6574074074074074
HJXXIII;UNIDADE INTERNAÇÃO - CIRURGIA PLÁSTICA 7º ANDAR;2020;12;98;130;0,7538461538461538
HJXXIII;UNIDADE INTERNAÇÃO - CIRURGIA PLÁSTICA 7º ANDAR;2021;1;88;134;0,6567164179104478
HJXXIII;UNIDADE INTERNAÇÃO - CIRURGIA PLÁSTICA 7º ANDAR;2021;2;80;144;0,5555555555555556
HJXXIII;UNIDADE INTERNAÇÃO - CIRURGIA PLÁSTICA 7º ANDAR;2021;3;120;175;0,6857142857142857
HJXXIII;UNIDADE INTERNAÇÃO - CIRURGIA PLÁSTICA 7º ANDAR;2021;4;135;157;0,8598726114649682
HJXXIII;UNIDADE INTERNAÇÃO - CIRURGIA PLÁSTICA 7º ANDAR;2021;5;111;156;0,7115384615384616
HJXXIII;UNIDADE INTERNAÇÃO - CIRURGIA PLÁSTICA 7º ANDAR;2021;6;106;139;0,762589928057554
HJXXIII;UNIDADE INTERNAÇÃO - CIRURGIA PLÁSTICA 7º ANDAR;2021;7;109;150;0,7266666666666667
HJXXIII;UNIDADE INTERNAÇÃO - CIRURGIA PLÁSTICA 7º ANDAR;2021;8;88;140;0,6285714285714286
HJXXIII;UNIDADE INTERNAÇÃO - CIRURGIA PLÁSTICA 7º ANDAR;2021;9;121;141;0,8581560283687943
HJXXIII;UNIDADE INTERNAÇÃO - CIRURGIA PLÁSTICA 7º ANDAR;2021;10;107;134;0,7985074626865671
HJXXIII;UNIDADE INTERNAÇÃO - CIRURGIA PLÁSTICA 7º ANDAR;2021;11;103;141;0,7304964539007093
HJXXIII;UNIDADE INTERNAÇÃO - CIRURGIA PLÁSTICA 7º ANDAR;2021;12;71;92;0,7717391304347826
HJXXIII;UNIDADE INTERNAÇÃO - CIRURGIA PLÁSTICA 7º ANDAR;2022;1;109;129;0,8449612403100775
HJXXIII;UNIDADE INTERNAÇÃO - CIRURGIA PLÁSTICA 7º ANDAR;2022;2;102;106;0,9622641509433962
HJXXIII;UNIDADE INTERNAÇÃO - CIRURGIA PLÁSTICA 7º ANDAR;2022;3;104;124;0,8387096774193549
HJXXIII;UNIDADE INTERNAÇÃO - CIRURGIA PLÁSTICA 7º ANDAR;2022;4;100;143;0,6993006993006993
HJXXIII;UNIDADE INTERNAÇÃO - CIRURGIA PLÁSTICA 7º ANDAR;2022;5;127;149;0,8523489932885906
HJXXIII;UNIDADE INTERNAÇÃO - CIRURGIA PLÁSTICA 7º ANDAR;2022;6;128;156;0,8205128205128205
HJXXIII;UNIDADE INTERNAÇÃO - CIRURGIA PLÁSTICA 7º ANDAR;2022;7;103;145;0,7103448275862069
HJXXIII;UNIDADE INTERNAÇÃO - CIRURGIA PLÁSTICA 7º ANDAR;2022;8;90;130;0,6923076923076923
HJXXIII;UNIDADE INTERNAÇÃO - CIRURGIA PLÁSTICA 7º ANDAR;2022;9;87;102;0,8529411764705882
HJXXIII;UNIDADE INTERNAÇÃO - CIRURGIA PLÁSTICA 7º ANDAR;2022;10;65;83;0,7831325301204819
HJXXIII;UNIDADE INTERNAÇÃO - CIRURGIA PLÁSTICA 7º ANDAR;2022;11;69;98;0,7040816326530612
HJXXIII;UNIDADE INTERNAÇÃO - CIRURGIA PLÁSTICA 7º ANDAR;2022;12;82;109;0,7522935779816514
HJXXIII;UNIDADE INTERNAÇÃO - CIRURGIA PLÁSTICA 7º ANDAR;2023;1;117;120;0,975
HJXXIII;UNIDADE INTERNAÇÃO - CIRURGIA PLÁSTICA 7º ANDAR;2023;2;109;101;1,0792079207920793
HJXXIII;UNIDADE INTERNAÇÃO - CIRURGIA PLÁSTICA 7º ANDAR;2023;3;127;109;1,165137614678899
HJXXIII;UNIDADE INTERNAÇÃO - CIRURGIA PLÁSTICA 7º ANDAR;2023;4;88;113;0,7787610619469026
HJXXIII;UNIDADE INTERNAÇÃO - CIRURGIA PLÁSTICA 7º ANDAR;2023;5;80;115;0,6956521739130435
HJXXIII;UNIDADE INTERNAÇÃO - CIRURGIA PLÁSTICA 7º ANDAR;2023;6;97;87;1,1149425287356323
HJXXIII;UNIDADE INTERNAÇÃO - CIRURGIA PLÁSTICA 7º ANDAR;2023;7;64;101;0,6336633663366337
HJXXIII;UNIDADE INTERNAÇÃO - CIRURGIA PLÁSTICA 7º ANDAR;2023;8;86;99;0,8686868686868687
HJXXIII;UNIDADE INTERNAÇÃO - CIRURGIA PLÁSTICA 7º ANDAR;2023;9;58;75;0,7733333333333333
HJXXIII;UNIDADE INTERNAÇÃO - CIRURGIA PLÁSTICA 7º ANDAR;2023;10;68;98;0,6938775510204082
HJXXIII;UNIDADE INTERNAÇÃO - CIRURGIA PLÁSTICA 7º ANDAR;2023;11;63;83;0,7590361445783133
HJXXIII;UNIDADE INTERNAÇÃO - CIRURGIA PLÁSTICA 7º ANDAR;2023;12;80;98;0,8163265306122449
HJXXIII;UNIDADE INTERNAÇÃO - CIRURGIA PLÁSTICA 7º ANDAR;2024;1;100;89;1,1235955056179776
HJXXIII;UNIDADE INTERNAÇÃO - CIRURGIA PLÁSTICA 7º ANDAR;2024;2;111;101;1,099009900990099
HJXXIII;UNIDADE INTERNAÇÃO - CIRURGIA PLÁSTICA 7º ANDAR;2024;3;92;100;0,92
HJXXIII;UNIDADE INTERNAÇÃO - CIRURGIA PLÁSTICA 7º ANDAR;2024;4;71;109;0,6513761467889908
HJXXIII;UNIDADE INTERNAÇÃO - CIRURGIA PLÁSTICA 7º ANDAR;2024;5;70;140;0,5
HJXXIII;UNIDADE INTERNAÇÃO - CIRURGIA PLÁSTICA 7º ANDAR;2024;6;45;97;0,4639175257731959
HJXXIII;UNIDADE INTERNAÇÃO - CIRURGIA PLÁSTICA 7º ANDAR;2024;7;40;102;0,39215686274509803
HJXXIII;UNIDADE INTERNAÇÃO - CIRURGIA PLÁSTICA 7º ANDAR;2024;8;43;73;0,589041095890411
HJXXIII;UNIDADE INTERNAÇÃO - CIRURGIA PLÁSTICA 7º ANDAR;2024;9;64;102;0,6274509803921569
HJXXIII;UNIDADE INTERNAÇÃO - CIRURGIA PLÁSTICA 7º ANDAR;2024;10;58;87;0,6666666666666666
HJXXIII;UNIDADE INTERNAÇÃO - CIRURGIA PLÁSTICA 7º ANDAR;2024;11;64;82;0,7804878048780488
HJXXIII;UNIDADE INTERNAÇÃO - CIRURGIA PLÁSTICA 7º ANDAR;2024;12;48;86;0,5581395348837209
HJXXIII;UNIDADE INTERNAÇÃO - CIRURGIA PLÁSTICA 7º ANDAR;2025;1;70;86;0,813953488372093
HJXXIII;UNIDADE INTERNAÇÃO - CIRURGIA PLÁSTICA 7º ANDAR;2025;2;45;81;0,5555555555555556
HJXXIII;UNIDADE INTERNAÇÃO - CIRURGIA PLÁSTICA 7º ANDAR;2025;3;44;80;0,55
HJXXIII;UNIDADE INTERNAÇÃO - CIRURGIA PLÁSTICA 7º ANDAR;2025;4;49;68;0,7205882352941176
HJXXIII;UNIDADE INTERNAÇÃO - CIRURGIA PLÁSTICA 7º ANDAR;2025;5;72;113;0,6371681415929203
HJXXIII;UNIDADE INTERNAÇÃO - CIRURGIA PLÁSTICA 7º ANDAR;2025;6;53;78;0,6794871794871795
HJXXIII;UNIDADE INTERNAÇÃO - CIRURGIA PLÁSTICA 7º ANDAR;2025;7;36;76;0,47368421052631576
HJXXIII;UNIDADE INTERNAÇÃO - CIRURGIA PLÁSTICA 7º ANDAR;2025;8;66;85;0,7764705882352941
HJXXIII;UNIDADE INTERNAÇÃO - CIRURGIA PLÁSTICA 7º ANDAR;2025;9;76;120;0,6333333333333333
HJXXIII;UNIDADE INTERNAÇÃO - CIRURGIA PLÁSTICA 7º ANDAR;2025;10;67;105;0,638095238095238
HJXXIII;UNIDADE INTERNAÇÃO - CIRURGIA PLÁSTICA 7º ANDAR;2025;11;53;82;0,6463414634146342
HJXXIII;UNIDADE INTERNAÇÃO - CIRURGIA PLÁSTICA 7º ANDAR;2025;12;63;93;0,6774193548387096
HJXXIII;UNIDADE INTERNAÇÃO - CIRURGIA PLÁSTICA 7º ANDAR;2026;1;50;70;0,7142857142857143
HJXXIII;UNIDADE INTERNAÇÃO - CIRURGIA PLÁSTICA 7º ANDAR;2026;2;56;81;0,691358024691358
HJXXIII;UNIDADE INTERNAÇÃO - CIRURGIA PLÁSTICA 7º ANDAR;2026;3;63;100;0,63
HJXXIII;UNIDADE INTERNAÇÃO - CIRURGIA PLÁSTICA 7º ANDAR;2026;4;56;70;0,8
HJXXIII;UNIDADE INTERNAÇÃO - CIRURGIA PLÁSTICA 7º ANDAR;2026;5;73;100;0,73
HJXXIII;UNIDADE INTERNAÇÃO - CLINICA CUIDADOS PROGRESSIVOS 3º ANDAR;2019;1;1;6;0,16666666666666666
HJXXIII;UNIDADE INTERNAÇÃO - CLINICA CUIDADOS PROGRESSIVOS 3º ANDAR;2019;2;0;4;0,0
HJXXIII;UNIDADE INTERNAÇÃO - CLINICA CUIDADOS PROGRESSIVOS 3º ANDAR;2019;3;1;3;0,3333333333333333
HJXXIII;UNIDADE INTERNAÇÃO - CLINICA CUIDADOS PROGRESSIVOS 3º ANDAR;2019;4;0;3;0,0
HJXXIII;UNIDADE INTERNAÇÃO - CLINICA CUIDADOS PROGRESSIVOS 3º ANDAR;2019;5;0;8;0,0
HJXXIII;UNIDADE INTERNAÇÃO - CLINICA CUIDADOS PROGRESSIVOS 3º ANDAR;2019;6;1;5;0,2
HJXXIII;UNIDADE INTERNAÇÃO - CLINICA CUIDADOS PROGRESSIVOS 3º ANDAR;2019;7;0;5;0,0
HJXXIII;UNIDADE INTERNAÇÃO - CLINICA CUIDADOS PROGRESSIVOS 3º ANDAR;2019;8;2;5;0,4
HJXXIII;UNIDADE INTERNAÇÃO - CLINICA CUIDADOS PROGRESSIVOS 3º ANDAR;2019;9;1;5;0,2
HJXXIII;UNIDADE INTERNAÇÃO - CLINICA CUIDADOS PROGRESSIVOS 3º ANDAR;2019;10;3;6;0,5
HJXXIII;UNIDADE INTERNAÇÃO - CLINICA CUIDADOS PROGRESSIVOS 3º ANDAR;2019;11;0;3;0,0
HJXXIII;UNIDADE INTERNAÇÃO - CLINICA CUIDADOS PROGRESSIVOS 3º ANDAR;2019;12;0;3;0,0
HJXXIII;UNIDADE INTERNAÇÃO - CLINICA CUIDADOS PROGRESSIVOS 3º ANDAR;2020;1;4;2;2,0
HJXXIII;UNIDADE INTERNAÇÃO - CLINICA CUIDADOS PROGRESSIVOS 3º ANDAR;2020;2;1;4;0,25
HJXXIII;UNIDADE INTERNAÇÃO - CLINICA CUIDADOS PROGRESSIVOS 3º ANDAR;2020;3;1;9;0,1111111111111111
HJXXIII;UNIDADE INTERNAÇÃO - CLINICA CUIDADOS PROGRESSIVOS 3º ANDAR;2020;4;2;9;0,2222222222222222
HJXXIII;UNIDADE INTERNAÇÃO - CLINICA CUIDADOS PROGRESSIVOS 3º ANDAR;2020;5;2;8;0,25
HJXXIII;UNIDADE INTERNAÇÃO - CLINICA CUIDADOS PROGRESSIVOS 3º ANDAR;2020;6;1;4;0,25
HJXXIII;UNIDADE INTERNAÇÃO - CLINICA CUIDADOS PROGRESSIVOS 3º ANDAR;2020;7;1;15;0,06666666666666667
HJXXIII;UNIDADE INTERNAÇÃO - CLINICA CUIDADOS PROGRESSIVOS 3º ANDAR;2020;8;1;10;0,1
HJXXIII;UNIDADE INTERNAÇÃO - CLINICA CUIDADOS PROGRESSIVOS 3º ANDAR;2020;9;5;14;0,35714285714285715
HJXXIII;UNIDADE INTERNAÇÃO - CLINICA CUIDADOS PROGRESSIVOS 3º ANDAR;2020;10;6;9;0,6666666666666666
HJXXIII;UNIDADE INTERNAÇÃO - CLINICA CUIDADOS PROGRESSIVOS 3º ANDAR;2020;11;4;8;0,5
HJXXIII;UNIDADE INTERNAÇÃO - CLINICA CUIDADOS PROGRESSIVOS 3º ANDAR;2020;12;2;5;0,4
HJXXIII;UNIDADE INTERNAÇÃO - CLINICA CUIDADOS PROGRESSIVOS 3º ANDAR;2021;1;6;16;0,375
HJXXIII;UNIDADE INTERNAÇÃO - CLINICA CUIDADOS PROGRESSIVOS 3º ANDAR;2021;2;1;4;0,25
HJXXIII;UNIDADE INTERNAÇÃO - CLINICA CUIDADOS PROGRESSIVOS 3º ANDAR;2021;3;6;9;0,6666666666666666
HJXXIII;UNIDADE INTERNAÇÃO - CLINICA CUIDADOS PROGRESSIVOS 3º ANDAR;2021;4;1;4;0,25
HJXXIII;UNIDADE INTERNAÇÃO - CLINICA CUIDADOS PROGRESSIVOS 3º ANDAR;2021;5;5;13;0,38461538461538464
HJXXIII;UNIDADE INTERNAÇÃO - CLINICA CUIDADOS PROGRESSIVOS 3º ANDAR;2021;6;1;10;0,1
HJXXIII;UNIDADE INTERNAÇÃO - CLINICA CUIDADOS PROGRESSIVOS 3º ANDAR;2021;7;2;12;0,16666666666666666
HJXXIII;UNIDADE INTERNAÇÃO - CLINICA CUIDADOS PROGRESSIVOS 3º ANDAR;2021;8;3;11;0,2727272727272727
HJXXIII;UNIDADE INTERNAÇÃO - CLINICA CUIDADOS PROGRESSIVOS 3º ANDAR;2021;9;2;9;0,2222222222222222
HJXXIII;UNIDADE INTERNAÇÃO - CLINICA CUIDADOS PROGRESSIVOS 3º ANDAR;2021;10;2;5;0,4
HJXXIII;UNIDADE INTERNAÇÃO - CLINICA CUIDADOS PROGRESSIVOS 3º ANDAR;2021;11;4;10;0,4
HJXXIII;UNIDADE INTERNAÇÃO - CLINICA CUIDADOS PROGRESSIVOS 3º ANDAR;2021;12;2;8;0,25
HJXXIII;UNIDADE INTERNAÇÃO - CLINICA CUIDADOS PROGRESSIVOS 3º ANDAR;2022;1;2;9;0,2222222222222222
HJXXIII;UNIDADE INTERNAÇÃO - CLINICA CUIDADOS PROGRESSIVOS 3º ANDAR;2022;2;6;10;0,6
HJXXIII;UNIDADE INTERNAÇÃO - CLINICA CUIDADOS PROGRESSIVOS 3º ANDAR;2022;3;4;6;0,6666666666666666
HJXXIII;UNIDADE INTERNAÇÃO - CLINICA CUIDADOS PROGRESSIVOS 3º ANDAR;2022;4;4;6;0,6666666666666666
HJXXIII;UNIDADE INTERNAÇÃO - CLINICA CUIDADOS PROGRESSIVOS 3º ANDAR;2022;5;1;10;0,1
HJXXIII;UNIDADE INTERNAÇÃO - CLINICA CUIDADOS PROGRESSIVOS 3º ANDAR;2022;6;0;9;0,0
HJXXIII;UNIDADE INTERNAÇÃO - CLINICA CUIDADOS PROGRESSIVOS 3º ANDAR;2022;7;1;6;0,16666666666666666
HJXXIII;UNIDADE INTERNAÇÃO - CLINICA CUIDADOS PROGRESSIVOS 3º ANDAR;2022;8;2;6;0,3333333333333333
HJXXIII;UNIDADE INTERNAÇÃO - CLINICA CUIDADOS PROGRESSIVOS 3º ANDAR;2022;9;2;8;0,25
HJXXIII;UNIDADE INTERNAÇÃO - CLINICA CUIDADOS PROGRESSIVOS 3º ANDAR;2022;10;7;11;0,6363636363636364
HJXXIII;UNIDADE INTERNAÇÃO - CLINICA CUIDADOS PROGRESSIVOS 3º ANDAR;2022;11;1;5;0,2
HJXXIII;UNIDADE INTERNAÇÃO - CLINICA CUIDADOS PROGRESSIVOS 3º ANDAR;2022;12;10;12;0,8333333333333334
HJXXIII;UNIDADE INTERNAÇÃO - CLINICA CUIDADOS PROGRESSIVOS 3º ANDAR;2023;1;2;4;0,5
HJXXIII;UNIDADE INTERNAÇÃO - CLINICA CUIDADOS PROGRESSIVOS 3º ANDAR;2023;2;5;7;0,7142857142857143
HJXXIII;UNIDADE INTERNAÇÃO - CLINICA CUIDADOS PROGRESSIVOS 3º ANDAR;2023;3;0;7;0,0
HJXXIII;UNIDADE INTERNAÇÃO - CLINICA CUIDADOS PROGRESSIVOS 3º ANDAR;2023;4;6;12;0,5
HJXXIII;UNIDADE INTERNAÇÃO - CLINICA CUIDADOS PROGRESSIVOS 3º ANDAR;2023;5;7;14;0,5
HJXXIII;UNIDADE INTERNAÇÃO - CLINICA CUIDADOS PROGRESSIVOS 3º ANDAR;2023;6;2;6;0,3333333333333333
HJXXIII;UNIDADE INTERNAÇÃO - CLINICA CUIDADOS PROGRESSIVOS 3º ANDAR;2023;7;2;5;0,4
HJXXIII;UNIDADE INTERNAÇÃO - CLINICA CUIDADOS PROGRESSIVOS 3º ANDAR;2023;8;0;2;0,0
HJXXIII;UNIDADE INTERNAÇÃO - CLINICA CUIDADOS PROGRESSIVOS 3º ANDAR;2023;9;1;6;0,16666666666666666
HJXXIII;UNIDADE INTERNAÇÃO - CLINICA CUIDADOS PROGRESSIVOS 3º ANDAR;2023;10;3;3;1,0
HJXXIII;UNIDADE INTERNAÇÃO - CLINICA CUIDADOS PROGRESSIVOS 3º ANDAR;2023;11;2;5;0,4
HJXXIII;UNIDADE INTERNAÇÃO - CLINICA CUIDADOS PROGRESSIVOS 3º ANDAR;2023;12;3;8;0,375
HJXXIII;UNIDADE INTERNAÇÃO - CLINICA CUIDADOS PROGRESSIVOS 3º ANDAR;2024;1;1;6;0,16666666666666666
HJXXIII;UNIDADE INTERNAÇÃO - CLINICA CUIDADOS PROGRESSIVOS 3º ANDAR;2024;2;3;12;0,25
HJXXIII;UNIDADE INTERNAÇÃO - CLINICA CUIDADOS PROGRESSIVOS 3º ANDAR;2024;3;2;16;0,125
HJXXIII;UNIDADE INTERNAÇÃO - CLINICA CUIDADOS PROGRESSIVOS 3º ANDAR;2024;4;4;16;0,25
HJXXIII;UNIDADE INTERNAÇÃO - CLINICA CUIDADOS PROGRESSIVOS 3º ANDAR;2024;5;3;10;0,3
HJXXIII;UNIDADE INTERNAÇÃO - CLINICA CUIDADOS PROGRESSIVOS 3º ANDAR;2024;6;3;12;0,25
HJXXIII;UNIDADE INTERNAÇÃO - CLINICA CUIDADOS PROGRESSIVOS 3º ANDAR;2024;7;1;4;0,25
HJXXIII;UNIDADE INTERNAÇÃO - CLINICA CUIDADOS PROGRESSIVOS 3º ANDAR;2024;8;2;12;0,16666666666666666
HJXXIII;UNIDADE INTERNAÇÃO - CLINICA CUIDADOS PROGRESSIVOS 3º ANDAR;2024;9;2;10;0,2
HJXXIII;UNIDADE INTERNAÇÃO - CLINICA CUIDADOS PROGRESSIVOS 3º ANDAR;2024;10;3;7;0,42857142857142855
HJXXIII;UNIDADE INTERNAÇÃO - CLINICA CUIDADOS PROGRESSIVOS 3º ANDAR;2024;11;2;9;0,2222222222222222
HJXXIII;UNIDADE INTERNAÇÃO - CLINICA CUIDADOS PROGRESSIVOS 3º ANDAR;2024;12;3;8;0,375
HJXXIII;UNIDADE INTERNAÇÃO - CLINICA CUIDADOS PROGRESSIVOS 3º ANDAR;2025;1;7;22;0,3181818181818182
HJXXIII;UNIDADE INTERNAÇÃO - CLINICA CUIDADOS PROGRESSIVOS 3º ANDAR;2025;2;2;8;0,25
HJXXIII;UNIDADE INTERNAÇÃO - CLINICA CUIDADOS PROGRESSIVOS 3º ANDAR;2025;3;6;22;0,2727272727272727
HJXXIII;UNIDADE INTERNAÇÃO - CLINICA CUIDADOS PROGRESSIVOS 3º ANDAR;2025;4;5;20;0,25
HJXXIII;UNIDADE INTERNAÇÃO - CLINICA CUIDADOS PROGRESSIVOS 3º ANDAR;2025;5;11;15;0,7333333333333333
HJXXIII;UNIDADE INTERNAÇÃO - CLINICA CUIDADOS PROGRESSIVOS 3º ANDAR;2025;6;7;16;0,4375
HJXXIII;UNIDADE INTERNAÇÃO - CLINICA CUIDADOS PROGRESSIVOS 3º ANDAR;2025;7;2;25;0,08
HJXXIII;UNIDADE INTERNAÇÃO - CLINICA CUIDADOS PROGRESSIVOS 3º ANDAR;2025;8;3;31;0,0967741935483871
HJXXIII;UNIDADE INTERNAÇÃO - CLINICA CUIDADOS PROGRESSIVOS 3º ANDAR;2025;9;6;16;0,375
HJXXIII;UNIDADE INTERNAÇÃO - CLINICA CUIDADOS PROGRESSIVOS 3º ANDAR;2025;10;6;20;0,3
HJXXIII;UNIDADE INTERNAÇÃO - CLINICA CUIDADOS PROGRESSIVOS 3º ANDAR;2025;11;4;15;0,26666666666666666
HJXXIII;UNIDADE INTERNAÇÃO - CLINICA CUIDADOS PROGRESSIVOS 3º ANDAR;2025;12;2;16;0,125
HJXXIII;UNIDADE INTERNAÇÃO - CLINICA CUIDADOS PROGRESSIVOS 3º ANDAR;2026;1;4;8;0,5
HJXXIII;UNIDADE INTERNAÇÃO - CLINICA CUIDADOS PROGRESSIVOS 3º ANDAR;2026;2;5;16;0,3125
HJXXIII;UNIDADE INTERNAÇÃO - CLINICA CUIDADOS PROGRESSIVOS 3º ANDAR;2026;3;2;15;0,13333333333333333
HJXXIII;UNIDADE INTERNAÇÃO - CLINICA CUIDADOS PROGRESSIVOS 3º ANDAR;2026;4;2;7;0,2857142857142857
HJXXIII;UNIDADE INTERNAÇÃO - CLINICA CUIDADOS PROGRESSIVOS 3º ANDAR;2026;5;6;17;0,35294117647058826
HJXXIII;UNIDADE INTERNAÇÃO - CLINICA MÉDICA 6º ANDAR;2019;1;16;57;0,2807017543859649
HJXXIII;UNIDADE INTERNAÇÃO - CLINICA MÉDICA 6º ANDAR;2019;2;15;68;0,22058823529411764
HJXXIII;UNIDADE INTERNAÇÃO - CLINICA MÉDICA 6º ANDAR;2019;3;13;54;0,24074074074074073
HJXXIII;UNIDADE INTERNAÇÃO - CLINICA MÉDICA 6º ANDAR;2019;4;21;57;0,3684210526315789
HJXXIII;UNIDADE INTERNAÇÃO - CLINICA MÉDICA 6º ANDAR;2019;5;27;58;0,46551724137931033
HJXXIII;UNIDADE INTERNAÇÃO - CLINICA MÉDICA 6º ANDAR;2019;6;14;66;0,21212121212121213
HJXXIII;UNIDADE INTERNAÇÃO - CLINICA MÉDICA 6º ANDAR;2019;7;29;68;0,4264705882352941
HJXXIII;UNIDADE INTERNAÇÃO - CLINICA MÉDICA 6º ANDAR;2019;8;18;76;0,23684210526315788
HJXXIII;UNIDADE INTERNAÇÃO - CLINICA MÉDICA 6º ANDAR;2019;9;18;65;0,27692307692307694
HJXXIII;UNIDADE INTERNAÇÃO - CLINICA MÉDICA 6º ANDAR;2019;10;9;45;0,2
HJXXIII;UNIDADE INTERNAÇÃO - CLINICA MÉDICA 6º ANDAR;2019;11;9;31;0,2903225806451613
HJXXIII;UNIDADE INTERNAÇÃO - CLINICA MÉDICA 6º ANDAR;2019;12;23;45;0,5111111111111111
HJXXIII;UNIDADE INTERNAÇÃO - CLINICA MÉDICA 6º ANDAR;2020;1;25;54;0,46296296296296297
HJXXIII;UNIDADE INTERNAÇÃO - CLINICA MÉDICA 6º ANDAR;2020;2;17;47;0,3617021276595745
HJXXIII;UNIDADE INTERNAÇÃO - CLINICA MÉDICA 6º ANDAR;2020;3;15;42;0,35714285714285715
HJXXIII;UNIDADE INTERNAÇÃO - CLINICA MÉDICA 6º ANDAR;2020;4;21;57;0,3684210526315789
HJXXIII;UNIDADE INTERNAÇÃO - CLINICA MÉDICA 6º ANDAR;2020;5;22;60;0,36666666666666664
HJXXIII;UNIDADE INTERNAÇÃO - CLINICA MÉDICA 6º ANDAR;2020;6;23;49;0,46938775510204084
HJXXIII;UNIDADE INTERNAÇÃO - CLINICA MÉDICA 6º ANDAR;2020;7;11;38;0,2894736842105263
HJXXIII;UNIDADE INTERNAÇÃO - CLINICA MÉDICA 6º ANDAR;2020;8;6;25;0,24
HJXXIII;UNIDADE INTERNAÇÃO - CLINICA MÉDICA 6º ANDAR;2020;9;10;38;0,2631578947368421
HJXXIII;UNIDADE INTERNAÇÃO - CLINICA MÉDICA 6º ANDAR;2020;10;9;29;0,3103448275862069
HJXXIII;UNIDADE INTERNAÇÃO - CLINICA MÉDICA 6º ANDAR;2020;11;9;26;0,34615384615384615
HJXXIII;UNIDADE INTERNAÇÃO - CLINICA MÉDICA 6º ANDAR;2020;12;17;38;0,4473684210526316
HJXXIII;UNIDADE INTERNAÇÃO - CLINICA MÉDICA 6º ANDAR;2021;1;18;36;0,5
HJXXIII;UNIDADE INTERNAÇÃO - CLINICA MÉDICA 6º ANDAR;2021;2;12;22;0,5454545454545454
HJXXIII;UNIDADE INTERNAÇÃO - CLINICA MÉDICA 6º ANDAR;2021;3;11;50;0,22
HJXXIII;UNIDADE INTERNAÇÃO - CLINICA MÉDICA 6º ANDAR;2021;4;12;49;0,24489795918367346
HJXXIII;UNIDADE INTERNAÇÃO - CLINICA MÉDICA 6º ANDAR;2021;5;21;40;0,525
HJXXIII;UNIDADE INTERNAÇÃO - CLINICA MÉDICA 6º ANDAR;2021;6;15;51;0,29411764705882354
HJXXIII;UNIDADE INTERNAÇÃO - CLINICA MÉDICA 6º ANDAR;2021;7;31;59;0,5254237288135594
HJXXIII;UNIDADE INTERNAÇÃO - CLINICA MÉDICA 6º ANDAR;2021;8;41;88;0,4659090909090909
HJXXIII;UNIDADE INTERNAÇÃO - CLINICA MÉDICA 6º ANDAR;2021;9;33;78;0,4230769230769231
HJXXIII;UNIDADE INTERNAÇÃO - CLINICA MÉDICA 6º ANDAR;2021;10;17;51;0,3333333333333333
HJXXIII;UNIDADE INTERNAÇÃO - CLINICA MÉDICA 6º ANDAR;2021;11;34;62;0,5483870967741935
HJXXIII;UNIDADE INTERNAÇÃO - CLINICA MÉDICA 6º ANDAR;2021;12;25;69;0,36231884057971014
HJXXIII;UNIDADE INTERNAÇÃO - CLINICA MÉDICA 6º ANDAR;2022;1;29;59;0,4915254237288136
HJXXIII;UNIDADE INTERNAÇÃO - CLINICA MÉDICA 6º ANDAR;2022;2;13;44;0,29545454545454547
HJXXIII;UNIDADE INTERNAÇÃO - CLINICA MÉDICA 6º ANDAR;2022;3;11;50;0,22
HJXXIII;UNIDADE INTERNAÇÃO - CLINICA MÉDICA 6º ANDAR;2022;4;14;49;0,2857142857142857
HJXXIII;UNIDADE INTERNAÇÃO - CLINICA MÉDICA 6º ANDAR;2022;5;30;50;0,6
HJXXIII;UNIDADE INTERNAÇÃO - CLINICA MÉDICA 6º ANDAR;2022;6;18;56;0,32142857142857145
HJXXIII;UNIDADE INTERNAÇÃO - CLINICA MÉDICA 6º ANDAR;2022;7;23;65;0,35384615384615387
HJXXIII;UNIDADE INTERNAÇÃO - CLINICA MÉDICA 6º ANDAR;2022;8;15;50;0,3
HJXXIII;UNIDADE INTERNAÇÃO - CLINICA MÉDICA 6º ANDAR;2022;9;32;48;0,6666666666666666
HJXXIII;UNIDADE INTERNAÇÃO - CLINICA MÉDICA 6º ANDAR;2022;10;24;52;0,46153846153846156
HJXXIII;UNIDADE INTERNAÇÃO - CLINICA MÉDICA 6º ANDAR;2022;11;13;45;0,28888888888888886
HJXXIII;UNIDADE INTERNAÇÃO - CLINICA MÉDICA 6º ANDAR;2022;12;30;55;0,5454545454545454
HJXXIII;UNIDADE INTERNAÇÃO - CLINICA MÉDICA 6º ANDAR;2023;1;24;54;0,4444444444444444
HJXXIII;UNIDADE INTERNAÇÃO - CLINICA MÉDICA 6º ANDAR;2023;2;14;46;0,30434782608695654
HJXXIII;UNIDADE INTERNAÇÃO - CLINICA MÉDICA 6º ANDAR;2023;3;25;44;0,5681818181818182
HJXXIII;UNIDADE INTERNAÇÃO - CLINICA MÉDICA 6º ANDAR;2023;4;16;46;0,34782608695652173
HJXXIII;UNIDADE INTERNAÇÃO - CLINICA MÉDICA 6º ANDAR;2023;5;20;40;0,5
HJXXIII;UNIDADE INTERNAÇÃO - CLINICA MÉDICA 6º ANDAR;2023;6;8;30;0,26666666666666666
HJXXIII;UNIDADE INTERNAÇÃO - CLINICA MÉDICA 6º ANDAR;2023;7;17;36;0,4722222222222222
HJXXIII;UNIDADE INTERNAÇÃO - CLINICA MÉDICA 6º ANDAR;2023;8;13;39;0,3333333333333333
HJXXIII;UNIDADE INTERNAÇÃO - CLINICA MÉDICA 6º ANDAR;2023;9;7;23;0,30434782608695654
HJXXIII;UNIDADE INTERNAÇÃO - CLINICA MÉDICA 6º ANDAR;2023;10;21;37;0,5675675675675675
HJXXIII;UNIDADE INTERNAÇÃO - CLINICA MÉDICA 6º ANDAR;2023;11;6;34;0,17647058823529413
HJXXIII;UNIDADE INTERNAÇÃO - CLINICA MÉDICA 6º ANDAR;2023;12;10;33;0,30303030303030304
HJXXIII;UNIDADE INTERNAÇÃO - CLINICA MÉDICA 6º ANDAR;2024;1;19;46;0,41304347826086957
HJXXIII;UNIDADE INTERNAÇÃO - CLINICA MÉDICA 6º ANDAR;2024;2;17;47;0,3617021276595745
HJXXIII;UNIDADE INTERNAÇÃO - CLINICA MÉDICA 6º ANDAR;2024;3;24;49;0,4897959183673469
HJXXIII;UNIDADE INTERNAÇÃO - CLINICA MÉDICA 6º ANDAR;2024;4;24;54;0,4444444444444444
HJXXIII;UNIDADE INTERNAÇÃO - CLINICA MÉDICA 6º ANDAR;2024;5;21;48;0,4375
HJXXIII;UNIDADE INTERNAÇÃO - CLINICA MÉDICA 6º ANDAR;2024;6;21;40;0,525
HJXXIII;UNIDADE INTERNAÇÃO - CLINICA MÉDICA 6º ANDAR;2024;7;14;29;0,4827586206896552
HJXXIII;UNIDADE INTERNAÇÃO - CLINICA MÉDICA 6º ANDAR;2024;8;16;39;0,41025641025641024
HJXXIII;UNIDADE INTERNAÇÃO - CLINICA MÉDICA 6º ANDAR;2024;9;13;42;0,30952380952380953
HJXXIII;UNIDADE INTERNAÇÃO - CLINICA MÉDICA 6º ANDAR;2024;10;41;45;0,9111111111111111
HJXXIII;UNIDADE INTERNAÇÃO - CLINICA MÉDICA 6º ANDAR;2024;11;24;40;0,6
HJXXIII;UNIDADE INTERNAÇÃO - CLINICA MÉDICA 6º ANDAR;2024;12;20;41;0,4878048780487805
HJXXIII;UNIDADE INTERNAÇÃO - CLINICA MÉDICA 6º ANDAR;2025;1;25;39;0,6410256410256411
HJXXIII;UNIDADE INTERNAÇÃO - CLINICA MÉDICA 6º ANDAR;2025;2;21;39;0,5384615384615384
HJXXIII;UNIDADE INTERNAÇÃO - CLINICA MÉDICA 6º ANDAR;2025;3;20;33;0,6060606060606061
HJXXIII;UNIDADE INTERNAÇÃO - CLINICA MÉDICA 6º ANDAR;2025;4;31;61;0,5081967213114754
HJXXIII;UNIDADE INTERNAÇÃO - CLINICA MÉDICA 6º ANDAR;2025;5;25;60;0,4166666666666667
HJXXIII;UNIDADE INTERNAÇÃO - CLINICA MÉDICA 6º ANDAR;2025;6;17;51;0,3333333333333333
HJXXIII;UNIDADE INTERNAÇÃO - CLINICA MÉDICA 6º ANDAR;2025;7;13;55;0,23636363636363636
HJXXIII;UNIDADE INTERNAÇÃO - CLINICA MÉDICA 6º ANDAR;2025;8;22;51;0,43137254901960786
HJXXIII;UNIDADE INTERNAÇÃO - CLINICA MÉDICA 6º ANDAR;2025;9;25;62;0,4032258064516129
HJXXIII;UNIDADE INTERNAÇÃO - CLINICA MÉDICA 6º ANDAR;2025;10;29;72;0,4027777777777778
HJXXIII;UNIDADE INTERNAÇÃO - CLINICA MÉDICA 6º ANDAR;2025;11;33;56;0,5892857142857143
HJXXIII;UNIDADE INTERNAÇÃO - CLINICA MÉDICA 6º ANDAR;2025;12;20;60;0,3333333333333333
HJXXIII;UNIDADE INTERNAÇÃO - CLINICA MÉDICA 6º ANDAR;2026;1;25;68;0,36764705882352944
HJXXIII;UNIDADE INTERNAÇÃO - CLINICA MÉDICA 6º ANDAR;2026;2;21;59;0,3559322033898305
HJXXIII;UNIDADE INTERNAÇÃO - CLINICA MÉDICA 6º ANDAR;2026;3;30;61;0,4918032786885246
HJXXIII;UNIDADE INTERNAÇÃO - CLINICA MÉDICA 6º ANDAR;2026;4;21;62;0,3387096774193548
HJXXIII;UNIDADE INTERNAÇÃO - CLINICA MÉDICA 6º ANDAR;2026;5;12;71;0,16901408450704225
HJXXIII;UNIDADE INTERNAÇÃO - CLINICA NEUROLOGICA 5º ANDAR;2019;1;20;42;0,47619047619047616
HJXXIII;UNIDADE INTERNAÇÃO - CLINICA NEUROLOGICA 5º ANDAR;2019;2;13;30;0,43333333333333335
HJXXIII;UNIDADE INTERNAÇÃO - CLINICA NEUROLOGICA 5º ANDAR;2019;3;10;44;0,22727272727272727
HJXXIII;UNIDADE INTERNAÇÃO - CLINICA NEUROLOGICA 5º ANDAR;2019;4;21;54;0,3888888888888889
HJXXIII;UNIDADE INTERNAÇÃO - CLINICA NEUROLOGICA 5º ANDAR;2019;5;13;31;0,41935483870967744
HJXXIII;UNIDADE INTERNAÇÃO - CLINICA NEUROLOGICA 5º ANDAR;2019;6;23;41;0,5609756097560976
HJXXIII;UNIDADE INTERNAÇÃO - CLINICA NEUROLOGICA 5º ANDAR;2019;7;42;54;0,7777777777777778
HJXXIII;UNIDADE INTERNAÇÃO - CLINICA NEUROLOGICA 5º ANDAR;2019;8;35;42;0,8333333333333334
HJXXIII;UNIDADE INTERNAÇÃO - CLINICA NEUROLOGICA 5º ANDAR;2019;9;20;36;0,5555555555555556
HJXXIII;UNIDADE INTERNAÇÃO - CLINICA NEUROLOGICA 5º ANDAR;2019;10;21;38;0,5526315789473685
HJXXIII;UNIDADE INTERNAÇÃO - CLINICA NEUROLOGICA 5º ANDAR;2019;11;11;33;0,3333333333333333
HJXXIII;UNIDADE INTERNAÇÃO - CLINICA NEUROLOGICA 5º ANDAR;2019;12;31;45;0,6888888888888889
HJXXIII;UNIDADE INTERNAÇÃO - CLINICA NEUROLOGICA 5º ANDAR;2020;1;47;53;0,8867924528301887
HJXXIII;UNIDADE INTERNAÇÃO - CLINICA NEUROLOGICA 5º ANDAR;2020;2;52;50;1,04
HJXXIII;UNIDADE INTERNAÇÃO - CLINICA NEUROLOGICA 5º ANDAR;2020;3;26;42;0,6190476190476191
HJXXIII;UNIDADE INTERNAÇÃO - CLINICA NEUROLOGICA 5º ANDAR;2020;4;20;54;0,37037037037037035
HJXXIII;UNIDADE INTERNAÇÃO - CLINICA NEUROLOGICA 5º ANDAR;2020;5;18;60;0,3
HJXXIII;UNIDADE INTERNAÇÃO - CLINICA NEUROLOGICA 5º ANDAR;2020;6;30;47;0,6382978723404256
HJXXIII;UNIDADE INTERNAÇÃO - CLINICA NEUROLOGICA 5º ANDAR;2020;7;35;53;0,660377358490566
HJXXIII;UNIDADE INTERNAÇÃO - CLINICA NEUROLOGICA 5º ANDAR;2020;8;20;38;0,5263157894736842
HJXXIII;UNIDADE INTERNAÇÃO - CLINICA NEUROLOGICA 5º ANDAR;2020;9;50;56;0,8928571428571429
HJXXIII;UNIDADE INTERNAÇÃO - CLINICA NEUROLOGICA 5º ANDAR;2020;10;40;54;0,7407407407407407
HJXXIII;UNIDADE INTERNAÇÃO - CLINICA NEUROLOGICA 5º ANDAR;2020;11;56;66;0,8484848484848485
HJXXIII;UNIDADE INTERNAÇÃO - CLINICA NEUROLOGICA 5º ANDAR;2020;12;72;81;0,8888888888888888
HJXXIII;UNIDADE INTERNAÇÃO - CLINICA NEUROLOGICA 5º ANDAR;2021;1;68;75;0,9066666666666666
HJXXIII;UNIDADE INTERNAÇÃO - CLINICA NEUROLOGICA 5º ANDAR;2021;2;50;55;0,9090909090909091
HJXXIII;UNIDADE INTERNAÇÃO - CLINICA NEUROLOGICA 5º ANDAR;2021;3;54;65;0,8307692307692308
HJXXIII;UNIDADE INTERNAÇÃO - CLINICA NEUROLOGICA 5º ANDAR;2021;4;32;48;0,6666666666666666
HJXXIII;UNIDADE INTERNAÇÃO - CLINICA NEUROLOGICA 5º ANDAR;2021;5;40;44;0,9090909090909091
HJXXIII;UNIDADE INTERNAÇÃO - CLINICA NEUROLOGICA 5º ANDAR;2021;6;38;52;0,7307692307692307
HJXXIII;UNIDADE INTERNAÇÃO - CLINICA NEUROLOGICA 5º ANDAR;2021;7;61;65;0,9384615384615385
HJXXIII;UNIDADE INTERNAÇÃO - CLINICA NEUROLOGICA 5º ANDAR;2021;8;71;91;0,7802197802197802
HJXXIII;UNIDADE INTERNAÇÃO - CLINICA NEUROLOGICA 5º ANDAR;2021;9;30;72;0,4166666666666667
HJXXIII;UNIDADE INTERNAÇÃO - CLINICA NEUROLOGICA 5º ANDAR;2021;10;23;81;0,2839506172839506
HJXXIII;UNIDADE INTERNAÇÃO - CLINICA NEUROLOGICA 5º ANDAR;2021;11;64;79;0,810126582278481
HJXXIII;UNIDADE INTERNAÇÃO - CLINICA NEUROLOGICA 5º ANDAR;2021;12;53;65;0,8153846153846154
HJXXIII;UNIDADE INTERNAÇÃO - CLINICA NEUROLOGICA 5º ANDAR;2022;1;67;71;0,9436619718309859
HJXXIII;UNIDADE INTERNAÇÃO - CLINICA NEUROLOGICA 5º ANDAR;2022;2;64;72;0,8888888888888888
HJXXIII;UNIDADE INTERNAÇÃO - CLINICA NEUROLOGICA 5º ANDAR;2022;3;50;68;0,7352941176470589
HJXXIII;UNIDADE INTERNAÇÃO - CLINICA NEUROLOGICA 5º ANDAR;2022;4;32;69;0,463768115942029
HJXXIII;UNIDADE INTERNAÇÃO - CLINICA NEUROLOGICA 5º ANDAR;2022;5;49;68;0,7205882352941176
HJXXIII;UNIDADE INTERNAÇÃO - CLINICA NEUROLOGICA 5º ANDAR;2022;6;49;71;0,6901408450704225
HJXXIII;UNIDADE INTERNAÇÃO - CLINICA NEUROLOGICA 5º ANDAR;2022;7;37;54;0,6851851851851852
HJXXIII;UNIDADE INTERNAÇÃO - CLINICA NEUROLOGICA 5º ANDAR;2022;8;63;62;1,0161290322580645
HJXXIII;UNIDADE INTERNAÇÃO - CLINICA NEUROLOGICA 5º ANDAR;2022;9;47;70;0,6714285714285714
HJXXIII;UNIDADE INTERNAÇÃO - CLINICA NEUROLOGICA 5º ANDAR;2022;10;31;66;0,4696969696969697
HJXXIII;UNIDADE INTERNAÇÃO - CLINICA NEUROLOGICA 5º ANDAR;2022;11;33;51;0,6470588235294118
HJXXIII;UNIDADE INTERNAÇÃO - CLINICA NEUROLOGICA 5º ANDAR;2022;12;45;51;0,8823529411764706
HJXXIII;UNIDADE INTERNAÇÃO - CLINICA NEUROLOGICA 5º ANDAR;2023;1;73;61;1,1967213114754098
HJXXIII;UNIDADE INTERNAÇÃO - CLINICA NEUROLOGICA 5º ANDAR;2023;2;75;74;1,0135135135135136
HJXXIII;UNIDADE INTERNAÇÃO - CLINICA NEUROLOGICA 5º ANDAR;2023;3;39;54;0,7222222222222222
HJXXIII;UNIDADE INTERNAÇÃO - CLINICA NEUROLOGICA 5º ANDAR;2023;4;30;50;0,6
HJXXIII;UNIDADE INTERNAÇÃO - CLINICA NEUROLOGICA 5º ANDAR;2023;5;29;46;0,6304347826086957
HJXXIII;UNIDADE INTERNAÇÃO - CLINICA NEUROLOGICA 5º ANDAR;2023;6;24;43;0,5581395348837209
HJXXIII;UNIDADE INTERNAÇÃO - CLINICA NEUROLOGICA 5º ANDAR;2023;7;34;46;0,7391304347826086
HJXXIII;UNIDADE INTERNAÇÃO - CLINICA NEUROLOGICA 5º ANDAR;2023;8;43;47;0,9148936170212766
HJXXIII;UNIDADE INTERNAÇÃO - CLINICA NEUROLOGICA 5º ANDAR;2023;9;32;49;0,6530612244897959
HJXXIII;UNIDADE INTERNAÇÃO - CLINICA NEUROLOGICA 5º ANDAR;2023;10;52;55;0,9454545454545454
HJXXIII;UNIDADE INTERNAÇÃO - CLINICA NEUROLOGICA 5º ANDAR;2023;11;49;59;0,8305084745762712
HJXXIII;UNIDADE INTERNAÇÃO - CLINICA NEUROLOGICA 5º ANDAR;2023;12;66;68;0,9705882352941176
HJXXIII;UNIDADE INTERNAÇÃO - CLINICA NEUROLOGICA 5º ANDAR;2024;1;48;46;1,0434782608695652
HJXXIII;UNIDADE INTERNAÇÃO - CLINICA NEUROLOGICA 5º ANDAR;2024;2;43;47;0,9148936170212766
HJXXIII;UNIDADE INTERNAÇÃO - CLINICA NEUROLOGICA 5º ANDAR;2024;3;50;63;0,7936507936507936
HJXXIII;UNIDADE INTERNAÇÃO - CLINICA NEUROLOGICA 5º ANDAR;2024;4;53;77;0,6883116883116883
HJXXIII;UNIDADE INTERNAÇÃO - CLINICA NEUROLOGICA 5º ANDAR;2024;5;66;81;0,8148148148148148
HJXXIII;UNIDADE INTERNAÇÃO - CLINICA NEUROLOGICA 5º ANDAR;2024;6;51;64;0,796875
HJXXIII;UNIDADE INTERNAÇÃO - CLINICA NEUROLOGICA 5º ANDAR;2024;7;44;53;0,8301886792452831
HJXXIII;UNIDADE INTERNAÇÃO - CLINICA NEUROLOGICA 5º ANDAR;2024;8;69;74;0,9324324324324325
HJXXIII;UNIDADE INTERNAÇÃO - CLINICA NEUROLOGICA 5º ANDAR;2024;9;46;51;0,9019607843137255
HJXXIII;UNIDADE INTERNAÇÃO - CLINICA NEUROLOGICA 5º ANDAR;2024;10;50;68;0,7352941176470589
HJXXIII;UNIDADE INTERNAÇÃO - CLINICA NEUROLOGICA 5º ANDAR;2024;11;50;68;0,7352941176470589
HJXXIII;UNIDADE INTERNAÇÃO - CLINICA NEUROLOGICA 5º ANDAR;2024;12;56;59;0,9491525423728814
HJXXIII;UNIDADE INTERNAÇÃO - CLINICA NEUROLOGICA 5º ANDAR;2025;1;60;58;1,0344827586206897
HJXXIII;UNIDADE INTERNAÇÃO - CLINICA NEUROLOGICA 5º ANDAR;2025;2;52;56;0,9285714285714286
HJXXIII;UNIDADE INTERNAÇÃO - CLINICA NEUROLOGICA 5º ANDAR;2025;3;47;65;0,7230769230769231
HJXXIII;UNIDADE INTERNAÇÃO - CLINICA NEUROLOGICA 5º ANDAR;2025;4;64;96;0,6666666666666666
HJXXIII;UNIDADE INTERNAÇÃO - CLINICA NEUROLOGICA 5º ANDAR;2025;5;46;77;0,5974025974025974
HJXXIII;UNIDADE INTERNAÇÃO - CLINICA NEUROLOGICA 5º ANDAR;2025;6;65;75;0,8666666666666667
HJXXIII;UNIDADE INTERNAÇÃO - CLINICA NEUROLOGICA 5º ANDAR;2025;7;74;86;0,8604651162790697
HJXXIII;UNIDADE INTERNAÇÃO - CLINICA NEUROLOGICA 5º ANDAR;2025;8;64;91;0,7032967032967034
HJXXIII;UNIDADE INTERNAÇÃO - CLINICA NEUROLOGICA 5º ANDAR;2025;9;54;81;0,6666666666666666
HJXXIII;UNIDADE INTERNAÇÃO - CLINICA NEUROLOGICA 5º ANDAR;2025;10;51;68;0,75
HJXXIII;UNIDADE INTERNAÇÃO - CLINICA NEUROLOGICA 5º ANDAR;2025;11;48;52;0,9230769230769231
HJXXIII;UNIDADE INTERNAÇÃO - CLINICA NEUROLOGICA 5º ANDAR;2025;12;61;86;0,7093023255813954
HJXXIII;UNIDADE INTERNAÇÃO - CLINICA NEUROLOGICA 5º ANDAR;2026;1;66;81;0,8148148148148148
HJXXIII;UNIDADE INTERNAÇÃO - CLINICA NEUROLOGICA 5º ANDAR;2026;2;27;54;0,5
HJXXIII;UNIDADE INTERNAÇÃO - CLINICA NEUROLOGICA 5º ANDAR;2026;3;62;93;0,6666666666666666
HJXXIII;UNIDADE INTERNAÇÃO - CLINICA NEUROLOGICA 5º ANDAR;2026;4;54;76;0,7105263157894737
HJXXIII;UNIDADE INTERNAÇÃO - CLINICA NEUROLOGICA 5º ANDAR;2026;5;64;93;0,6881720430107527
HJXXIII;UNIDADE INTERNAÇÃO - CLINICA PEDIÁTRICA 2º ANDAR;2019;1;8;13;0,6153846153846154
HJXXIII;UNIDADE INTERNAÇÃO - CLINICA PEDIÁTRICA 2º ANDAR;2019;2;15;24;0,625
HJXXIII;UNIDADE INTERNAÇÃO - CLINICA PEDIÁTRICA 2º ANDAR;2019;3;23;36;0,6388888888888888
HJXXIII;UNIDADE INTERNAÇÃO - CLINICA PEDIÁTRICA 2º ANDAR;2019;4;23;26;0,8846153846153846
HJXXIII;UNIDADE INTERNAÇÃO - CLINICA PEDIÁTRICA 2º ANDAR;2019;5;12;29;0,41379310344827586
HJXXIII;UNIDADE INTERNAÇÃO - CLINICA PEDIÁTRICA 2º ANDAR;2019;6;10;11;0,9090909090909091
HJXXIII;UNIDADE INTERNAÇÃO - CLINICA PEDIÁTRICA 2º ANDAR;2019;7;17;30;0,5666666666666667
HJXXIII;UNIDADE INTERNAÇÃO - CLINICA PEDIÁTRICA 2º ANDAR;2019;8;44;38;1,1578947368421053
HJXXIII;UNIDADE INTERNAÇÃO - CLINICA PEDIÁTRICA 2º ANDAR;2019;9;49;41;1,1951219512195121
HJXXIII;UNIDADE INTERNAÇÃO - CLINICA PEDIÁTRICA 2º ANDAR;2019;10;33;44;0,75
HJXXIII;UNIDADE INTERNAÇÃO - CLINICA PEDIÁTRICA 2º ANDAR;2019;11;19;27;0,7037037037037037
HJXXIII;UNIDADE INTERNAÇÃO - CLINICA PEDIÁTRICA 2º ANDAR;2019;12;24;29;0,8275862068965517
HJXXIII;UNIDADE INTERNAÇÃO - CLINICA PEDIÁTRICA 2º ANDAR;2020;1;37;41;0,9024390243902439
HJXXIII;UNIDADE INTERNAÇÃO - CLINICA PEDIÁTRICA 2º ANDAR;2020;2;16;19;0,8421052631578947
HJXXIII;UNIDADE INTERNAÇÃO - CLINICA PEDIÁTRICA 2º ANDAR;2020;3;13;14;0,9285714285714286
HJXXIII;UNIDADE INTERNAÇÃO - CLINICA PEDIÁTRICA 2º ANDAR;2020;4;0;1;0,0
HJXXIII;UNIDADE INTERNAÇÃO - CLINICA PEDIÁTRICA 2º ANDAR;2020;8;0;1;0,0
HJXXIII;UNIDADE INTERNAÇÃO - CLINICA PEDIÁTRICA 2º ANDAR;2020;9;2;4;0,5
HJXXIII;UNIDADE INTERNAÇÃO - CLINICA PEDIÁTRICA 2º ANDAR;2021;2;0;1;0,0
HJXXIII;UNIDADE INTERNAÇÃO - CLINICA PEDIÁTRICA 2º ANDAR;2021;3;0;1;0,0
HJXXIII;UNIDADE INTERNAÇÃO - QUEIMADOS GRAVES 9º ANDAR;2019;2;1;2;0,5
HJXXIII;UNIDADE INTERNAÇÃO - QUEIMADOS GRAVES 9º ANDAR;2019;3;0;3;0,0
HJXXIII;UNIDADE INTERNAÇÃO - QUEIMADOS GRAVES 9º ANDAR;2019;4;0;1;0,0
HJXXIII;UNIDADE INTERNAÇÃO - QUEIMADOS GRAVES 9º ANDAR;2019;5;1;3;0,3333333333333333
HJXXIII;UNIDADE INTERNAÇÃO - QUEIMADOS GRAVES 9º ANDAR;2019;6;2;3;0,6666666666666666
HJXXIII;UNIDADE INTERNAÇÃO - QUEIMADOS GRAVES 9º ANDAR;2019;7;1;3;0,3333333333333333
HJXXIII;UNIDADE INTERNAÇÃO - QUEIMADOS GRAVES 9º ANDAR;2019;8;0;3;0,0
HJXXIII;UNIDADE INTERNAÇÃO - QUEIMADOS GRAVES 9º ANDAR;2019;9;0;1;0,0
HJXXIII;UNIDADE INTERNAÇÃO - QUEIMADOS GRAVES 9º ANDAR;2019;10;0;2;0,0
HJXXIII;UNIDADE INTERNAÇÃO - QUEIMADOS GRAVES 9º ANDAR;2019;11;1;2;0,5
HJXXIII;UNIDADE INTERNAÇÃO - QUEIMADOS GRAVES 9º ANDAR;2019;12;1;4;0,25
HJXXIII;UNIDADE INTERNAÇÃO - QUEIMADOS GRAVES 9º ANDAR;2020;1;0;4;0,0
HJXXIII;UNIDADE INTERNAÇÃO - QUEIMADOS GRAVES 9º ANDAR;2020;2;1;3;0,3333333333333333
HJXXIII;UNIDADE INTERNAÇÃO - QUEIMADOS GRAVES 9º ANDAR;2020;3;0;3;0,0
HJXXIII;UNIDADE INTERNAÇÃO - QUEIMADOS GRAVES 9º ANDAR;2020;4;2;3;0,6666666666666666
HJXXIII;UNIDADE INTERNAÇÃO - QUEIMADOS GRAVES 9º ANDAR;2020;5;0;1;0,0
HJXXIII;UNIDADE INTERNAÇÃO - QUEIMADOS GRAVES 9º ANDAR;2020;6;2;4;0,5
HJXXIII;UNIDADE INTERNAÇÃO - QUEIMADOS GRAVES 9º ANDAR;2020;8;0;3;0,0
HJXXIII;UNIDADE INTERNAÇÃO - QUEIMADOS GRAVES 9º ANDAR;2020;9;0;2;0,0
HJXXIII;UNIDADE INTERNAÇÃO - QUEIMADOS GRAVES 9º ANDAR;2020;10;0;3;0,0
HJXXIII;UNIDADE INTERNAÇÃO - QUEIMADOS GRAVES 9º ANDAR;2020;11;0;2;0,0
HJXXIII;UNIDADE INTERNAÇÃO - QUEIMADOS GRAVES 9º ANDAR;2020;12;0;5;0,0
HJXXIII;UNIDADE INTERNAÇÃO - QUEIMADOS GRAVES 9º ANDAR;2021;1;0;2;0,0
HJXXIII;UNIDADE INTERNAÇÃO - QUEIMADOS GRAVES 9º ANDAR;2021;2;0;1;0,0
HJXXIII;UNIDADE INTERNAÇÃO - QUEIMADOS GRAVES 9º ANDAR;2021;3;0;1;0,0
HJXXIII;UNIDADE INTERNAÇÃO - QUEIMADOS GRAVES 9º ANDAR;2021;4;1;3;0,3333333333333333
HJXXIII;UNIDADE INTERNAÇÃO - QUEIMADOS GRAVES 9º ANDAR;2021;5;1;4;0,25
HJXXIII;UNIDADE INTERNAÇÃO - QUEIMADOS GRAVES 9º ANDAR;2021;6;0;2;0,0
HJXXIII;UNIDADE INTERNAÇÃO - QUEIMADOS GRAVES 9º ANDAR;2021;7;0;2;0,0
HJXXIII;UNIDADE INTERNAÇÃO - QUEIMADOS GRAVES 9º ANDAR;2021;8;0;2;0,0
HJXXIII;UNIDADE INTERNAÇÃO - QUEIMADOS GRAVES 9º ANDAR;2021;9;0;2;0,0
HJXXIII;UNIDADE INTERNAÇÃO - QUEIMADOS GRAVES 9º ANDAR;2021;11;0;2;0,0
HJXXIII;UNIDADE INTERNAÇÃO - QUEIMADOS GRAVES 9º ANDAR;2022;1;1;3;0,3333333333333333
HJXXIII;UNIDADE INTERNAÇÃO - QUEIMADOS GRAVES 9º ANDAR;2022;3;1;3;0,3333333333333333
HJXXIII;UNIDADE INTERNAÇÃO - QUEIMADOS GRAVES 9º ANDAR;2022;4;0;1;0,0
HJXXIII;UNIDADE INTERNAÇÃO - QUEIMADOS GRAVES 9º ANDAR;2022;6;0;1;0,0
HJXXIII;UNIDADE INTERNAÇÃO - QUEIMADOS GRAVES 9º ANDAR;2022;7;0;3;0,0
HJXXIII;UNIDADE INTERNAÇÃO - QUEIMADOS GRAVES 9º ANDAR;2022;9;1;2;0,5
HJXXIII;UNIDADE INTERNAÇÃO - QUEIMADOS GRAVES 9º ANDAR;2022;10;0;3;0,0
HJXXIII;UNIDADE INTERNAÇÃO - QUEIMADOS GRAVES 9º ANDAR;2022;11;0;1;0,0
HJXXIII;UNIDADE INTERNAÇÃO - QUEIMADOS GRAVES 9º ANDAR;2023;1;1;5;0,2
HJXXIII;UNIDADE INTERNAÇÃO - QUEIMADOS GRAVES 9º ANDAR;2023;2;0;4;0,0
HJXXIII;UNIDADE INTERNAÇÃO - QUEIMADOS GRAVES 9º ANDAR;2023;3;1;5;0,2
HJXXIII;UNIDADE INTERNAÇÃO - QUEIMADOS GRAVES 9º ANDAR;2023;4;0;1;0,0
HJXXIII;UNIDADE INTERNAÇÃO - QUEIMADOS GRAVES 9º ANDAR;2023;5;1;2;0,5
HJXXIII;UNIDADE INTERNAÇÃO - QUEIMADOS GRAVES 9º ANDAR;2023;6;0;2;0,0
HJXXIII;UNIDADE INTERNAÇÃO - QUEIMADOS GRAVES 9º ANDAR;2023;7;0;1;0,0
HJXXIII;UNIDADE INTERNAÇÃO - QUEIMADOS GRAVES 9º ANDAR;2023;8;0;3;0,0
HJXXIII;UNIDADE INTERNAÇÃO - QUEIMADOS GRAVES 9º ANDAR;2023;9;0;3;0,0
HJXXIII;UNIDADE INTERNAÇÃO - QUEIMADOS GRAVES 9º ANDAR;2023;10;1;3;0,3333333333333333
HJXXIII;UNIDADE INTERNAÇÃO - QUEIMADOS GRAVES 9º ANDAR;2023;11;1;6;0,16666666666666666
HJXXIII;UNIDADE INTERNAÇÃO - QUEIMADOS GRAVES 9º ANDAR;2023;12;0;2;0,0
HJXXIII;UNIDADE INTERNAÇÃO - QUEIMADOS GRAVES 9º ANDAR;2024;1;0;4;0,0
HJXXIII;UNIDADE INTERNAÇÃO - QUEIMADOS GRAVES 9º ANDAR;2024;2;0;1;0,0
HJXXIII;UNIDADE INTERNAÇÃO - QUEIMADOS GRAVES 9º ANDAR;2024;3;0;3;0,0
HJXXIII;UNIDADE INTERNAÇÃO - QUEIMADOS GRAVES 9º ANDAR;2024;4;2;6;0,3333333333333333
HJXXIII;UNIDADE INTERNAÇÃO - QUEIMADOS GRAVES 9º ANDAR;2024;5;0;2;0,0
HJXXIII;UNIDADE INTERNAÇÃO - QUEIMADOS GRAVES 9º ANDAR;2024;6;0;1;0,0
HJXXIII;UNIDADE INTERNAÇÃO - QUEIMADOS GRAVES 9º ANDAR;2024;8;1;2;0,5
HJXXIII;UNIDADE INTERNAÇÃO - QUEIMADOS GRAVES 9º ANDAR;2024;9;0;1;0,0
HJXXIII;UNIDADE INTERNAÇÃO - QUEIMADOS GRAVES 9º ANDAR;2024;11;0;2;0,0
HJXXIII;UNIDADE INTERNAÇÃO - QUEIMADOS GRAVES 9º ANDAR;2024;12;1;2;0,5
HJXXIII;UNIDADE INTERNAÇÃO - QUEIMADOS GRAVES 9º ANDAR;2025;1;0;1;0,0
HJXXIII;UNIDADE INTERNAÇÃO - QUEIMADOS GRAVES 9º ANDAR;2025;2;0;1;0,0
HJXXIII;UNIDADE INTERNAÇÃO - QUEIMADOS GRAVES 9º ANDAR;2025;3;0;4;0,0
HJXXIII;UNIDADE INTERNAÇÃO - QUEIMADOS GRAVES 9º ANDAR;2025;4;0;2;0,0
HJXXIII;UNIDADE INTERNAÇÃO - QUEIMADOS GRAVES 9º ANDAR;2025;5;0;1;0,0
HJXXIII;UNIDADE INTERNAÇÃO - QUEIMADOS GRAVES 9º ANDAR;2025;7;0;4;0,0
HJXXIII;UNIDADE INTERNAÇÃO - QUEIMADOS GRAVES 9º ANDAR;2025;8;0;1;0,0
HJXXIII;UNIDADE INTERNAÇÃO - QUEIMADOS GRAVES 9º ANDAR;2025;10;0;1;0,0
HJXXIII;UNIDADE INTERNAÇÃO - QUEIMADOS GRAVES 9º ANDAR;2025;11;0;1;0,0
HJXXIII;UNIDADE INTERNAÇÃO - QUEIMADOS GRAVES 9º ANDAR;2025;12;0;6;0,0
HJXXIII;UNIDADE INTERNAÇÃO - QUEIMADOS GRAVES 9º ANDAR;2026;1;0;1;0,0
HJXXIII;UNIDADE INTERNAÇÃO - QUEIMADOS GRAVES 9º ANDAR;2026;3;0;1;0,0
HJXXIII;UNIDADE INTERNAÇÃO - QUEIMADOS GRAVES 9º ANDAR;2026;4;0;1;0,0
HJXXIII;UNIDADE INTERNAÇÃO - QUEIMADOS GRAVES 9º ANDAR;2026;5;0;2;0,0
HJXXIII;UNIDADE INTERNAÇÃO - QUEIMADOS MÉDIOS - 8º ANDAR;2019;1;6;28;0,21428571428571427
HJXXIII;UNIDADE INTERNAÇÃO - QUEIMADOS MÉDIOS - 8º ANDAR;2019;2;1;33;0,030303030303030304
HJXXIII;UNIDADE INTERNAÇÃO - QUEIMADOS MÉDIOS - 8º ANDAR;2019;3;2;32;0,0625
HJXXIII;UNIDADE INTERNAÇÃO - QUEIMADOS MÉDIOS - 8º ANDAR;2019;4;19;35;0,5428571428571428
HJXXIII;UNIDADE INTERNAÇÃO - QUEIMADOS MÉDIOS - 8º ANDAR;2019;5;18;29;0,6206896551724138
HJXXIII;UNIDADE INTERNAÇÃO - QUEIMADOS MÉDIOS - 8º ANDAR;2019;6;7;25;0,28
HJXXIII;UNIDADE INTERNAÇÃO - QUEIMADOS MÉDIOS - 8º ANDAR;2019;7;8;30;0,26666666666666666
HJXXIII;UNIDADE INTERNAÇÃO - QUEIMADOS MÉDIOS - 8º ANDAR;2019;8;12;35;0,34285714285714286
HJXXIII;UNIDADE INTERNAÇÃO - QUEIMADOS MÉDIOS - 8º ANDAR;2019;9;10;44;0,22727272727272727
HJXXIII;UNIDADE INTERNAÇÃO - QUEIMADOS MÉDIOS - 8º ANDAR;2019;10;7;34;0,20588235294117646
HJXXIII;UNIDADE INTERNAÇÃO - QUEIMADOS MÉDIOS - 8º ANDAR;2019;11;6;31;0,1935483870967742
HJXXIII;UNIDADE INTERNAÇÃO - QUEIMADOS MÉDIOS - 8º ANDAR;2019;12;8;36;0,2222222222222222
HJXXIII;UNIDADE INTERNAÇÃO - QUEIMADOS MÉDIOS - 8º ANDAR;2020;1;12;34;0,35294117647058826
HJXXIII;UNIDADE INTERNAÇÃO - QUEIMADOS MÉDIOS - 8º ANDAR;2020;2;8;35;0,22857142857142856
HJXXIII;UNIDADE INTERNAÇÃO - QUEIMADOS MÉDIOS - 8º ANDAR;2020;3;10;35;0,2857142857142857
HJXXIII;UNIDADE INTERNAÇÃO - QUEIMADOS MÉDIOS - 8º ANDAR;2020;4;5;26;0,19230769230769232
HJXXIII;UNIDADE INTERNAÇÃO - QUEIMADOS MÉDIOS - 8º ANDAR;2020;5;7;40;0,175
HJXXIII;UNIDADE INTERNAÇÃO - QUEIMADOS MÉDIOS - 8º ANDAR;2020;6;12;44;0,2727272727272727
HJXXIII;UNIDADE INTERNAÇÃO - QUEIMADOS MÉDIOS - 8º ANDAR;2020;7;6;23;0,2608695652173913
HJXXIII;UNIDADE INTERNAÇÃO - QUEIMADOS MÉDIOS - 8º ANDAR;2020;8;10;40;0,25
HJXXIII;UNIDADE INTERNAÇÃO - QUEIMADOS MÉDIOS - 8º ANDAR;2020;9;5;32;0,15625
HJXXIII;UNIDADE INTERNAÇÃO - QUEIMADOS MÉDIOS - 8º ANDAR;2020;10;6;30;0,2
HJXXIII;UNIDADE INTERNAÇÃO - QUEIMADOS MÉDIOS - 8º ANDAR;2020;11;4;24;0,16666666666666666
HJXXIII;UNIDADE INTERNAÇÃO - QUEIMADOS MÉDIOS - 8º ANDAR;2020;12;11;34;0,3235294117647059
HJXXIII;UNIDADE INTERNAÇÃO - QUEIMADOS MÉDIOS - 8º ANDAR;2021;1;11;30;0,36666666666666664
HJXXIII;UNIDADE INTERNAÇÃO - QUEIMADOS MÉDIOS - 8º ANDAR;2021;2;8;28;0,2857142857142857
HJXXIII;UNIDADE INTERNAÇÃO - QUEIMADOS MÉDIOS - 8º ANDAR;2021;3;12;32;0,375
HJXXIII;UNIDADE INTERNAÇÃO - QUEIMADOS MÉDIOS - 8º ANDAR;2021;4;4;24;0,16666666666666666
HJXXIII;UNIDADE INTERNAÇÃO - QUEIMADOS MÉDIOS - 8º ANDAR;2021;5;18;30;0,6
HJXXIII;UNIDADE INTERNAÇÃO - QUEIMADOS MÉDIOS - 8º ANDAR;2021;6;6;32;0,1875
HJXXIII;UNIDADE INTERNAÇÃO - QUEIMADOS MÉDIOS - 8º ANDAR;2021;7;11;35;0,3142857142857143
HJXXIII;UNIDADE INTERNAÇÃO - QUEIMADOS MÉDIOS - 8º ANDAR;2021;8;10;31;0,3225806451612903
HJXXIII;UNIDADE INTERNAÇÃO - QUEIMADOS MÉDIOS - 8º ANDAR;2021;9;14;34;0,4117647058823529
HJXXIII;UNIDADE INTERNAÇÃO - QUEIMADOS MÉDIOS - 8º ANDAR;2021;10;7;28;0,25
HJXXIII;UNIDADE INTERNAÇÃO - QUEIMADOS MÉDIOS - 8º ANDAR;2021;11;2;31;0,06451612903225806
HJXXIII;UNIDADE INTERNAÇÃO - QUEIMADOS MÉDIOS - 8º ANDAR;2021;12;11;31;0,3548387096774194
HJXXIII;UNIDADE INTERNAÇÃO - QUEIMADOS MÉDIOS - 8º ANDAR;2022;1;7;34;0,20588235294117646
HJXXIII;UNIDADE INTERNAÇÃO - QUEIMADOS MÉDIOS - 8º ANDAR;2022;2;5;24;0,20833333333333334
HJXXIII;UNIDADE INTERNAÇÃO - QUEIMADOS MÉDIOS - 8º ANDAR;2022;3;8;32;0,25
HJXXIII;UNIDADE INTERNAÇÃO - QUEIMADOS MÉDIOS - 8º ANDAR;2022;4;6;35;0,17142857142857143
HJXXIII;UNIDADE INTERNAÇÃO - QUEIMADOS MÉDIOS - 8º ANDAR;2022;5;2;26;0,07692307692307693
HJXXIII;UNIDADE INTERNAÇÃO - QUEIMADOS MÉDIOS - 8º ANDAR;2022;6;7;30;0,23333333333333334
HJXXIII;UNIDADE INTERNAÇÃO - QUEIMADOS MÉDIOS - 8º ANDAR;2022;7;11;30;0,36666666666666664
HJXXIII;UNIDADE INTERNAÇÃO - QUEIMADOS MÉDIOS - 8º ANDAR;2022;8;6;37;0,16216216216216217
HJXXIII;UNIDADE INTERNAÇÃO - QUEIMADOS MÉDIOS - 8º ANDAR;2022;9;1;25;0,04
HJXXIII;UNIDADE INTERNAÇÃO - QUEIMADOS MÉDIOS - 8º ANDAR;2022;10;4;30;0,13333333333333333
HJXXIII;UNIDADE INTERNAÇÃO - QUEIMADOS MÉDIOS - 8º ANDAR;2022;11;8;27;0,2962962962962963
HJXXIII;UNIDADE INTERNAÇÃO - QUEIMADOS MÉDIOS - 8º ANDAR;2022;12;3;20;0,15
HJXXIII;UNIDADE INTERNAÇÃO - QUEIMADOS MÉDIOS - 8º ANDAR;2023;1;8;30;0,26666666666666666
HJXXIII;UNIDADE INTERNAÇÃO - QUEIMADOS MÉDIOS - 8º ANDAR;2023;2;7;22;0,3181818181818182
HJXXIII;UNIDADE INTERNAÇÃO - QUEIMADOS MÉDIOS - 8º ANDAR;2023;3;4;29;0,13793103448275862
HJXXIII;UNIDADE INTERNAÇÃO - QUEIMADOS MÉDIOS - 8º ANDAR;2023;4;10;28;0,35714285714285715
HJXXIII;UNIDADE INTERNAÇÃO - QUEIMADOS MÉDIOS - 8º ANDAR;2023;5;2;22;0,09090909090909091
HJXXIII;UNIDADE INTERNAÇÃO - QUEIMADOS MÉDIOS - 8º ANDAR;2023;6;2;28;0,07142857142857142
HJXXIII;UNIDADE INTERNAÇÃO - QUEIMADOS MÉDIOS - 8º ANDAR;2023;7;2;24;0,08333333333333333
HJXXIII;UNIDADE INTERNAÇÃO - QUEIMADOS MÉDIOS - 8º ANDAR;2023;8;6;29;0,20689655172413793
HJXXIII;UNIDADE INTERNAÇÃO - QUEIMADOS MÉDIOS - 8º ANDAR;2023;9;9;27;0,3333333333333333
HJXXIII;UNIDADE INTERNAÇÃO - QUEIMADOS MÉDIOS - 8º ANDAR;2023;10;6;36;0,16666666666666666
HJXXIII;UNIDADE INTERNAÇÃO - QUEIMADOS MÉDIOS - 8º ANDAR;2023;11;2;23;0,08695652173913043
HJXXIII;UNIDADE INTERNAÇÃO - QUEIMADOS MÉDIOS - 8º ANDAR;2023;12;7;24;0,2916666666666667
HJXXIII;UNIDADE INTERNAÇÃO - QUEIMADOS MÉDIOS - 8º ANDAR;2024;1;8;26;0,3076923076923077
HJXXIII;UNIDADE INTERNAÇÃO - QUEIMADOS MÉDIOS - 8º ANDAR;2024;2;6;30;0,2
HJXXIII;UNIDADE INTERNAÇÃO - QUEIMADOS MÉDIOS - 8º ANDAR;2024;3;7;27;0,25925925925925924
HJXXIII;UNIDADE INTERNAÇÃO - QUEIMADOS MÉDIOS - 8º ANDAR;2024;4;6;22;0,2727272727272727
HJXXIII;UNIDADE INTERNAÇÃO - QUEIMADOS MÉDIOS - 8º ANDAR;2024;5;3;33;0,09090909090909091
HJXXIII;UNIDADE INTERNAÇÃO - QUEIMADOS MÉDIOS - 8º ANDAR;2024;6;3;28;0,10714285714285714
HJXXIII;UNIDADE INTERNAÇÃO - QUEIMADOS MÉDIOS - 8º ANDAR;2024;7;5;31;0,16129032258064516
HJXXIII;UNIDADE INTERNAÇÃO - QUEIMADOS MÉDIOS - 8º ANDAR;2024;8;4;18;0,2222222222222222
HJXXIII;UNIDADE INTERNAÇÃO - QUEIMADOS MÉDIOS - 8º ANDAR;2024;9;6;31;0,1935483870967742
HJXXIII;UNIDADE INTERNAÇÃO - QUEIMADOS MÉDIOS - 8º ANDAR;2024;10;7;27;0,25925925925925924
HJXXIII;UNIDADE INTERNAÇÃO - QUEIMADOS MÉDIOS - 8º ANDAR;2024;11;4;27;0,14814814814814814
HJXXIII;UNIDADE INTERNAÇÃO - QUEIMADOS MÉDIOS - 8º ANDAR;2024;12;8;23;0,34782608695652173
HJXXIII;UNIDADE INTERNAÇÃO - QUEIMADOS MÉDIOS - 8º ANDAR;2025;1;14;37;0,3783783783783784
HJXXIII;UNIDADE INTERNAÇÃO - QUEIMADOS MÉDIOS - 8º ANDAR;2025;2;5;25;0,2
HJXXIII;UNIDADE INTERNAÇÃO - QUEIMADOS MÉDIOS - 8º ANDAR;2025;3;8;36;0,2222222222222222
HJXXIII;UNIDADE INTERNAÇÃO - QUEIMADOS MÉDIOS - 8º ANDAR;2025;4;13;33;0,3939393939393939
HJXXIII;UNIDADE INTERNAÇÃO - QUEIMADOS MÉDIOS - 8º ANDAR;2025;5;13;30;0,43333333333333335
HJXXIII;UNIDADE INTERNAÇÃO - QUEIMADOS MÉDIOS - 8º ANDAR;2025;6;5;36;0,1388888888888889
HJXXIII;UNIDADE INTERNAÇÃO - QUEIMADOS MÉDIOS - 8º ANDAR;2025;7;11;32;0,34375
HJXXIII;UNIDADE INTERNAÇÃO - QUEIMADOS MÉDIOS - 8º ANDAR;2025;8;7;35;0,2
HJXXIII;UNIDADE INTERNAÇÃO - QUEIMADOS MÉDIOS - 8º ANDAR;2025;9;5;35;0,14285714285714285
HJXXIII;UNIDADE INTERNAÇÃO - QUEIMADOS MÉDIOS - 8º ANDAR;2025;10;3;29;0,10344827586206896
HJXXIII;UNIDADE INTERNAÇÃO - QUEIMADOS MÉDIOS - 8º ANDAR;2025;11;8;35;0,22857142857142856
HJXXIII;UNIDADE INTERNAÇÃO - QUEIMADOS MÉDIOS - 8º ANDAR;2025;12;10;38;0,2631578947368421
HJXXIII;UNIDADE INTERNAÇÃO - QUEIMADOS MÉDIOS - 8º ANDAR;2026;1;3;30;0,1
HJXXIII;UNIDADE INTERNAÇÃO - QUEIMADOS MÉDIOS - 8º ANDAR;2026;2;7;25;0,28
HJXXIII;UNIDADE INTERNAÇÃO - QUEIMADOS MÉDIOS - 8º ANDAR;2026;3;2;29;0,06896551724137931
HJXXIII;UNIDADE INTERNAÇÃO - QUEIMADOS MÉDIOS - 8º ANDAR;2026;4;1;38;0,02631578947368421
HJXXIII;UNIDADE INTERNAÇÃO - QUEIMADOS MÉDIOS - 8º ANDAR;2026;5;13;37;0,35135135135135137
HJXXIII;UTI;2019;1;3;26;0,11538461538461539
HJXXIII;UTI;2019;2;1;17;0,058823529411764705
HJXXIII;UTI;2019;3;2;23;0,08695652173913043
HJXXIII;UTI;2019;4;1;12;0,08333333333333333
HJXXIII;UTI;2019;5;2;37;0,05405405405405406
HJXXIII;UTI;2019;6;3;17;0,17647058823529413
HJXXIII;UTI;2019;7;8;28;0,2857142857142857
HJXXIII;UTI;2019;8;0;27;0,0
HJXXIII;UTI;2019;9;3;16;0,1875
HJXXIII;UTI;2019;10;6;29;0,20689655172413793
HJXXIII;UTI;2019;11;0;11;0,0
HJXXIII;UTI;2019;12;2;21;0,09523809523809523
HJXXIII;UTI;2020;1;1;19;0,05263157894736842
HJXXIII;UTI;2020;2;1;12;0,08333333333333333
HJXXIII;UTI;2020;3;4;23;0,17391304347826086
HJXXIII;UTI;2020;4;3;23;0,13043478260869565
HJXXIII;UTI;2020;5;1;23;0,043478260869565216
HJXXIII;UTI;2020;6;2;26;0,07692307692307693
HJXXIII;UTI;2020;7;6;28;0,21428571428571427
HJXXIII;UTI;2020;8;0;11;0,0
HJXXIII;UTI;2020;9;3;19;0,15789473684210525
HJXXIII;UTI;2020;10;2;31;0,06451612903225806
HJXXIII;UTI;2020;11;3;24;0,125
HJXXIII;UTI;2020;12;7;28;0,25
HJXXIII;UTI;2021;1;6;31;0,1935483870967742
HJXXIII;UTI;2021;2;7;27;0,25925925925925924
HJXXIII;UTI;2021;3;4;33;0,12121212121212122
HJXXIII;UTI;2021;4;6;42;0,14285714285714285
HJXXIII;UTI;2021;5;4;37;0,10810810810810811
HJXXIII;UTI;2021;6;6;18;0,3333333333333333
HJXXIII;UTI;2021;7;14;27;0,5185185185185185
HJXXIII;UTI;2021;8;2;26;0,07692307692307693
HJXXIII;UTI;2021;9;1;27;0,037037037037037035
HJXXIII;UTI;2021;10;9;29;0,3103448275862069
HJXXIII;UTI;2021;11;4;22;0,18181818181818182
HJXXIII;UTI;2021;12;7;27;0,25925925925925924
HJXXIII;UTI;2022;1;12;33;0,36363636363636365
HJXXIII;UTI;2022;2;3;21;0,14285714285714285
HJXXIII;UTI;2022;3;0;26;0,0
HJXXIII;UTI;2022;4;1;17;0,058823529411764705
HJXXIII;UTI;2022;5;2;31;0,06451612903225806
HJXXIII;UTI;2022;6;4;20;0,2
HJXXIII;UTI;2022;7;5;29;0,1724137931034483
HJXXIII;UTI;2022;8;5;31;0,16129032258064516
HJXXIII;UTI;2022;9;4;25;0,16
HJXXIII;UTI;2022;10;2;21;0,09523809523809523
HJXXIII;UTI;2022;11;2;20;0,1
HJXXIII;UTI;2022;12;3;24;0,125
HJXXIII;UTI;2023;1;1;23;0,043478260869565216
HJXXIII;UTI;2023;2;2;28;0,07142857142857142
HJXXIII;UTI;2023;3;2;34;0,058823529411764705
HJXXIII;UTI;2023;4;4;29;0,13793103448275862
HJXXIII;UTI;2023;5;5;27;0,18518518518518517
HJXXIII;UTI;2023;6;5;27;0,18518518518518517
HJXXIII;UTI;2023;7;4;34;0,11764705882352941
HJXXIII;UTI;2023;8;3;13;0,23076923076923078
HJXXIII;UTI;2023;9;5;31;0,16129032258064516
HJXXIII;UTI;2023;10;4;36;0,1111111111111111
HJXXIII;UTI;2023;11;5;22;0,22727272727272727
HJXXIII;UTI;2023;12;6;27;0,2222222222222222
HJXXIII;UTI;2024;1;8;24;0,3333333333333333
HJXXIII;UTI;2024;2;4;21;0,19047619047619047
HJXXIII;UTI;2024;3;3;29;0,10344827586206896
HJXXIII;UTI;2024;4;2;21;0,09523809523809523
HJXXIII;UTI;2024;5;5;38;0,13157894736842105
HJXXIII;UTI;2024;6;2;16;0,125
HJXXIII;UTI;2024;7;2;36;0,05555555555555555
HJXXIII;UTI;2024;8;2;20;0,1
HJXXIII;UTI;2024;9;3;23;0,13043478260869565
HJXXIII;UTI;2024;10;2;17;0,11764705882352941
HJXXIII;UTI;2024;11;5;29;0,1724137931034483
HJXXIII;UTI;2024;12;4;32;0,125
HJXXIII;UTI;2025;1;6;35;0,17142857142857143
HJXXIII;UTI;2025;2;6;36;0,16666666666666666
HJXXIII;UTI;2025;3;7;46;0,15217391304347827
HJXXIII;UTI;2025;4;8;34;0,23529411764705882
HJXXIII;UTI;2025;5;4;31;0,12903225806451613
HJXXIII;UTI;2025;6;7;30;0,23333333333333334
HJXXIII;UTI;2025;7;2;30;0,06666666666666667
HJXXIII;UTI;2025;8;3;21;0,14285714285714285
HJXXIII;UTI;2025;9;3;25;0,12
HJXXIII;UTI;2025;10;8;34;0,23529411764705882
HJXXIII;UTI;2025;11;7;34;0,20588235294117646
HJXXIII;UTI;2025;12;1;27;0,037037037037037035
HJXXIII;UTI;2026;1;8;25;0,32
HJXXIII;UTI;2026;2;3;28;0,10714285714285714
HJXXIII;UTI;2026;3;3;23;0,13043478260869565
HJXXIII;UTI;2026;4;6;30;0,2
HJXXIII;UTI;2026;5;6;34;0,17647058823529413
HJXXIII;UTI -  PEDIATRICO 2º ANDAR;2019;1;3;15;0,2
HJXXIII;UTI -  PEDIATRICO 2º ANDAR;2019;2;0;5;0,0
HJXXIII;UTI -  PEDIATRICO 2º ANDAR;2019;3;0;14;0,0
HJXXIII;UTI -  PEDIATRICO 2º ANDAR;2019;4;2;27;0,07407407407407407
HJXXIII;UTI -  PEDIATRICO 2º ANDAR;2019;5;4;19;0,21052631578947367
HJXXIII;UTI -  PEDIATRICO 2º ANDAR;2019;6;0;36;0,0
HJXXIII;UTI -  PEDIATRICO 2º ANDAR;2019;7;3;15;0,2
HJXXIII;UTI -  PEDIATRICO 2º ANDAR;2019;8;0;3;0,0
HJXXIII;UTI -  PEDIATRICO 2º ANDAR;2019;9;1;8;0,125
HJXXIII;UTI -  PEDIATRICO 2º ANDAR;2019;10;0;5;0,0
HJXXIII;UTI -  PEDIATRICO 2º ANDAR;2019;11;3;15;0,2
HJXXIII;UTI -  PEDIATRICO 2º ANDAR;2019;12;2;11;0,18181818181818182
HJXXIII;UTI -  PEDIATRICO 2º ANDAR;2020;1;1;8;0,125
HJXXIII;UTI -  PEDIATRICO 2º ANDAR;2020;2;6;12;0,5
HJXXIII;UTI -  PEDIATRICO 2º ANDAR;2020;3;2;22;0,09090909090909091
HJXXIII;UTI -  PEDIATRICO 2º ANDAR;2020;4;9;36;0,25
HJXXIII;UTI -  PEDIATRICO 2º ANDAR;2020;5;5;19;0,2631578947368421
HJXXIII;UTI -  PEDIATRICO 2º ANDAR;2020;6;4;16;0,25
HJXXIII;UTI -  PEDIATRICO 2º ANDAR;2020;7;3;25;0,12
HJXXIII;UTI -  PEDIATRICO 2º ANDAR;2020;8;7;28;0,25
HJXXIII;UTI -  PEDIATRICO 2º ANDAR;2020;9;6;21;0,2857142857142857
HJXXIII;UTI -  PEDIATRICO 2º ANDAR;2020;10;2;22;0,09090909090909091
HJXXIII;UTI -  PEDIATRICO 2º ANDAR;2020;11;1;25;0,04
HJXXIII;UTI -  PEDIATRICO 2º ANDAR;2020;12;8;20;0,4
HJXXIII;UTI -  PEDIATRICO 2º ANDAR;2021;1;5;15;0,3333333333333333
HJXXIII;UTI -  PEDIATRICO 2º ANDAR;2021;2;3;17;0,17647058823529413
HJXXIII;UTI -  PEDIATRICO 2º ANDAR;2021;3;5;39;0,1282051282051282
HJXXIII;UTI -  PEDIATRICO 2º ANDAR;2021;4;6;33;0,18181818181818182
HJXXIII;UTI -  PEDIATRICO 2º ANDAR;2021;5;10;30;0,3333333333333333
HJXXIII;UTI -  PEDIATRICO 2º ANDAR;2021;6;4;34;0,11764705882352941
HJXXIII;UTI -  PEDIATRICO 2º ANDAR;2021;7;2;28;0,07142857142857142
HJXXIII;UTI -  PEDIATRICO 2º ANDAR;2021;8;0;21;0,0
HJXXIII;UTI -  PEDIATRICO 2º ANDAR;2021;9;5;25;0,2
HJXXIII;UTI -  PEDIATRICO 2º ANDAR;2021;10;2;38;0,05263157894736842
HJXXIII;UTI -  PEDIATRICO 2º ANDAR;2021;11;2;35;0,05714285714285714
HJXXIII;UTI -  PEDIATRICO 2º ANDAR;2021;12;5;45;0,1111111111111111
HJXXIII;UTI -  PEDIATRICO 2º ANDAR;2022;1;6;31;0,1935483870967742
HJXXIII;UTI -  PEDIATRICO 2º ANDAR;2022;2;7;47;0,14893617021276595
HJXXIII;UTI -  PEDIATRICO 2º ANDAR;2022;3;11;71;0,15492957746478872
HJXXIII;UTI -  PEDIATRICO 2º ANDAR;2022;4;7;63;0,1111111111111111
HJXXIII;UTI -  PEDIATRICO 2º ANDAR;2022;5;1;36;0,027777777777777776
HJXXIII;UTI -  PEDIATRICO 2º ANDAR;2022;6;2;33;0,06060606060606061
HJXXIII;UTI -  PEDIATRICO 2º ANDAR;2022;7;8;48;0,16666666666666666
HJXXIII;UTI -  PEDIATRICO 2º ANDAR;2022;8;6;42;0,14285714285714285
HJXXIII;UTI -  PEDIATRICO 2º ANDAR;2022;9;12;78;0,15384615384615385
HJXXIII;UTI -  PEDIATRICO 2º ANDAR;2022;10;6;53;0,11320754716981132
HJXXIII;UTI -  PEDIATRICO 2º ANDAR;2022;11;6;54;0,1111111111111111
HJXXIII;UTI -  PEDIATRICO 2º ANDAR;2022;12;5;37;0,13513513513513514
HJXXIII;UTI -  PEDIATRICO 2º ANDAR;2023;1;7;36;0,19444444444444445
HJXXIII;UTI -  PEDIATRICO 2º ANDAR;2023;2;5;44;0,11363636363636363
HJXXIII;UTI -  PEDIATRICO 2º ANDAR;2023;3;3;45;0,06666666666666667
HJXXIII;UTI -  PEDIATRICO 2º ANDAR;2023;4;4;53;0,07547169811320754
HJXXIII;UTI -  PEDIATRICO 2º ANDAR;2023;5;10;63;0,15873015873015872
HJXXIII;UTI -  PEDIATRICO 2º ANDAR;2023;6;4;39;0,10256410256410256
HJXXIII;UTI -  PEDIATRICO 2º ANDAR;2023;7;3;25;0,12
HJXXIII;UTI -  PEDIATRICO 2º ANDAR;2023;8;5;25;0,2
HJXXIII;UTI -  PEDIATRICO 2º ANDAR;2023;9;3;27;0,1111111111111111
HJXXIII;UTI -  PEDIATRICO 2º ANDAR;2023;10;3;27;0,1111111111111111
HJXXIII;UTI -  PEDIATRICO 2º ANDAR;2023;11;2;18;0,1111111111111111
HJXXIII;UTI -  PEDIATRICO 2º ANDAR;2023;12;5;25;0,2
HJXXIII;UTI -  PEDIATRICO 2º ANDAR;2024;1;2;16;0,125
HJXXIII;UTI -  PEDIATRICO 2º ANDAR;2024;2;8;18;0,4444444444444444
HJXXIII;UTI -  PEDIATRICO 2º ANDAR;2024;3;3;28;0,10714285714285714
HJXXIII;UTI -  PEDIATRICO 2º ANDAR;2024;4;8;51;0,1568627450980392
HJXXIII;UTI -  PEDIATRICO 2º ANDAR;2024;5;13;45;0,28888888888888886
HJXXIII;UTI -  PEDIATRICO 2º ANDAR;2024;6;3;25;0,12
HJXXIII;UTI -  PEDIATRICO 2º ANDAR;2024;7;5;37;0,13513513513513514
HJXXIII;UTI -  PEDIATRICO 2º ANDAR;2024;8;0;24;0,0
HJXXIII;UTI -  PEDIATRICO 2º ANDAR;2024;9;4;14;0,2857142857142857
HJXXIII;UTI -  PEDIATRICO 2º ANDAR;2024;10;1;11;0,09090909090909091
HJXXIII;UTI -  PEDIATRICO 2º ANDAR;2024;11;1;19;0,05263157894736842
HJXXIII;UTI -  PEDIATRICO 2º ANDAR;2024;12;2;22;0,09090909090909091
HJXXIII;UTI -  PEDIATRICO 2º ANDAR;2025;1;3;18;0,16666666666666666
HJXXIII;UTI -  PEDIATRICO 2º ANDAR;2025;2;5;17;0,29411764705882354
HJXXIII;UTI -  PEDIATRICO 2º ANDAR;2025;3;3;23;0,13043478260869565
HJXXIII;UTI -  PEDIATRICO 2º ANDAR;2025;4;7;35;0,2
HJXXIII;UTI -  PEDIATRICO 2º ANDAR;2025;5;9;57;0,15789473684210525
HJXXIII;UTI -  PEDIATRICO 2º ANDAR;2025;6;16;84;0,19047619047619047
HJXXIII;UTI -  PEDIATRICO 2º ANDAR;2025;7;2;25;0,08
HJXXIII;UTI -  PEDIATRICO 2º ANDAR;2025;8;8;38;0,21052631578947367
HJXXIII;UTI -  PEDIATRICO 2º ANDAR;2025;9;5;15;0,3333333333333333
HJXXIII;UTI -  PEDIATRICO 2º ANDAR;2025;10;3;14;0,21428571428571427
HJXXIII;UTI -  PEDIATRICO 2º ANDAR;2025;11;6;25;0,24
HJXXIII;UTI -  PEDIATRICO 2º ANDAR;2025;12;4;22;0,18181818181818182
HJXXIII;UTI -  PEDIATRICO 2º ANDAR;2026;1;1;14;0,07142857142857142
HJXXIII;UTI -  PEDIATRICO 2º ANDAR;2026;2;1;8;0,125
HJXXIII;UTI -  PEDIATRICO 2º ANDAR;2026;3;4;30;0,13333333333333333
HJXXIII;UTI -  PEDIATRICO 2º ANDAR;2026;4;7;43;0,16279069767441862
HJXXIII;UTI -  PEDIATRICO 2º ANDAR;2026;5;8;76;0,10526315789473684
HMAL;AMBULATORIO DE ORTOPEDIA;2019;9;0;1;0,0
HMAL;AMBULATORIO DE ORTOPEDIA;2020;11;0;1;0,0
HMAL;AMBULATORIO DE ORTOPEDIA;2023;7;0;1;0,0
HMAL;AMBULATORIO DE ORTOPEDIA;2024;9;0;1;0,0
HMAL;BLOCO CIRURGICO;2019;7;0;1;0,0
HMAL;TERAPIA MÃO;2021;5;0;1;0,0
HMAL;UNIDADE DE INTERNAÇÃO - TRAUMATO/ORTOPEDIA A;2019;1;28;56;0,5
HMAL;UNIDADE DE INTERNAÇÃO - TRAUMATO/ORTOPEDIA A;2019;2;21;61;0,3442622950819672
HMAL;UNIDADE DE INTERNAÇÃO - TRAUMATO/ORTOPEDIA A;2019;3;16;60;0,26666666666666666
HMAL;UNIDADE DE INTERNAÇÃO - TRAUMATO/ORTOPEDIA A;2019;4;20;62;0,3225806451612903
HMAL;UNIDADE DE INTERNAÇÃO - TRAUMATO/ORTOPEDIA A;2019;5;23;71;0,323943661971831
HMAL;UNIDADE DE INTERNAÇÃO - TRAUMATO/ORTOPEDIA A;2019;6;22;54;0,4074074074074074
HMAL;UNIDADE DE INTERNAÇÃO - TRAUMATO/ORTOPEDIA A;2019;7;22;60;0,36666666666666664
HMAL;UNIDADE DE INTERNAÇÃO - TRAUMATO/ORTOPEDIA A;2019;8;23;73;0,3150684931506849
HMAL;UNIDADE DE INTERNAÇÃO - TRAUMATO/ORTOPEDIA A;2019;9;25;57;0,43859649122807015
HMAL;UNIDADE DE INTERNAÇÃO - TRAUMATO/ORTOPEDIA A;2019;10;44;60;0,7333333333333333
HMAL;UNIDADE DE INTERNAÇÃO - TRAUMATO/ORTOPEDIA A;2019;11;26;57;0,45614035087719296
HMAL;UNIDADE DE INTERNAÇÃO - TRAUMATO/ORTOPEDIA A;2019;12;33;64;0,515625
HMAL;UNIDADE DE INTERNAÇÃO - TRAUMATO/ORTOPEDIA A;2020;1;31;51;0,6078431372549019
HMAL;UNIDADE DE INTERNAÇÃO - TRAUMATO/ORTOPEDIA A;2020;2;16;49;0,32653061224489793
HMAL;UNIDADE DE INTERNAÇÃO - TRAUMATO/ORTOPEDIA A;2020;3;21;60;0,35
HMAL;UNIDADE DE INTERNAÇÃO - TRAUMATO/ORTOPEDIA A;2020;4;31;65;0,47692307692307695
HMAL;UNIDADE DE INTERNAÇÃO - TRAUMATO/ORTOPEDIA A;2020;5;40;65;0,6153846153846154
HMAL;UNIDADE DE INTERNAÇÃO - TRAUMATO/ORTOPEDIA A;2020;6;29;77;0,37662337662337664
HMAL;UNIDADE DE INTERNAÇÃO - TRAUMATO/ORTOPEDIA A;2020;7;14;70;0,2
HMAL;UNIDADE DE INTERNAÇÃO - TRAUMATO/ORTOPEDIA A;2020;8;20;82;0,24390243902439024
HMAL;UNIDADE DE INTERNAÇÃO - TRAUMATO/ORTOPEDIA A;2020;9;23;90;0,25555555555555554
HMAL;UNIDADE DE INTERNAÇÃO - TRAUMATO/ORTOPEDIA A;2020;10;34;90;0,37777777777777777
HMAL;UNIDADE DE INTERNAÇÃO - TRAUMATO/ORTOPEDIA A;2020;11;26;72;0,3611111111111111
HMAL;UNIDADE DE INTERNAÇÃO - TRAUMATO/ORTOPEDIA A;2020;12;31;82;0,3780487804878049
HMAL;UNIDADE DE INTERNAÇÃO - TRAUMATO/ORTOPEDIA A;2021;1;17;81;0,20987654320987653
HMAL;UNIDADE DE INTERNAÇÃO - TRAUMATO/ORTOPEDIA A;2021;2;15;62;0,24193548387096775
HMAL;UNIDADE DE INTERNAÇÃO - TRAUMATO/ORTOPEDIA A;2021;3;18;67;0,26865671641791045
HMAL;UNIDADE DE INTERNAÇÃO - TRAUMATO/ORTOPEDIA A;2021;4;23;67;0,34328358208955223
HMAL;UNIDADE DE INTERNAÇÃO - TRAUMATO/ORTOPEDIA A;2021;5;24;65;0,36923076923076925
HMAL;UNIDADE DE INTERNAÇÃO - TRAUMATO/ORTOPEDIA A;2021;6;32;71;0,4507042253521127
HMAL;UNIDADE DE INTERNAÇÃO - TRAUMATO/ORTOPEDIA A;2021;7;36;72;0,5
HMAL;UNIDADE DE INTERNAÇÃO - TRAUMATO/ORTOPEDIA A;2021;8;31;78;0,3974358974358974
HMAL;UNIDADE DE INTERNAÇÃO - TRAUMATO/ORTOPEDIA A;2021;9;26;71;0,36619718309859156
HMAL;UNIDADE DE INTERNAÇÃO - TRAUMATO/ORTOPEDIA A;2021;10;30;61;0,4918032786885246
HMAL;UNIDADE DE INTERNAÇÃO - TRAUMATO/ORTOPEDIA A;2021;11;24;48;0,5
HMAL;UNIDADE DE INTERNAÇÃO - TRAUMATO/ORTOPEDIA A;2021;12;31;64;0,484375
HMAL;UNIDADE DE INTERNAÇÃO - TRAUMATO/ORTOPEDIA A;2022;1;32;56;0,5714285714285714
HMAL;UNIDADE DE INTERNAÇÃO - TRAUMATO/ORTOPEDIA A;2022;2;29;57;0,5087719298245614
HMAL;UNIDADE DE INTERNAÇÃO - TRAUMATO/ORTOPEDIA A;2022;3;27;76;0,35526315789473684
HMAL;UNIDADE DE INTERNAÇÃO - TRAUMATO/ORTOPEDIA A;2022;4;14;60;0,23333333333333334
HMAL;UNIDADE DE INTERNAÇÃO - TRAUMATO/ORTOPEDIA A;2022;5;22;64;0,34375
HMAL;UNIDADE DE INTERNAÇÃO - TRAUMATO/ORTOPEDIA A;2022;6;23;65;0,35384615384615387
HMAL;UNIDADE DE INTERNAÇÃO - TRAUMATO/ORTOPEDIA A;2022;7;36;89;0,4044943820224719
HMAL;UNIDADE DE INTERNAÇÃO - TRAUMATO/ORTOPEDIA A;2022;8;35;82;0,4268292682926829
HMAL;UNIDADE DE INTERNAÇÃO - TRAUMATO/ORTOPEDIA A;2022;9;56;99;0,5656565656565656
HMAL;UNIDADE DE INTERNAÇÃO - TRAUMATO/ORTOPEDIA A;2022;10;53;98;0,5408163265306123
HMAL;UNIDADE DE INTERNAÇÃO - TRAUMATO/ORTOPEDIA A;2022;11;29;78;0,3717948717948718
HMAL;UNIDADE DE INTERNAÇÃO - TRAUMATO/ORTOPEDIA A;2022;12;51;80;0,6375
HMAL;UNIDADE DE INTERNAÇÃO - TRAUMATO/ORTOPEDIA A;2023;1;32;67;0,47761194029850745
HMAL;UNIDADE DE INTERNAÇÃO - TRAUMATO/ORTOPEDIA A;2023;2;36;77;0,4675324675324675
HMAL;UNIDADE DE INTERNAÇÃO - TRAUMATO/ORTOPEDIA A;2023;3;31;108;0,28703703703703703
HMAL;UNIDADE DE INTERNAÇÃO - TRAUMATO/ORTOPEDIA A;2023;4;37;81;0,4567901234567901
HMAL;UNIDADE DE INTERNAÇÃO - TRAUMATO/ORTOPEDIA A;2023;5;58;103;0,5631067961165048
HMAL;UNIDADE DE INTERNAÇÃO - TRAUMATO/ORTOPEDIA A;2023;6;34;112;0,30357142857142855
HMAL;UNIDADE DE INTERNAÇÃO - TRAUMATO/ORTOPEDIA A;2023;7;73;116;0,6293103448275862
HMAL;UNIDADE DE INTERNAÇÃO - TRAUMATO/ORTOPEDIA A;2023;8;80;147;0,54421768707483
HMAL;UNIDADE DE INTERNAÇÃO - TRAUMATO/ORTOPEDIA A;2023;9;107;153;0,6993464052287581
HMAL;UNIDADE DE INTERNAÇÃO - TRAUMATO/ORTOPEDIA A;2023;10;108;152;0,7105263157894737
HMAL;UNIDADE DE INTERNAÇÃO - TRAUMATO/ORTOPEDIA A;2023;11;103;144;0,7152777777777778
HMAL;UNIDADE DE INTERNAÇÃO - TRAUMATO/ORTOPEDIA A;2023;12;128;165;0,7757575757575758
HMAL;UNIDADE DE INTERNAÇÃO - TRAUMATO/ORTOPEDIA A;2024;1;96;125;0,768
HMAL;UNIDADE DE INTERNAÇÃO - TRAUMATO/ORTOPEDIA A;2024;2;81;113;0,7168141592920354
HMAL;UNIDADE DE INTERNAÇÃO - TRAUMATO/ORTOPEDIA A;2024;3;76;125;0,608
HMAL;UNIDADE DE INTERNAÇÃO - TRAUMATO/ORTOPEDIA A;2024;4;95;137;0,6934306569343066
HMAL;UNIDADE DE INTERNAÇÃO - TRAUMATO/ORTOPEDIA A;2024;5;64;144;0,4444444444444444
HMAL;UNIDADE DE INTERNAÇÃO - TRAUMATO/ORTOPEDIA A;2024;6;78;114;0,6842105263157895
HMAL;UNIDADE DE INTERNAÇÃO - TRAUMATO/ORTOPEDIA A;2024;7;50;119;0,42016806722689076
HMAL;UNIDADE DE INTERNAÇÃO - TRAUMATO/ORTOPEDIA A;2024;8;67;124;0,5403225806451613
HMAL;UNIDADE DE INTERNAÇÃO - TRAUMATO/ORTOPEDIA A;2024;9;89;121;0,7355371900826446
HMAL;UNIDADE DE INTERNAÇÃO - TRAUMATO/ORTOPEDIA A;2024;10;88;127;0,6929133858267716
HMAL;UNIDADE DE INTERNAÇÃO - TRAUMATO/ORTOPEDIA A;2024;11;72;103;0,6990291262135923
HMAL;UNIDADE DE INTERNAÇÃO - TRAUMATO/ORTOPEDIA A;2024;12;54;83;0,6506024096385542
HMAL;UNIDADE DE INTERNAÇÃO - TRAUMATO/ORTOPEDIA A;2025;1;44;68;0,6470588235294118
HMAL;UNIDADE DE INTERNAÇÃO - TRAUMATO/ORTOPEDIA A;2025;2;19;24;0,7916666666666666
HMAL;UNIDADE DE INTERNAÇÃO - TRAUMATO/ORTOPEDIA A;2025;3;10;15;0,6666666666666666
HMAL;UNIDADE DE INTERNAÇÃO - TRAUMATO/ORTOPEDIA B;2019;1;47;71;0,6619718309859155
HMAL;UNIDADE DE INTERNAÇÃO - TRAUMATO/ORTOPEDIA B;2019;2;40;65;0,6153846153846154
HMAL;UNIDADE DE INTERNAÇÃO - TRAUMATO/ORTOPEDIA B;2019;3;23;59;0,3898305084745763
HMAL;UNIDADE DE INTERNAÇÃO - TRAUMATO/ORTOPEDIA B;2019;4;30;58;0,5172413793103449
HMAL;UNIDADE DE INTERNAÇÃO - TRAUMATO/ORTOPEDIA B;2019;5;38;72;0,5277777777777778
HMAL;UNIDADE DE INTERNAÇÃO - TRAUMATO/ORTOPEDIA B;2019;6;28;70;0,4
HMAL;UNIDADE DE INTERNAÇÃO - TRAUMATO/ORTOPEDIA B;2019;7;52;84;0,6190476190476191
HMAL;UNIDADE DE INTERNAÇÃO - TRAUMATO/ORTOPEDIA B;2019;8;37;61;0,6065573770491803
HMAL;UNIDADE DE INTERNAÇÃO - TRAUMATO/ORTOPEDIA B;2019;9;27;61;0,4426229508196721
HMAL;UNIDADE DE INTERNAÇÃO - TRAUMATO/ORTOPEDIA B;2019;10;57;79;0,7215189873417721
HMAL;UNIDADE DE INTERNAÇÃO - TRAUMATO/ORTOPEDIA B;2019;11;47;75;0,6266666666666667
HMAL;UNIDADE DE INTERNAÇÃO - TRAUMATO/ORTOPEDIA B;2019;12;46;62;0,7419354838709677
HMAL;UNIDADE DE INTERNAÇÃO - TRAUMATO/ORTOPEDIA B;2020;1;46;75;0,6133333333333333
HMAL;UNIDADE DE INTERNAÇÃO - TRAUMATO/ORTOPEDIA B;2020;2;50;78;0,6410256410256411
HMAL;UNIDADE DE INTERNAÇÃO - TRAUMATO/ORTOPEDIA B;2020;3;30;69;0,43478260869565216
HMAL;UNIDADE DE INTERNAÇÃO - TRAUMATO/ORTOPEDIA B;2020;4;50;76;0,6578947368421053
HMAL;UNIDADE DE INTERNAÇÃO - TRAUMATO/ORTOPEDIA B;2020;5;58;92;0,6304347826086957
HMAL;UNIDADE DE INTERNAÇÃO - TRAUMATO/ORTOPEDIA B;2020;6;47;88;0,5340909090909091
HMAL;UNIDADE DE INTERNAÇÃO - TRAUMATO/ORTOPEDIA B;2020;7;34;80;0,425
HMAL;UNIDADE DE INTERNAÇÃO - TRAUMATO/ORTOPEDIA B;2020;8;27;83;0,3253012048192771
HMAL;UNIDADE DE INTERNAÇÃO - TRAUMATO/ORTOPEDIA B;2020;9;31;89;0,34831460674157305
HMAL;UNIDADE DE INTERNAÇÃO - TRAUMATO/ORTOPEDIA B;2020;10;54;106;0,5094339622641509
HMAL;UNIDADE DE INTERNAÇÃO - TRAUMATO/ORTOPEDIA B;2020;11;28;87;0,3218390804597701
HMAL;UNIDADE DE INTERNAÇÃO - TRAUMATO/ORTOPEDIA B;2020;12;53;111;0,4774774774774775
HMAL;UNIDADE DE INTERNAÇÃO - TRAUMATO/ORTOPEDIA B;2021;1;44;97;0,4536082474226804
HMAL;UNIDADE DE INTERNAÇÃO - TRAUMATO/ORTOPEDIA B;2021;2;23;79;0,2911392405063291
HMAL;UNIDADE DE INTERNAÇÃO - TRAUMATO/ORTOPEDIA B;2021;3;22;88;0,25
HMAL;UNIDADE DE INTERNAÇÃO - TRAUMATO/ORTOPEDIA B;2021;4;29;96;0,3020833333333333
HMAL;UNIDADE DE INTERNAÇÃO - TRAUMATO/ORTOPEDIA B;2021;5;40;94;0,425531914893617
HMAL;UNIDADE DE INTERNAÇÃO - TRAUMATO/ORTOPEDIA B;2021;6;51;77;0,6623376623376623
HMAL;UNIDADE DE INTERNAÇÃO - TRAUMATO/ORTOPEDIA B;2021;7;54;92;0,5869565217391305
HMAL;UNIDADE DE INTERNAÇÃO - TRAUMATO/ORTOPEDIA B;2021;8;33;70;0,4714285714285714
HMAL;UNIDADE DE INTERNAÇÃO - TRAUMATO/ORTOPEDIA B;2021;9;35;61;0,5737704918032787
HMAL;UNIDADE DE INTERNAÇÃO - TRAUMATO/ORTOPEDIA B;2021;10;40;70;0,5714285714285714
HMAL;UNIDADE DE INTERNAÇÃO - TRAUMATO/ORTOPEDIA B;2021;11;42;64;0,65625
HMAL;UNIDADE DE INTERNAÇÃO - TRAUMATO/ORTOPEDIA B;2021;12;29;44;0,6590909090909091
HMAL;UNIDADE DE INTERNAÇÃO - TRAUMATO/ORTOPEDIA B;2022;2;13;35;0,37142857142857144
HMAL;UNIDADE DE INTERNAÇÃO - TRAUMATO/ORTOPEDIA B;2022;3;18;62;0,2903225806451613
HMAL;UNIDADE DE INTERNAÇÃO - TRAUMATO/ORTOPEDIA B;2022;4;26;56;0,4642857142857143
HMAL;UNIDADE DE INTERNAÇÃO - TRAUMATO/ORTOPEDIA B;2022;5;36;75;0,48
HMAL;UNIDADE DE INTERNAÇÃO - TRAUMATO/ORTOPEDIA B;2022;6;30;73;0,410958904109589
HMAL;UNIDADE DE INTERNAÇÃO - TRAUMATO/ORTOPEDIA B;2022;7;57;110;0,5181818181818182
HMAL;UNIDADE DE INTERNAÇÃO - TRAUMATO/ORTOPEDIA B;2022;8;46;81;0,5679012345679012
HMAL;UNIDADE DE INTERNAÇÃO - TRAUMATO/ORTOPEDIA B;2022;9;69;107;0,6448598130841121
HMAL;UNIDADE DE INTERNAÇÃO - TRAUMATO/ORTOPEDIA B;2022;10;55;88;0,625
HMAL;UNIDADE DE INTERNAÇÃO - TRAUMATO/ORTOPEDIA B;2022;11;55;98;0,5612244897959183
HMAL;UNIDADE DE INTERNAÇÃO - TRAUMATO/ORTOPEDIA B;2022;12;76;105;0,7238095238095238
HMAL;UNIDADE DE INTERNAÇÃO - TRAUMATO/ORTOPEDIA B;2023;1;76;115;0,6608695652173913
HMAL;UNIDADE DE INTERNAÇÃO - TRAUMATO/ORTOPEDIA B;2023;2;72;107;0,6728971962616822
HMAL;UNIDADE DE INTERNAÇÃO - TRAUMATO/ORTOPEDIA B;2023;3;93;172;0,5406976744186046
HMAL;UNIDADE DE INTERNAÇÃO - TRAUMATO/ORTOPEDIA B;2023;4;74;127;0,5826771653543307
HMAL;UNIDADE DE INTERNAÇÃO - TRAUMATO/ORTOPEDIA B;2023;5;99;136;0,7279411764705882
HMAL;UNIDADE DE INTERNAÇÃO - TRAUMATO/ORTOPEDIA B;2023;6;111;182;0,6098901098901099
HMAL;UNIDADE DE INTERNAÇÃO - TRAUMATO/ORTOPEDIA B;2023;7;92;128;0,71875
HMAL;UNIDADE DE INTERNAÇÃO - TRAUMATO/ORTOPEDIA B;2023;8;77;125;0,616
HMAL;UNIDADE DE INTERNAÇÃO - TRAUMATO/ORTOPEDIA B;2023;9;87;108;0,8055555555555556
HMAL;UNIDADE DE INTERNAÇÃO - TRAUMATO/ORTOPEDIA B;2023;10;92;123;0,7479674796747967
HMAL;UNIDADE DE INTERNAÇÃO - TRAUMATO/ORTOPEDIA B;2023;11;120;137;0,8759124087591241
HMAL;UNIDADE DE INTERNAÇÃO - TRAUMATO/ORTOPEDIA B;2023;12;129;152;0,8486842105263158
HMAL;UNIDADE DE INTERNAÇÃO - TRAUMATO/ORTOPEDIA B;2024;1;89;116;0,7672413793103449
HMAL;UNIDADE DE INTERNAÇÃO - TRAUMATO/ORTOPEDIA B;2024;2;75;99;0,7575757575757576
HMAL;UNIDADE DE INTERNAÇÃO - TRAUMATO/ORTOPEDIA B;2024;3;68;121;0,5619834710743802
HMAL;UNIDADE DE INTERNAÇÃO - TRAUMATO/ORTOPEDIA B;2024;4;97;119;0,8151260504201681
HMAL;UNIDADE DE INTERNAÇÃO - TRAUMATO/ORTOPEDIA B;2024;5;82;130;0,6307692307692307
HMAL;UNIDADE DE INTERNAÇÃO - TRAUMATO/ORTOPEDIA B;2024;6;89;117;0,7606837606837606
HMAL;UNIDADE DE INTERNAÇÃO - TRAUMATO/ORTOPEDIA B;2024;7;79;106;0,7452830188679245
HMAL;UNIDADE DE INTERNAÇÃO - TRAUMATO/ORTOPEDIA B;2024;8;108;124;0,8709677419354839
HMAL;UNIDADE DE INTERNAÇÃO - TRAUMATO/ORTOPEDIA B;2024;9;64;82;0,7804878048780488
HMAL;UNIDADE DE INTERNAÇÃO - TRAUMATO/ORTOPEDIA B;2024;10;94;121;0,7768595041322314
HMAL;UNIDADE DE INTERNAÇÃO - TRAUMATO/ORTOPEDIA B;2024;11;69;85;0,8117647058823529
HMAL;UNIDADE DE INTERNAÇÃO - TRAUMATO/ORTOPEDIA B;2024;12;60;82;0,7317073170731707
HMAL;UNIDADE DE INTERNAÇÃO - TRAUMATO/ORTOPEDIA B;2025;1;45;59;0,7627118644067796
HMAL;UNIDADE DE INTERNAÇÃO - TRAUMATO/ORTOPEDIA B;2025;2;22;38;0,5789473684210527
HMAL;UNIDADE DE INTERNAÇÃO - TRAUMATO/ORTOPEDIA B;2025;3;9;17;0,5294117647058824
HMAL;UNIDADE DE INTERNAÇÃO - TRAUMATO/ORTOPEDIA B;2025;4;6;22;0,2727272727272727
HMAL;UNIDADE DE INTERNAÇÃO - TRAUMATO/ORTOPEDIA B;2025;5;35;75;0,4666666666666667
HMAL;UNIDADE DE INTERNAÇÃO - TRAUMATO/ORTOPEDIA B;2025;6;21;69;0,30434782608695654
HMAL;UNIDADE DE INTERNAÇÃO - TRAUMATO/ORTOPEDIA B;2025;7;34;80;0,425
HMAL;UNIDADE DE INTERNAÇÃO - TRAUMATO/ORTOPEDIA B;2025;8;27;71;0,38028169014084506
HMAL;UNIDADE DE INTERNAÇÃO - TRAUMATO/ORTOPEDIA B;2025;9;9;51;0,17647058823529413
HMAL;UNIDADE DE INTERNAÇÃO - TRAUMATO/ORTOPEDIA B;2025;10;27;64;0,421875
HMAL;UNIDADE DE INTERNAÇÃO - TRAUMATO/ORTOPEDIA B;2025;11;35;69;0,5072463768115942
HMAL;UNIDADE DE INTERNAÇÃO - TRAUMATO/ORTOPEDIA B;2025;12;29;41;0,7073170731707317
HMAL;UNIDADE DE INTERNAÇÃO - TRAUMATO/ORTOPEDIA B;2026;1;60;80;0,75
HMAL;UNIDADE DE INTERNAÇÃO - TRAUMATO/ORTOPEDIA B;2026;2;31;44;0,7045454545454546
HMAL;UNIDADE DE INTERNAÇÃO - TRAUMATO/ORTOPEDIA B;2026;3;35;43;0,813953488372093
HMAL;UNIDADE DE INTERNAÇÃO - TRAUMATO/ORTOPEDIA B;2026;4;28;37;0,7567567567567568
HMAL;UNIDADE DE INTERNAÇÃO - TRAUMATO/ORTOPEDIA B;2026;5;22;36;0,6111111111111112
HMAL;UNIDADE INTERNAÇÃO - BUCO TRAUMATO ORTOPEDIA 2º ANDAR;2019;1;11;45;0,24444444444444444
HMAL;UNIDADE INTERNAÇÃO - BUCO TRAUMATO ORTOPEDIA 2º ANDAR;2019;2;18;49;0,3673469387755102
HMAL;UNIDADE INTERNAÇÃO - BUCO TRAUMATO ORTOPEDIA 2º ANDAR;2019;3;12;48;0,25
HMAL;UNIDADE INTERNAÇÃO - BUCO TRAUMATO ORTOPEDIA 2º ANDAR;2019;4;20;57;0,3508771929824561
HMAL;UNIDADE INTERNAÇÃO - BUCO TRAUMATO ORTOPEDIA 2º ANDAR;2019;5;24;68;0,35294117647058826
HMAL;UNIDADE INTERNAÇÃO - BUCO TRAUMATO ORTOPEDIA 2º ANDAR;2019;6;24;58;0,41379310344827586
HMAL;UNIDADE INTERNAÇÃO - BUCO TRAUMATO ORTOPEDIA 2º ANDAR;2019;7;32;67;0,47761194029850745
HMAL;UNIDADE INTERNAÇÃO - BUCO TRAUMATO ORTOPEDIA 2º ANDAR;2019;8;26;56;0,4642857142857143
HMAL;UNIDADE INTERNAÇÃO - BUCO TRAUMATO ORTOPEDIA 2º ANDAR;2019;9;17;64;0,265625
HMAL;UNIDADE INTERNAÇÃO - BUCO TRAUMATO ORTOPEDIA 2º ANDAR;2019;10;32;63;0,5079365079365079
HMAL;UNIDADE INTERNAÇÃO - BUCO TRAUMATO ORTOPEDIA 2º ANDAR;2019;11;14;46;0,30434782608695654
HMAL;UNIDADE INTERNAÇÃO - BUCO TRAUMATO ORTOPEDIA 2º ANDAR;2019;12;19;51;0,37254901960784315
HMAL;UNIDADE INTERNAÇÃO - BUCO TRAUMATO ORTOPEDIA 2º ANDAR;2020;1;19;59;0,3220338983050847
HMAL;UNIDADE INTERNAÇÃO - BUCO TRAUMATO ORTOPEDIA 2º ANDAR;2020;2;10;47;0,2127659574468085
HMAL;UNIDADE INTERNAÇÃO - BUCO TRAUMATO ORTOPEDIA 2º ANDAR;2020;3;11;54;0,2037037037037037
HMAL;UNIDADE INTERNAÇÃO - BUCO TRAUMATO ORTOPEDIA 2º ANDAR;2020;6;1;11;0,09090909090909091
HMAL;UNIDADE INTERNAÇÃO - BUCO TRAUMATO ORTOPEDIA 2º ANDAR;2020;7;17;60;0,2833333333333333
HMAL;UNIDADE INTERNAÇÃO - BUCO TRAUMATO ORTOPEDIA 2º ANDAR;2020;8;18;62;0,2903225806451613
HMAL;UNIDADE INTERNAÇÃO - BUCO TRAUMATO ORTOPEDIA 2º ANDAR;2020;9;23;64;0,359375
HMAL;UNIDADE INTERNAÇÃO - BUCO TRAUMATO ORTOPEDIA 2º ANDAR;2020;10;20;69;0,2898550724637681
HMAL;UNIDADE INTERNAÇÃO - BUCO TRAUMATO ORTOPEDIA 2º ANDAR;2020;11;23;54;0,42592592592592593
HMAL;UNIDADE INTERNAÇÃO - BUCO TRAUMATO ORTOPEDIA 2º ANDAR;2020;12;19;62;0,3064516129032258
HMAL;UNIDADE INTERNAÇÃO - BUCO TRAUMATO ORTOPEDIA 2º ANDAR;2021;1;4;9;0,4444444444444444
HMAL;UNIDADE INTERNAÇÃO - BUCO TRAUMATO ORTOPEDIA 2º ANDAR;2021;2;17;61;0,2786885245901639
HMAL;UNIDADE INTERNAÇÃO - BUCO TRAUMATO ORTOPEDIA 2º ANDAR;2021;3;22;66;0,3333333333333333
HMAL;UNIDADE INTERNAÇÃO - BUCO TRAUMATO ORTOPEDIA 2º ANDAR;2021;4;24;59;0,4067796610169492
HMAL;UNIDADE INTERNAÇÃO - BUCO TRAUMATO ORTOPEDIA 2º ANDAR;2021;5;18;65;0,27692307692307694
HMAL;UNIDADE INTERNAÇÃO - BUCO TRAUMATO ORTOPEDIA 2º ANDAR;2021;6;35;78;0,44871794871794873
HMAL;UNIDADE INTERNAÇÃO - BUCO TRAUMATO ORTOPEDIA 2º ANDAR;2021;7;21;56;0,375
HMAL;UNIDADE INTERNAÇÃO - BUCO TRAUMATO ORTOPEDIA 2º ANDAR;2021;8;27;65;0,4153846153846154
HMAL;UNIDADE INTERNAÇÃO - BUCO TRAUMATO ORTOPEDIA 2º ANDAR;2021;9;32;70;0,45714285714285713
HMAL;UNIDADE INTERNAÇÃO - BUCO TRAUMATO ORTOPEDIA 2º ANDAR;2021;10;25;64;0,390625
HMAL;UNIDADE INTERNAÇÃO - BUCO TRAUMATO ORTOPEDIA 2º ANDAR;2021;11;29;55;0,5272727272727272
HMAL;UNIDADE INTERNAÇÃO - BUCO TRAUMATO ORTOPEDIA 2º ANDAR;2021;12;46;76;0,6052631578947368
HMAL;UNIDADE INTERNAÇÃO - BUCO TRAUMATO ORTOPEDIA 2º ANDAR;2022;1;30;62;0,4838709677419355
HMAL;UNIDADE INTERNAÇÃO - BUCO TRAUMATO ORTOPEDIA 2º ANDAR;2022;2;28;55;0,509090909090909
HMAL;UNIDADE INTERNAÇÃO - BUCO TRAUMATO ORTOPEDIA 2º ANDAR;2022;3;24;90;0,26666666666666666
HMAL;UNIDADE INTERNAÇÃO - BUCO TRAUMATO ORTOPEDIA 2º ANDAR;2022;4;18;80;0,225
HMAL;UNIDADE INTERNAÇÃO - BUCO TRAUMATO ORTOPEDIA 2º ANDAR;2022;5;17;74;0,22972972972972974
HMAL;UNIDADE INTERNAÇÃO - BUCO TRAUMATO ORTOPEDIA 2º ANDAR;2022;6;21;59;0,3559322033898305
HMAL;UNIDADE INTERNAÇÃO - BUCO TRAUMATO ORTOPEDIA 2º ANDAR;2025;12;1;1;1,0
HMAL;UNIDADE INTERNAÇÃO - BUCO TRAUMATO ORTOPEDIA 2º ANDAR;2026;1;1;1;1,0
HRAD;ALOJAMENTO CONJUNTO;2019;1;154;162;0,9506172839506173
HRAD;ALOJAMENTO CONJUNTO;2019;2;124;158;0,7848101265822784
HRAD;ALOJAMENTO CONJUNTO;2019;3;117;152;0,7697368421052632
HRAD;ALOJAMENTO CONJUNTO;2019;4;112;141;0,7943262411347518
HRAD;ALOJAMENTO CONJUNTO;2019;5;106;140;0,7571428571428571
HRAD;ALOJAMENTO CONJUNTO;2019;6;135;160;0,84375
HRAD;ALOJAMENTO CONJUNTO;2019;7;130;155;0,8387096774193549
HRAD;ALOJAMENTO CONJUNTO;2019;8;98;129;0,7596899224806202
HRAD;ALOJAMENTO CONJUNTO;2019;9;111;126;0,8809523809523809
HRAD;ALOJAMENTO CONJUNTO;2019;10;119;131;0,9083969465648855
HRAD;ALOJAMENTO CONJUNTO;2019;11;118;132;0,8939393939393939
HRAD;ALOJAMENTO CONJUNTO;2019;12;122;146;0,8356164383561644
HRAD;ALOJAMENTO CONJUNTO;2020;1;125;152;0,8223684210526315
HRAD;ALOJAMENTO CONJUNTO;2020;2;128;161;0,7950310559006211
HRAD;ALOJAMENTO CONJUNTO;2020;3;94;164;0,573170731707317
HRAD;ALOJAMENTO CONJUNTO;2020;4;127;165;0,7696969696969697
HRAD;ALOJAMENTO CONJUNTO;2020;5;148;166;0,891566265060241
HRAD;ALOJAMENTO CONJUNTO;2020;6;118;151;0,7814569536423841
HRAD;ALOJAMENTO CONJUNTO;2020;7;123;171;0,7192982456140351
HRAD;ALOJAMENTO CONJUNTO;2020;8;121;143;0,8461538461538461
HRAD;ALOJAMENTO CONJUNTO;2020;9;112;144;0,7777777777777778
HRAD;ALOJAMENTO CONJUNTO;2020;10;114;148;0,7702702702702703
HRAD;ALOJAMENTO CONJUNTO;2020;11;110;138;0,7971014492753623
HRAD;ALOJAMENTO CONJUNTO;2020;12;97;137;0,708029197080292
HRAD;ALOJAMENTO CONJUNTO;2021;1;123;153;0,803921568627451
HRAD;ALOJAMENTO CONJUNTO;2021;2;114;152;0,75
HRAD;ALOJAMENTO CONJUNTO;2021;3;72;157;0,4585987261146497
HRAD;ALOJAMENTO CONJUNTO;2021;4;115;153;0,7516339869281046
HRAD;ALOJAMENTO CONJUNTO;2021;5;112;157;0,7133757961783439
HRAD;ALOJAMENTO CONJUNTO;2021;6;104;147;0,7074829931972789
HRAD;ALOJAMENTO CONJUNTO;2021;7;130;178;0,7303370786516854
HRAD;ALOJAMENTO CONJUNTO;2021;8;131;170;0,7705882352941177
HRAD;ALOJAMENTO CONJUNTO;2021;9;135;176;0,7670454545454546
HRAD;ALOJAMENTO CONJUNTO;2021;10;128;167;0,7664670658682635
HRAD;ALOJAMENTO CONJUNTO;2021;11;107;144;0,7430555555555556
HRAD;ALOJAMENTO CONJUNTO;2021;12;107;144;0,7430555555555556
HRAD;ALOJAMENTO CONJUNTO;2022;1;113;148;0,7635135135135135
HRAD;ALOJAMENTO CONJUNTO;2022;2;95;133;0,7142857142857143
HRAD;ALOJAMENTO CONJUNTO;2022;3;74;166;0,4457831325301205
HRAD;ALOJAMENTO CONJUNTO;2022;4;104;146;0,7123287671232876
HRAD;ALOJAMENTO CONJUNTO;2022;5;106;150;0,7066666666666667
HRAD;ALOJAMENTO CONJUNTO;2022;6;101;135;0,7481481481481481
HRAD;ALOJAMENTO CONJUNTO;2022;7;108;138;0,782608695652174
HRAD;ALOJAMENTO CONJUNTO;2022;8;114;153;0,7450980392156863
HRAD;ALOJAMENTO CONJUNTO;2022;9;104;121;0,859504132231405
HRAD;ALOJAMENTO CONJUNTO;2022;10;109;126;0,8650793650793651
HRAD;ALOJAMENTO CONJUNTO;2022;11;136;149;0,912751677852349
HRAD;ALOJAMENTO CONJUNTO;2022;12;128;140;0,9142857142857143
HRAD;ALOJAMENTO CONJUNTO;2023;1;139;155;0,896774193548387
HRAD;ALOJAMENTO CONJUNTO;2023;2;114;140;0,8142857142857143
HRAD;ALOJAMENTO CONJUNTO;2023;3;119;168;0,7083333333333334
HRAD;ALOJAMENTO CONJUNTO;2023;4;114;175;0,6514285714285715
HRAD;ALOJAMENTO CONJUNTO;2023;5;119;158;0,7531645569620253
HRAD;ALOJAMENTO CONJUNTO;2023;6;132;169;0,7810650887573964
HRAD;ALOJAMENTO CONJUNTO;2023;7;120;157;0,7643312101910829
HRAD;ALOJAMENTO CONJUNTO;2023;8;127;154;0,8246753246753247
HRAD;ALOJAMENTO CONJUNTO;2023;9;144;174;0,8275862068965517
HRAD;ALOJAMENTO CONJUNTO;2023;10;128;164;0,7804878048780488
HRAD;ALOJAMENTO CONJUNTO;2023;11;98;127;0,7716535433070866
HRAD;ALOJAMENTO CONJUNTO;2023;12;144;158;0,9113924050632911
HRAD;ALOJAMENTO CONJUNTO;2024;1;133;157;0,8471337579617835
HRAD;ALOJAMENTO CONJUNTO;2024;2;112;141;0,7943262411347518
HRAD;ALOJAMENTO CONJUNTO;2024;3;116;158;0,7341772151898734
HRAD;ALOJAMENTO CONJUNTO;2024;4;104;139;0,7482014388489209
HRAD;ALOJAMENTO CONJUNTO;2024;5;106;159;0,6666666666666666
HRAD;ALOJAMENTO CONJUNTO;2024;6;113;158;0,7151898734177216
HRAD;ALOJAMENTO CONJUNTO;2024;7;105;134;0,7835820895522388
HRAD;ALOJAMENTO CONJUNTO;2024;8;115;147;0,782312925170068
HRAD;ALOJAMENTO CONJUNTO;2024;9;133;157;0,8471337579617835
HRAD;ALOJAMENTO CONJUNTO;2024;10;131;146;0,8972602739726028
HRAD;ALOJAMENTO CONJUNTO;2024;11;138;161;0,8571428571428571
HRAD;ALOJAMENTO CONJUNTO;2024;12;136;165;0,8242424242424242
HRAD;ALOJAMENTO CONJUNTO;2025;1;143;159;0,89937106918239
HRAD;ALOJAMENTO CONJUNTO;2025;2;129;153;0,8431372549019608
HRAD;ALOJAMENTO CONJUNTO;2025;3;116;179;0,6480446927374302
HRAD;ALOJAMENTO CONJUNTO;2025;4;96;164;0,5853658536585366
HRAD;ALOJAMENTO CONJUNTO;2025;5;94;154;0,6103896103896104
HRAD;ALOJAMENTO CONJUNTO;2025;6;114;152;0,75
HRAD;ALOJAMENTO CONJUNTO;2025;7;106;161;0,6583850931677019
HRAD;ALOJAMENTO CONJUNTO;2025;8;105;143;0,7342657342657343
HRAD;ALOJAMENTO CONJUNTO;2025;9;120;179;0,6703910614525139
HRAD;ALOJAMENTO CONJUNTO;2025;10;108;152;0,7105263157894737
HRAD;ALOJAMENTO CONJUNTO;2025;11;97;154;0,6298701298701299
HRAD;ALOJAMENTO CONJUNTO;2025;12;119;164;0,725609756097561
HRAD;ALOJAMENTO CONJUNTO;2026;1;123;159;0,7735849056603774
HRAD;ALOJAMENTO CONJUNTO;2026;2;130;159;0,8176100628930818
HRAD;ALOJAMENTO CONJUNTO;2026;3;122;169;0,7218934911242604
HRAD;ALOJAMENTO CONJUNTO;2026;4;117;159;0,7358490566037735
HRAD;ALOJAMENTO CONJUNTO;2026;5;144;192;0,75
HRAD;AMBULATORIO - RETORNOS;2019;7;0;2;0,0
HRAD;AMBULATORIO - RETORNOS;2019;9;0;1;0,0
HRAD;AMBULATORIO - RETORNOS;2020;11;0;1;0,0
HRAD;AMBULATORIO - RETORNOS;2021;5;0;1;0,0
HRAD;AMBULATORIO - RETORNOS;2021;6;0;1;0,0
HRAD;AMBULATORIO - RETORNOS;2021;7;0;1;0,0
HRAD;AMBULATORIO - RETORNOS;2021;10;0;2;0,0
HRAD;AMBULATORIO - RETORNOS;2022;3;0;1;0,0
HRAD;AMBULATORIO - RETORNOS;2022;5;0;1;0,0
HRAD;AMBULATORIO - RETORNOS;2022;10;0;2;0,0
HRAD;AMBULATORIO - RETORNOS;2023;2;0;1;0,0
HRAD;AMBULATORIO - RETORNOS;2023;4;0;1;0,0
HRAD;AMBULATORIO - RETORNOS;2023;9;0;1;0,0
HRAD;AMBULATORIO - RETORNOS;2024;5;0;2;0,0
HRAD;AMBULATORIO - RETORNOS;2024;6;0;1;0,0
HRAD;AMBULATORIO - RETORNOS;2024;9;0;1;0,0
HRAD;AMBULATORIO - RETORNOS;2025;1;0;1;0,0
HRAD;AMBULATORIO - RETORNOS;2025;2;0;1;0,0
HRAD;AMBULATORIO - RETORNOS;2025;3;0;1;0,0
HRAD;BLOCO OBSTÉTRICO;2019;1;0;3;0,0
HRAD;BLOCO OBSTÉTRICO;2019;2;0;1;0,0
HRAD;BLOCO OBSTÉTRICO;2019;3;0;7;0,0
HRAD;BLOCO OBSTÉTRICO;2019;4;0;3;0,0
HRAD;BLOCO OBSTÉTRICO;2019;6;0;4;0,0
HRAD;BLOCO OBSTÉTRICO;2019;7;0;1;0,0
HRAD;BLOCO OBSTÉTRICO;2019;8;0;2;0,0
HRAD;BLOCO OBSTÉTRICO;2019;11;0;2;0,0
HRAD;BLOCO OBSTÉTRICO;2020;2;1;1;1,0
HRAD;BLOCO OBSTÉTRICO;2020;3;0;1;0,0
HRAD;BLOCO OBSTÉTRICO;2020;5;1;2;0,5
HRAD;BLOCO OBSTÉTRICO;2020;7;0;1;0,0
HRAD;BLOCO OBSTÉTRICO;2020;9;2;5;0,4
HRAD;BLOCO OBSTÉTRICO;2020;10;2;4;0,5
HRAD;BLOCO OBSTÉTRICO;2020;11;2;2;1,0
HRAD;BLOCO OBSTÉTRICO;2020;12;1;1;1,0
HRAD;BLOCO OBSTÉTRICO;2021;1;0;2;0,0
HRAD;BLOCO OBSTÉTRICO;2021;2;0;2;0,0
HRAD;BLOCO OBSTÉTRICO;2021;3;1;3;0,3333333333333333
HRAD;BLOCO OBSTÉTRICO;2021;4;0;1;0,0
HRAD;BLOCO OBSTÉTRICO;2021;7;1;4;0,25
HRAD;BLOCO OBSTÉTRICO;2021;9;0;1;0,0
HRAD;BLOCO OBSTÉTRICO;2021;10;0;1;0,0
HRAD;BLOCO OBSTÉTRICO;2021;11;0;2;0,0
HRAD;BLOCO OBSTÉTRICO;2021;12;0;2;0,0
HRAD;BLOCO OBSTÉTRICO;2022;1;0;3;0,0
HRAD;BLOCO OBSTÉTRICO;2022;2;0;2;0,0
HRAD;BLOCO OBSTÉTRICO;2022;3;0;4;0,0
HRAD;BLOCO OBSTÉTRICO;2022;4;3;5;0,6
HRAD;BLOCO OBSTÉTRICO;2022;6;0;3;0,0
HRAD;BLOCO OBSTÉTRICO;2022;7;0;3;0,0
HRAD;BLOCO OBSTÉTRICO;2022;8;2;4;0,5
HRAD;BLOCO OBSTÉTRICO;2022;9;0;1;0,0
HRAD;BLOCO OBSTÉTRICO;2022;12;1;5;0,2
HRAD;BLOCO OBSTÉTRICO;2023;1;0;6;0,0
HRAD;BLOCO OBSTÉTRICO;2023;2;0;1;0,0
HRAD;BLOCO OBSTÉTRICO;2023;3;1;3;0,3333333333333333
HRAD;BLOCO OBSTÉTRICO;2023;4;0;3;0,0
HRAD;BLOCO OBSTÉTRICO;2023;5;1;7;0,14285714285714285
HRAD;BLOCO OBSTÉTRICO;2023;6;0;3;0,0
HRAD;BLOCO OBSTÉTRICO;2023;7;2;4;0,5
HRAD;BLOCO OBSTÉTRICO;2023;8;0;3;0,0
HRAD;BLOCO OBSTÉTRICO;2023;9;0;3;0,0
HRAD;BLOCO OBSTÉTRICO;2023;10;0;5;0,0
HRAD;BLOCO OBSTÉTRICO;2023;11;0;1;0,0
HRAD;BLOCO OBSTÉTRICO;2023;12;1;4;0,25
HRAD;BLOCO OBSTÉTRICO;2024;1;0;2;0,0
HRAD;BLOCO OBSTÉTRICO;2024;2;0;1;0,0
HRAD;BLOCO OBSTÉTRICO;2024;3;0;3;0,0
HRAD;BLOCO OBSTÉTRICO;2024;4;1;4;0,25
HRAD;BLOCO OBSTÉTRICO;2024;5;2;5;0,4
HRAD;BLOCO OBSTÉTRICO;2024;6;0;2;0,0
HRAD;BLOCO OBSTÉTRICO;2024;8;0;1;0,0
HRAD;BLOCO OBSTÉTRICO;2024;11;0;1;0,0
HRAD;BLOCO OBSTÉTRICO;2024;12;0;1;0,0
HRAD;BLOCO OBSTÉTRICO;2025;1;0;1;0,0
HRAD;BLOCO OBSTÉTRICO;2025;2;2;2;1,0
HRAD;BLOCO OBSTÉTRICO;2025;3;0;2;0,0
HRAD;BLOCO OBSTÉTRICO;2025;5;0;1;0,0
HRAD;BLOCO OBSTÉTRICO;2025;6;1;3;0,3333333333333333
HRAD;BLOCO OBSTÉTRICO;2025;7;0;3;0,0
HRAD;BLOCO OBSTÉTRICO;2025;8;0;1;0,0
HRAD;BLOCO OBSTÉTRICO;2025;11;0;1;0,0
HRAD;BLOCO OBSTÉTRICO;2026;3;0;1;0,0
HRAD;BLOCO OBSTÉTRICO;2026;4;1;3;0,3333333333333333
HRAD;BLOCO OBSTÉTRICO;2026;5;0;1;0,0
HRAD;OBSERVAÇÃO;2019;1;36;121;0,2975206611570248
HRAD;OBSERVAÇÃO;2019;2;33;109;0,30275229357798167
HRAD;OBSERVAÇÃO;2019;3;24;99;0,24242424242424243
HRAD;OBSERVAÇÃO;2019;4;37;122;0,30327868852459017
HRAD;OBSERVAÇÃO;2019;5;30;123;0,24390243902439024
HRAD;OBSERVAÇÃO;2019;6;25;93;0,26881720430107525
HRAD;OBSERVAÇÃO;2019;7;25;102;0,24509803921568626
HRAD;OBSERVAÇÃO;2019;8;43;101;0,42574257425742573
HRAD;OBSERVAÇÃO;2019;9;21;62;0,3387096774193548
HRAD;OBSERVAÇÃO;2019;10;30;102;0,29411764705882354
HRAD;OBSERVAÇÃO;2019;11;28;86;0,32558139534883723
HRAD;OBSERVAÇÃO;2019;12;42;99;0,42424242424242425
HRAD;OBSERVAÇÃO;2020;1;42;115;0,3652173913043478
HRAD;OBSERVAÇÃO;2020;2;57;127;0,44881889763779526
HRAD;OBSERVAÇÃO;2020;3;31;90;0,34444444444444444
HRAD;OBSERVAÇÃO;2020;4;28;99;0,2828282828282828
HRAD;OBSERVAÇÃO;2020;5;35;115;0,30434782608695654
HRAD;OBSERVAÇÃO;2020;6;44;96;0,4583333333333333
HRAD;OBSERVAÇÃO;2020;7;38;97;0,3917525773195876
HRAD;OBSERVAÇÃO;2020;8;45;114;0,39473684210526316
HRAD;OBSERVAÇÃO;2020;9;52;111;0,46846846846846846
HRAD;OBSERVAÇÃO;2020;10;45;116;0,3879310344827586
HRAD;OBSERVAÇÃO;2020;11;51;125;0,408
HRAD;OBSERVAÇÃO;2020;12;49;125;0,392
HRAD;OBSERVAÇÃO;2021;1;51;118;0,4322033898305085
HRAD;OBSERVAÇÃO;2021;2;49;100;0,49
HRAD;OBSERVAÇÃO;2021;3;39;94;0,4148936170212766
HRAD;OBSERVAÇÃO;2021;4;36;122;0,29508196721311475
HRAD;OBSERVAÇÃO;2021;5;34;118;0,288135593220339
HRAD;OBSERVAÇÃO;2021;6;42;121;0,34710743801652894
HRAD;OBSERVAÇÃO;2021;7;49;133;0,3684210526315789
HRAD;OBSERVAÇÃO;2021;8;54;122;0,4426229508196721
HRAD;OBSERVAÇÃO;2021;9;41;118;0,3474576271186441
HRAD;OBSERVAÇÃO;2021;10;59;125;0,472
HRAD;OBSERVAÇÃO;2021;11;56;136;0,4117647058823529
HRAD;OBSERVAÇÃO;2021;12;46;117;0,39316239316239315
HRAD;OBSERVAÇÃO;2022;1;17;76;0,2236842105263158
HRAD;OBSERVAÇÃO;2022;2;41;120;0,3416666666666667
HRAD;OBSERVAÇÃO;2022;3;47;148;0,31756756756756754
HRAD;OBSERVAÇÃO;2022;4;37;121;0,30578512396694213
HRAD;OBSERVAÇÃO;2022;5;46;137;0,3357664233576642
HRAD;OBSERVAÇÃO;2022;6;33;130;0,25384615384615383
HRAD;OBSERVAÇÃO;2022;7;34;122;0,2786885245901639
HRAD;OBSERVAÇÃO;2022;8;31;143;0,21678321678321677
HRAD;OBSERVAÇÃO;2022;9;40;121;0,3305785123966942
HRAD;OBSERVAÇÃO;2022;10;3;3;1,0
HRAD;UNIDADE DE DECISAO CLINICA;2022;9;2;4;0,5
HRAD;UNIDADE DE DECISAO CLINICA;2022;10;28;106;0,2641509433962264
HRAD;UNIDADE DE DECISAO CLINICA;2022;11;43;123;0,34959349593495936
HRAD;UNIDADE DE DECISAO CLINICA;2022;12;44;114;0,38596491228070173
HRAD;UNIDADE DE DECISAO CLINICA;2023;1;58;138;0,42028985507246375
HRAD;UNIDADE DE DECISAO CLINICA;2023;2;35;121;0,2892561983471074
HRAD;UNIDADE DE DECISAO CLINICA;2023;3;43;145;0,296551724137931
HRAD;UNIDADE DE DECISAO CLINICA;2023;4;55;162;0,3395061728395062
HRAD;UNIDADE DE DECISAO CLINICA;2023;5;48;139;0,34532374100719426
HRAD;UNIDADE DE DECISAO CLINICA;2023;6;54;150;0,36
HRAD;UNIDADE DE DECISAO CLINICA;2023;7;27;127;0,2125984251968504
HRAD;UNIDADE DE DECISAO CLINICA;2023;8;57;154;0,37012987012987014
HRAD;UNIDADE DE DECISAO CLINICA;2023;9;49;135;0,362962962962963
HRAD;UNIDADE DE DECISAO CLINICA;2023;10;55;145;0,3793103448275862
HRAD;UNIDADE DE DECISAO CLINICA;2023;11;55;133;0,41353383458646614
HRAD;UNIDADE DE DECISAO CLINICA;2023;12;56;139;0,4028776978417266
HRAD;UNIDADE DE DECISAO CLINICA;2024;1;64;144;0,4444444444444444
HRAD;UNIDADE DE DECISAO CLINICA;2024;2;50;111;0,45045045045045046
HRAD;UNIDADE DE DECISAO CLINICA;2024;3;54;139;0,38848920863309355
HRAD;UNIDADE DE DECISAO CLINICA;2024;4;47;131;0,35877862595419846
HRAD;UNIDADE DE DECISAO CLINICA;2024;5;52;149;0,348993288590604
HRAD;UNIDADE DE DECISAO CLINICA;2024;6;65;158;0,41139240506329117
HRAD;UNIDADE DE DECISAO CLINICA;2024;7;42;118;0,3559322033898305
HRAD;UNIDADE DE DECISAO CLINICA;2024;8;46;105;0,4380952380952381
HRAD;UNIDADE DE DECISAO CLINICA;2024;9;49;116;0,4224137931034483
HRAD;UNIDADE DE DECISAO CLINICA;2024;10;45;122;0,36885245901639346
HRAD;UNIDADE DE DECISAO CLINICA;2024;11;56;121;0,4628099173553719
HRAD;UNIDADE DE DECISAO CLINICA;2024;12;52;129;0,40310077519379844
HRAD;UNIDADE DE DECISAO CLINICA;2025;1;68;128;0,53125
HRAD;UNIDADE DE DECISAO CLINICA;2025;2;50;108;0,46296296296296297
HRAD;UNIDADE DE DECISAO CLINICA;2025;3;42;112;0,375
HRAD;UNIDADE DE DECISAO CLINICA;2025;4;48;98;0,4897959183673469
HRAD;UNIDADE DE DECISAO CLINICA;2025;5;54;111;0,4864864864864865
HRAD;UNIDADE DE DECISAO CLINICA;2025;6;73;142;0,5140845070422535
HRAD;UNIDADE DE DECISAO CLINICA;2025;7;67;123;0,5447154471544715
HRAD;UNIDADE DE DECISAO CLINICA;2025;8;55;127;0,4330708661417323
HRAD;UNIDADE DE DECISAO CLINICA;2025;9;62;119;0,5210084033613446
HRAD;UNIDADE DE DECISAO CLINICA;2025;10;67;134;0,5
HRAD;UNIDADE DE DECISAO CLINICA;2025;11;51;114;0,4473684210526316
HRAD;UNIDADE DE DECISAO CLINICA;2025;12;53;93;0,5698924731182796
HRAD;UNIDADE DE DECISAO CLINICA;2026;1;63;125;0,504
HRAD;UNIDADE DE DECISAO CLINICA;2026;2;38;81;0,4691358024691358
HRAD;UNIDADE DE DECISAO CLINICA;2026;3;64;116;0,5517241379310345
HRAD;UNIDADE DE DECISAO CLINICA;2026;4;56;110;0,509090909090909
HRAD;UNIDADE DE DECISAO CLINICA;2026;5;71;157;0,45222929936305734
HRAD;UNIDADE INTERNAÇÃO - CIRURGIA GERAL;2019;1;53;120;0,44166666666666665
HRAD;UNIDADE INTERNAÇÃO - CIRURGIA GERAL;2019;2;69;123;0,5609756097560976
HRAD;UNIDADE INTERNAÇÃO - CIRURGIA GERAL;2019;3;52;129;0,40310077519379844
HRAD;UNIDADE INTERNAÇÃO - CIRURGIA GERAL;2019;4;50;122;0,4098360655737705
HRAD;UNIDADE INTERNAÇÃO - CIRURGIA GERAL;2019;5;59;120;0,49166666666666664
HRAD;UNIDADE INTERNAÇÃO - CIRURGIA GERAL;2019;6;50;116;0,43103448275862066
HRAD;UNIDADE INTERNAÇÃO - CIRURGIA GERAL;2019;7;74;130;0,5692307692307692
HRAD;UNIDADE INTERNAÇÃO - CIRURGIA GERAL;2019;8;58;119;0,48739495798319327
HRAD;UNIDADE INTERNAÇÃO - CIRURGIA GERAL;2019;9;55;114;0,4824561403508772
HRAD;UNIDADE INTERNAÇÃO - CIRURGIA GERAL;2019;10;44;86;0,5116279069767442
HRAD;UNIDADE INTERNAÇÃO - CIRURGIA GERAL;2019;11;51;97;0,5257731958762887
HRAD;UNIDADE INTERNAÇÃO - CIRURGIA GERAL;2019;12;44;73;0,6027397260273972
HRAD;UNIDADE INTERNAÇÃO - CIRURGIA GERAL;2020;1;28;50;0,56
HRAD;UNIDADE INTERNAÇÃO - CIRURGIA GERAL;2020;2;37;56;0,6607142857142857
HRAD;UNIDADE INTERNAÇÃO - CIRURGIA GERAL;2020;3;37;92;0,40217391304347827
HRAD;UNIDADE INTERNAÇÃO - CIRURGIA GERAL;2020;4;48;80;0,6
HRAD;UNIDADE INTERNAÇÃO - CIRURGIA GERAL;2020;5;19;47;0,40425531914893614
HRAD;UNIDADE INTERNAÇÃO - CIRURGIA GERAL;2020;6;10;38;0,2631578947368421
HRAD;UNIDADE INTERNAÇÃO - CIRURGIA GERAL;2020;7;13;25;0,52
HRAD;UNIDADE INTERNAÇÃO - CIRURGIA GERAL;2020;8;15;35;0,42857142857142855
HRAD;UNIDADE INTERNAÇÃO - CIRURGIA GERAL;2020;9;17;25;0,68
HRAD;UNIDADE INTERNAÇÃO - CIRURGIA GERAL;2020;10;15;32;0,46875
HRAD;UNIDADE INTERNAÇÃO - CIRURGIA GERAL;2020;11;19;25;0,76
HRAD;UNIDADE INTERNAÇÃO - CIRURGIA GERAL;2020;12;9;28;0,32142857142857145
HRAD;UNIDADE INTERNAÇÃO - CIRURGIA GERAL;2021;1;7;24;0,2916666666666667
HRAD;UNIDADE INTERNAÇÃO - CIRURGIA GERAL;2021;2;12;28;0,42857142857142855
HRAD;UNIDADE INTERNAÇÃO - CIRURGIA GERAL;2021;3;16;40;0,4
HRAD;UNIDADE INTERNAÇÃO - CIRURGIA GERAL;2021;4;7;24;0,2916666666666667
HRAD;UNIDADE INTERNAÇÃO - CIRURGIA GERAL;2021;5;6;20;0,3
HRAD;UNIDADE INTERNAÇÃO - CIRURGIA GERAL;2021;6;13;32;0,40625
HRAD;UNIDADE INTERNAÇÃO - CIRURGIA GERAL;2021;7;11;32;0,34375
HRAD;UNIDADE INTERNAÇÃO - CIRURGIA GERAL;2021;8;17;35;0,4857142857142857
HRAD;UNIDADE INTERNAÇÃO - CIRURGIA GERAL;2021;9;16;37;0,43243243243243246
HRAD;UNIDADE INTERNAÇÃO - CIRURGIA GERAL;2021;10;8;19;0,42105263157894735
HRAD;UNIDADE INTERNAÇÃO - CIRURGIA GERAL;2021;11;43;68;0,6323529411764706
HRAD;UNIDADE INTERNAÇÃO - CIRURGIA GERAL;2021;12;44;86;0,5116279069767442
HRAD;UNIDADE INTERNAÇÃO - CIRURGIA GERAL;2022;1;42;89;0,47191011235955055
HRAD;UNIDADE INTERNAÇÃO - CIRURGIA GERAL;2022;2;32;94;0,3404255319148936
HRAD;UNIDADE INTERNAÇÃO - CIRURGIA GERAL;2022;3;19;69;0,2753623188405797
HRAD;UNIDADE INTERNAÇÃO - CIRURGIA GERAL;2022;4;36;95;0,37894736842105264
HRAD;UNIDADE INTERNAÇÃO - CIRURGIA GERAL;2022;5;20;85;0,23529411764705882
HRAD;UNIDADE INTERNAÇÃO - CIRURGIA GERAL;2022;6;17;86;0,19767441860465115
HRAD;UNIDADE INTERNAÇÃO - CIRURGIA GERAL;2022;7;18;63;0,2857142857142857
HRAD;UNIDADE INTERNAÇÃO - CIRURGIA GERAL;2022;8;23;79;0,2911392405063291
HRAD;UNIDADE INTERNAÇÃO - CIRURGIA GERAL;2022;9;21;61;0,3442622950819672
HRAD;UNIDADE INTERNAÇÃO - CIRURGIA GERAL;2022;10;0;1;0,0
HRAD;UNIDADE INTERNAÇÃO - CLINICA CIRURGICA;2022;9;4;9;0,4444444444444444
HRAD;UNIDADE INTERNAÇÃO - CLINICA CIRURGICA;2022;10;17;76;0,2236842105263158
HRAD;UNIDADE INTERNAÇÃO - CLINICA CIRURGICA;2022;11;25;81;0,30864197530864196
HRAD;UNIDADE INTERNAÇÃO - CLINICA CIRURGICA;2022;12;37;84;0,44047619047619047
HRAD;UNIDADE INTERNAÇÃO - CLINICA CIRURGICA;2023;1;24;78;0,3076923076923077
HRAD;UNIDADE INTERNAÇÃO - CLINICA CIRURGICA;2023;2;9;87;0,10344827586206896
HRAD;UNIDADE INTERNAÇÃO - CLINICA CIRURGICA;2023;3;31;98;0,3163265306122449
HRAD;UNIDADE INTERNAÇÃO - CLINICA CIRURGICA;2023;4;30;99;0,30303030303030304
HRAD;UNIDADE INTERNAÇÃO - CLINICA CIRURGICA;2023;5;56;112;0,5
HRAD;UNIDADE INTERNAÇÃO - CLINICA CIRURGICA;2023;6;37;103;0,3592233009708738
HRAD;UNIDADE INTERNAÇÃO - CLINICA CIRURGICA;2023;7;30;98;0,30612244897959184
HRAD;UNIDADE INTERNAÇÃO - CLINICA CIRURGICA;2023;8;23;86;0,26744186046511625
HRAD;UNIDADE INTERNAÇÃO - CLINICA CIRURGICA;2023;9;39;114;0,34210526315789475
HRAD;UNIDADE INTERNAÇÃO - CLINICA CIRURGICA;2023;10;39;90;0,43333333333333335
HRAD;UNIDADE INTERNAÇÃO - CLINICA CIRURGICA;2023;11;49;103;0,47572815533980584
HRAD;UNIDADE INTERNAÇÃO - CLINICA CIRURGICA;2023;12;45;118;0,3813559322033898
HRAD;UNIDADE INTERNAÇÃO - CLINICA CIRURGICA;2024;1;57;101;0,5643564356435643
HRAD;UNIDADE INTERNAÇÃO - CLINICA CIRURGICA;2024;2;44;103;0,42718446601941745
HRAD;UNIDADE INTERNAÇÃO - CLINICA CIRURGICA;2024;3;49;98;0,5
HRAD;UNIDADE INTERNAÇÃO - CLINICA CIRURGICA;2024;4;32;105;0,3047619047619048
HRAD;UNIDADE INTERNAÇÃO - CLINICA CIRURGICA;2024;5;36;89;0,4044943820224719
HRAD;UNIDADE INTERNAÇÃO - CLINICA CIRURGICA;2024;6;38;76;0,5
HRAD;UNIDADE INTERNAÇÃO - CLINICA CIRURGICA;2024;7;41;98;0,41836734693877553
HRAD;UNIDADE INTERNAÇÃO - CLINICA CIRURGICA;2024;8;67;118;0,5677966101694916
HRAD;UNIDADE INTERNAÇÃO - CLINICA CIRURGICA;2024;9;52;108;0,48148148148148145
HRAD;UNIDADE INTERNAÇÃO - CLINICA CIRURGICA;2024;10;59;118;0,5
HRAD;UNIDADE INTERNAÇÃO - CLINICA CIRURGICA;2024;11;49;96;0,5104166666666666
HRAD;UNIDADE INTERNAÇÃO - CLINICA CIRURGICA;2024;12;60;105;0,5714285714285714
HRAD;UNIDADE INTERNAÇÃO - CLINICA CIRURGICA;2025;1;47;113;0,415929203539823
HRAD;UNIDADE INTERNAÇÃO - CLINICA CIRURGICA;2025;2;38;93;0,40860215053763443
HRAD;UNIDADE INTERNAÇÃO - CLINICA CIRURGICA;2025;3;50;115;0,43478260869565216
HRAD;UNIDADE INTERNAÇÃO - CLINICA CIRURGICA;2025;4;49;128;0,3828125
HRAD;UNIDADE INTERNAÇÃO - CLINICA CIRURGICA;2025;5;50;110;0,45454545454545453
HRAD;UNIDADE INTERNAÇÃO - CLINICA CIRURGICA;2025;6;30;97;0,30927835051546393
HRAD;UNIDADE INTERNAÇÃO - CLINICA CIRURGICA;2025;7;45;125;0,36
HRAD;UNIDADE INTERNAÇÃO - CLINICA CIRURGICA;2025;8;41;103;0,39805825242718446
HRAD;UNIDADE INTERNAÇÃO - CLINICA CIRURGICA;2025;9;39;113;0,34513274336283184
HRAD;UNIDADE INTERNAÇÃO - CLINICA CIRURGICA;2025;10;77;127;0,6062992125984252
HRAD;UNIDADE INTERNAÇÃO - CLINICA CIRURGICA;2025;11;69;123;0,5609756097560976
HRAD;UNIDADE INTERNAÇÃO - CLINICA CIRURGICA;2025;12;35;114;0,30701754385964913
HRAD;UNIDADE INTERNAÇÃO - CLINICA CIRURGICA;2026;1;26;119;0,2184873949579832
HRAD;UNIDADE INTERNAÇÃO - CLINICA CIRURGICA;2026;2;38;110;0,34545454545454546
HRAD;UNIDADE INTERNAÇÃO - CLINICA CIRURGICA;2026;3;31;114;0,2719298245614035
HRAD;UNIDADE INTERNAÇÃO - CLINICA CIRURGICA;2026;4;70;130;0,5384615384615384
HRAD;UNIDADE INTERNAÇÃO - CLINICA CIRURGICA;2026;5;51;113;0,45132743362831856
HRAD;UNIDADE INTERNAÇÃO - CLINICA MÉDICA;2019;1;39;59;0,6610169491525424
HRAD;UNIDADE INTERNAÇÃO - CLINICA MÉDICA;2019;2;48;75;0,64
HRAD;UNIDADE INTERNAÇÃO - CLINICA MÉDICA;2019;3;44;75;0,5866666666666667
HRAD;UNIDADE INTERNAÇÃO - CLINICA MÉDICA;2019;4;51;66;0,7727272727272727
HRAD;UNIDADE INTERNAÇÃO - CLINICA MÉDICA;2019;5;52;72;0,7222222222222222
HRAD;UNIDADE INTERNAÇÃO - CLINICA MÉDICA;2019;6;38;61;0,6229508196721312
HRAD;UNIDADE INTERNAÇÃO - CLINICA MÉDICA;2019;7;45;71;0,6338028169014085
HRAD;UNIDADE INTERNAÇÃO - CLINICA MÉDICA;2019;8;41;67;0,6119402985074627
HRAD;UNIDADE INTERNAÇÃO - CLINICA MÉDICA;2019;9;44;63;0,6984126984126984
HRAD;UNIDADE INTERNAÇÃO - CLINICA MÉDICA;2019;10;37;48;0,7708333333333334
HRAD;UNIDADE INTERNAÇÃO - CLINICA MÉDICA;2019;11;45;61;0,7377049180327869
HRAD;UNIDADE INTERNAÇÃO - CLINICA MÉDICA;2019;12;35;53;0,660377358490566
HRAD;UNIDADE INTERNAÇÃO - CLINICA MÉDICA;2020;1;39;59;0,6610169491525424
HRAD;UNIDADE INTERNAÇÃO - CLINICA MÉDICA;2020;2;38;74;0,5135135135135135
HRAD;UNIDADE INTERNAÇÃO - CLINICA MÉDICA;2020;3;28;58;0,4827586206896552
HRAD;UNIDADE INTERNAÇÃO - CLINICA MÉDICA;2020;4;4;7;0,5714285714285714
HRAD;UNIDADE INTERNAÇÃO - CLINICA MÉDICA;2020;5;36;64;0,5625
HRAD;UNIDADE INTERNAÇÃO - CLINICA MÉDICA;2020;6;38;60;0,6333333333333333
HRAD;UNIDADE INTERNAÇÃO - CLINICA MÉDICA;2020;7;38;63;0,6031746031746031
HRAD;UNIDADE INTERNAÇÃO - CLINICA MÉDICA;2020;8;32;62;0,5161290322580645
HRAD;UNIDADE INTERNAÇÃO - CLINICA MÉDICA;2020;9;47;67;0,7014925373134329
HRAD;UNIDADE INTERNAÇÃO - CLINICA MÉDICA;2020;10;54;70;0,7714285714285715
HRAD;UNIDADE INTERNAÇÃO - CLINICA MÉDICA;2020;11;44;64;0,6875
HRAD;UNIDADE INTERNAÇÃO - CLINICA MÉDICA;2020;12;27;48;0,5625
HRAD;UNIDADE INTERNAÇÃO - CLINICA MÉDICA;2021;1;38;74;0,5135135135135135
HRAD;UNIDADE INTERNAÇÃO - CLINICA MÉDICA;2021;2;35;57;0,6140350877192983
HRAD;UNIDADE INTERNAÇÃO - CLINICA MÉDICA;2021;3;34;60;0,5666666666666667
HRAD;UNIDADE INTERNAÇÃO - CLINICA MÉDICA;2021;4;29;53;0,5471698113207547
HRAD;UNIDADE INTERNAÇÃO - CLINICA MÉDICA;2021;5;20;40;0,5
HRAD;UNIDADE INTERNAÇÃO - CLINICA MÉDICA;2021;6;29;41;0,7073170731707317
HRAD;UNIDADE INTERNAÇÃO - CLINICA MÉDICA;2021;7;32;60;0,5333333333333333
HRAD;UNIDADE INTERNAÇÃO - CLINICA MÉDICA;2021;8;34;54;0,6296296296296297
HRAD;UNIDADE INTERNAÇÃO - CLINICA MÉDICA;2021;9;32;61;0,5245901639344263
HRAD;UNIDADE INTERNAÇÃO - CLINICA MÉDICA;2021;10;38;48;0,7916666666666666
HRAD;UNIDADE INTERNAÇÃO - CLINICA MÉDICA;2021;11;23;43;0,5348837209302325
HRAD;UNIDADE INTERNAÇÃO - CLINICA MÉDICA;2021;12;29;37;0,7837837837837838
HRAD;UNIDADE INTERNAÇÃO - CLINICA MÉDICA;2022;1;21;47;0,44680851063829785
HRAD;UNIDADE INTERNAÇÃO - CLINICA MÉDICA;2022;2;38;67;0,5671641791044776
HRAD;UNIDADE INTERNAÇÃO - CLINICA MÉDICA;2022;3;36;54;0,6666666666666666
HRAD;UNIDADE INTERNAÇÃO - CLINICA MÉDICA;2022;4;28;53;0,5283018867924528
HRAD;UNIDADE INTERNAÇÃO - CLINICA MÉDICA;2022;5;27;47;0,574468085106383
HRAD;UNIDADE INTERNAÇÃO - CLINICA MÉDICA;2022;6;18;42;0,42857142857142855
HRAD;UNIDADE INTERNAÇÃO - CLINICA MÉDICA;2022;7;21;43;0,4883720930232558
HRAD;UNIDADE INTERNAÇÃO - CLINICA MÉDICA;2022;8;12;26;0,46153846153846156
HRAD;UNIDADE INTERNAÇÃO - CLINICA MÉDICA;2022;9;23;56;0,4107142857142857
HRAD;UNIDADE INTERNAÇÃO - CLINICA MÉDICA;2022;10;23;41;0,5609756097560976
HRAD;UNIDADE INTERNAÇÃO - CLINICA MÉDICA;2022;11;28;42;0,6666666666666666
HRAD;UNIDADE INTERNAÇÃO - CLINICA MÉDICA;2022;12;30;57;0,5263157894736842
HRAD;UNIDADE INTERNAÇÃO - CLINICA MÉDICA;2023;1;38;62;0,6129032258064516
HRAD;UNIDADE INTERNAÇÃO - CLINICA MÉDICA;2023;2;26;51;0,5098039215686274
HRAD;UNIDADE INTERNAÇÃO - CLINICA MÉDICA;2023;3;24;46;0,5217391304347826
HRAD;UNIDADE INTERNAÇÃO - CLINICA MÉDICA;2023;4;29;45;0,6444444444444445
HRAD;UNIDADE INTERNAÇÃO - CLINICA MÉDICA;2023;5;30;50;0,6
HRAD;UNIDADE INTERNAÇÃO - CLINICA MÉDICA;2023;6;31;51;0,6078431372549019
HRAD;UNIDADE INTERNAÇÃO - CLINICA MÉDICA;2023;7;38;56;0,6785714285714286
HRAD;UNIDADE INTERNAÇÃO - CLINICA MÉDICA;2023;8;34;51;0,6666666666666666
HRAD;UNIDADE INTERNAÇÃO - CLINICA MÉDICA;2023;9;38;58;0,6551724137931034
HRAD;UNIDADE INTERNAÇÃO - CLINICA MÉDICA;2023;10;44;53;0,8301886792452831
HRAD;UNIDADE INTERNAÇÃO - CLINICA MÉDICA;2023;11;40;55;0,7272727272727273
HRAD;UNIDADE INTERNAÇÃO - CLINICA MÉDICA;2023;12;43;61;0,7049180327868853
HRAD;UNIDADE INTERNAÇÃO - CLINICA MÉDICA;2024;1;55;78;0,7051282051282052
HRAD;UNIDADE INTERNAÇÃO - CLINICA MÉDICA;2024;2;29;42;0,6904761904761905
HRAD;UNIDADE INTERNAÇÃO - CLINICA MÉDICA;2024;3;47;60;0,7833333333333333
HRAD;UNIDADE INTERNAÇÃO - CLINICA MÉDICA;2024;4;51;66;0,7727272727272727
HRAD;UNIDADE INTERNAÇÃO - CLINICA MÉDICA;2024;5;41;57;0,7192982456140351
HRAD;UNIDADE INTERNAÇÃO - CLINICA MÉDICA;2024;6;37;64;0,578125
HRAD;UNIDADE INTERNAÇÃO - CLINICA MÉDICA;2024;7;49;76;0,6447368421052632
HRAD;UNIDADE INTERNAÇÃO - CLINICA MÉDICA;2024;8;63;89;0,7078651685393258
HRAD;UNIDADE INTERNAÇÃO - CLINICA MÉDICA;2024;9;62;85;0,7294117647058823
HRAD;UNIDADE INTERNAÇÃO - CLINICA MÉDICA;2024;10;71;97;0,7319587628865979
HRAD;UNIDADE INTERNAÇÃO - CLINICA MÉDICA;2024;11;57;91;0,6263736263736264
HRAD;UNIDADE INTERNAÇÃO - CLINICA MÉDICA;2024;12;56;81;0,691358024691358
HRAD;UNIDADE INTERNAÇÃO - CLINICA MÉDICA;2025;1;44;78;0,5641025641025641
HRAD;UNIDADE INTERNAÇÃO - CLINICA MÉDICA;2025;2;33;60;0,55
HRAD;UNIDADE INTERNAÇÃO - CLINICA MÉDICA;2025;3;26;89;0,29213483146067415
HRAD;UNIDADE INTERNAÇÃO - CLINICA MÉDICA;2025;4;31;93;0,3333333333333333
HRAD;UNIDADE INTERNAÇÃO - CLINICA MÉDICA;2025;5;47;109;0,43119266055045874
HRAD;UNIDADE INTERNAÇÃO - CLINICA MÉDICA;2025;6;44;84;0,5238095238095238
HRAD;UNIDADE INTERNAÇÃO - CLINICA MÉDICA;2025;7;46;81;0,5679012345679012
HRAD;UNIDADE INTERNAÇÃO - CLINICA MÉDICA;2025;8;50;87;0,5747126436781609
HRAD;UNIDADE INTERNAÇÃO - CLINICA MÉDICA;2025;9;56;106;0,5283018867924528
HRAD;UNIDADE INTERNAÇÃO - CLINICA MÉDICA;2025;10;58;115;0,5043478260869565
HRAD;UNIDADE INTERNAÇÃO - CLINICA MÉDICA;2025;11;61;108;0,5648148148148148
HRAD;UNIDADE INTERNAÇÃO - CLINICA MÉDICA;2025;12;62;119;0,5210084033613446
HRAD;UNIDADE INTERNAÇÃO - CLINICA MÉDICA;2026;1;68;112;0,6071428571428571
HRAD;UNIDADE INTERNAÇÃO - CLINICA MÉDICA;2026;2;45;89;0,5056179775280899
HRAD;UNIDADE INTERNAÇÃO - CLINICA MÉDICA;2026;3;46;94;0,48936170212765956
HRAD;UNIDADE INTERNAÇÃO - CLINICA MÉDICA;2026;4;35;96;0,3645833333333333
HRAD;UNIDADE INTERNAÇÃO - CLINICA MÉDICA;2026;5;39;85;0,4588235294117647
HRAD;UNIDADE INTERNAÇÃO - CLINICA ORTOPÉDICA;2019;1;56;86;0,6511627906976745
HRAD;UNIDADE INTERNAÇÃO - CLINICA ORTOPÉDICA;2019;2;40;79;0,5063291139240507
HRAD;UNIDADE INTERNAÇÃO - CLINICA ORTOPÉDICA;2019;3;34;112;0,30357142857142855
HRAD;UNIDADE INTERNAÇÃO - CLINICA ORTOPÉDICA;2019;4;26;72;0,3611111111111111
HRAD;UNIDADE INTERNAÇÃO - CLINICA ORTOPÉDICA;2019;5;41;84;0,4880952380952381
HRAD;UNIDADE INTERNAÇÃO - CLINICA ORTOPÉDICA;2019;6;39;91;0,42857142857142855
HRAD;UNIDADE INTERNAÇÃO - CLINICA ORTOPÉDICA;2019;7;31;83;0,37349397590361444
HRAD;UNIDADE INTERNAÇÃO - CLINICA ORTOPÉDICA;2019;8;48;96;0,5
HRAD;UNIDADE INTERNAÇÃO - CLINICA ORTOPÉDICA;2019;9;61;111;0,5495495495495496
HRAD;UNIDADE INTERNAÇÃO - CLINICA ORTOPÉDICA;2019;10;63;106;0,5943396226415094
HRAD;UNIDADE INTERNAÇÃO - CLINICA ORTOPÉDICA;2019;11;35;90;0,3888888888888889
HRAD;UNIDADE INTERNAÇÃO - CLINICA ORTOPÉDICA;2019;12;19;109;0,1743119266055046
HRAD;UNIDADE INTERNAÇÃO - CLINICA ORTOPÉDICA;2020;1;12;102;0,11764705882352941
HRAD;UNIDADE INTERNAÇÃO - CLINICA ORTOPÉDICA;2020;2;17;95;0,17894736842105263
HRAD;UNIDADE INTERNAÇÃO - CLINICA ORTOPÉDICA;2020;3;48;120;0,4
HRAD;UNIDADE INTERNAÇÃO - CLINICA ORTOPÉDICA;2020;4;72;121;0,5950413223140496
HRAD;UNIDADE INTERNAÇÃO - CLINICA ORTOPÉDICA;2020;5;63;117;0,5384615384615384
HRAD;UNIDADE INTERNAÇÃO - CLINICA ORTOPÉDICA;2020;6;74;124;0,5967741935483871
HRAD;UNIDADE INTERNAÇÃO - CLINICA ORTOPÉDICA;2020;7;76;110;0,6909090909090909
HRAD;UNIDADE INTERNAÇÃO - CLINICA ORTOPÉDICA;2020;8;74;117;0,6324786324786325
HRAD;UNIDADE INTERNAÇÃO - CLINICA ORTOPÉDICA;2020;9;83;121;0,6859504132231405
HRAD;UNIDADE INTERNAÇÃO - CLINICA ORTOPÉDICA;2020;10;59;99;0,5959595959595959
HRAD;UNIDADE INTERNAÇÃO - CLINICA ORTOPÉDICA;2020;11;52;83;0,6265060240963856
HRAD;UNIDADE INTERNAÇÃO - CLINICA ORTOPÉDICA;2020;12;88;106;0,8301886792452831
HRAD;UNIDADE INTERNAÇÃO - CLINICA ORTOPÉDICA;2021;1;45;84;0,5357142857142857
HRAD;UNIDADE INTERNAÇÃO - CLINICA ORTOPÉDICA;2021;2;48;72;0,6666666666666666
HRAD;UNIDADE INTERNAÇÃO - CLINICA ORTOPÉDICA;2021;3;23;92;0,25
HRAD;UNIDADE INTERNAÇÃO - CLINICA ORTOPÉDICA;2021;4;47;121;0,3884297520661157
HRAD;UNIDADE INTERNAÇÃO - CLINICA ORTOPÉDICA;2021;5;38;110;0,34545454545454546
HRAD;UNIDADE INTERNAÇÃO - CLINICA ORTOPÉDICA;2021;6;58;102;0,5686274509803921
HRAD;UNIDADE INTERNAÇÃO - CLINICA ORTOPÉDICA;2021;7;62;105;0,5904761904761905
HRAD;UNIDADE INTERNAÇÃO - CLINICA ORTOPÉDICA;2021;8;56;116;0,4827586206896552
HRAD;UNIDADE INTERNAÇÃO - CLINICA ORTOPÉDICA;2021;9;71;115;0,6173913043478261
HRAD;UNIDADE INTERNAÇÃO - CLINICA ORTOPÉDICA;2021;10;28;91;0,3076923076923077
HRAD;UNIDADE INTERNAÇÃO - CLINICA ORTOPÉDICA;2021;11;28;87;0,3218390804597701
HRAD;UNIDADE INTERNAÇÃO - CLINICA ORTOPÉDICA;2021;12;36;104;0,34615384615384615
HRAD;UNIDADE INTERNAÇÃO - CLINICA ORTOPÉDICA;2022;1;36;77;0,4675324675324675
HRAD;UNIDADE INTERNAÇÃO - CLINICA ORTOPÉDICA;2022;2;17;75;0,22666666666666666
HRAD;UNIDADE INTERNAÇÃO - CLINICA ORTOPÉDICA;2022;3;10;82;0,12195121951219512
HRAD;UNIDADE INTERNAÇÃO - CLINICA ORTOPÉDICA;2022;4;11;103;0,10679611650485436
HRAD;UNIDADE INTERNAÇÃO - CLINICA ORTOPÉDICA;2022;5;43;117;0,36752136752136755
HRAD;UNIDADE INTERNAÇÃO - CLINICA ORTOPÉDICA;2022;6;46;132;0,3484848484848485
HRAD;UNIDADE INTERNAÇÃO - CLINICA ORTOPÉDICA;2022;7;25;91;0,27472527472527475
HRAD;UNIDADE INTERNAÇÃO - CLINICA ORTOPÉDICA;2022;8;31;104;0,2980769230769231
HRAD;UNIDADE INTERNAÇÃO - CLINICA ORTOPÉDICA;2022;9;22;79;0,27848101265822783
HRAD;UNIDADE INTERNAÇÃO - CLINICA ORTOPÉDICA;2022;10;29;101;0,2871287128712871
HRAD;UNIDADE INTERNAÇÃO - CLINICA ORTOPÉDICA;2022;11;25;95;0,2631578947368421
HRAD;UNIDADE INTERNAÇÃO - CLINICA ORTOPÉDICA;2022;12;35;101;0,3465346534653465
HRAD;UNIDADE INTERNAÇÃO - CLINICA ORTOPÉDICA;2023;1;42;113;0,37168141592920356
HRAD;UNIDADE INTERNAÇÃO - CLINICA ORTOPÉDICA;2023;2;29;84;0,34523809523809523
HRAD;UNIDADE INTERNAÇÃO - CLINICA ORTOPÉDICA;2023;3;49;129;0,3798449612403101
HRAD;UNIDADE INTERNAÇÃO - CLINICA ORTOPÉDICA;2023;4;51;92;0,5543478260869565
HRAD;UNIDADE INTERNAÇÃO - CLINICA ORTOPÉDICA;2023;5;66;114;0,5789473684210527
HRAD;UNIDADE INTERNAÇÃO - CLINICA ORTOPÉDICA;2023;6;65;105;0,6190476190476191
HRAD;UNIDADE INTERNAÇÃO - CLINICA ORTOPÉDICA;2023;7;25;90;0,2777777777777778
HRAD;UNIDADE INTERNAÇÃO - CLINICA ORTOPÉDICA;2023;8;57;109;0,5229357798165137
HRAD;UNIDADE INTERNAÇÃO - CLINICA ORTOPÉDICA;2023;9;69;117;0,5897435897435898
HRAD;UNIDADE INTERNAÇÃO - CLINICA ORTOPÉDICA;2023;10;62;118;0,5254237288135594
HRAD;UNIDADE INTERNAÇÃO - CLINICA ORTOPÉDICA;2023;11;89;128;0,6953125
HRAD;UNIDADE INTERNAÇÃO - CLINICA ORTOPÉDICA;2023;12;83;129;0,6434108527131783
HRAD;UNIDADE INTERNAÇÃO - CLINICA ORTOPÉDICA;2024;1;44;99;0,4444444444444444
HRAD;UNIDADE INTERNAÇÃO - CLINICA ORTOPÉDICA;2024;2;45;114;0,39473684210526316
HRAD;UNIDADE INTERNAÇÃO - CLINICA ORTOPÉDICA;2024;3;81;137;0,5912408759124088
HRAD;UNIDADE INTERNAÇÃO - CLINICA ORTOPÉDICA;2024;4;57;104;0,5480769230769231
HRAD;UNIDADE INTERNAÇÃO - CLINICA ORTOPÉDICA;2024;5;63;115;0,5478260869565217
HRAD;UNIDADE INTERNAÇÃO - CLINICA ORTOPÉDICA;2024;6;65;113;0,5752212389380531
HRAD;UNIDADE INTERNAÇÃO - CLINICA ORTOPÉDICA;2024;7;57;142;0,4014084507042254
HRAD;UNIDADE INTERNAÇÃO - CLINICA ORTOPÉDICA;2024;8;122;153;0,7973856209150327
HRAD;UNIDADE INTERNAÇÃO - CLINICA ORTOPÉDICA;2024;9;104;133;0,7819548872180451
HRAD;UNIDADE INTERNAÇÃO - CLINICA ORTOPÉDICA;2024;10;90;143;0,6293706293706294
HRAD;UNIDADE INTERNAÇÃO - CLINICA ORTOPÉDICA;2024;11;92;139;0,6618705035971223
HRAD;UNIDADE INTERNAÇÃO - CLINICA ORTOPÉDICA;2024;12;97;135;0,7185185185185186
HRAD;UNIDADE INTERNAÇÃO - CLINICA ORTOPÉDICA;2025;1;85;137;0,6204379562043796
HRAD;UNIDADE INTERNAÇÃO - CLINICA ORTOPÉDICA;2025;2;42;125;0,336
HRAD;UNIDADE INTERNAÇÃO - CLINICA ORTOPÉDICA;2025;3;80;132;0,6060606060606061
HRAD;UNIDADE INTERNAÇÃO - CLINICA ORTOPÉDICA;2025;4;77;118;0,652542372881356
HRAD;UNIDADE INTERNAÇÃO - CLINICA ORTOPÉDICA;2025;5;52;89;0,5842696629213483
HRAD;UNIDADE INTERNAÇÃO - CLINICA ORTOPÉDICA;2025;6;67;113;0,5929203539823009
HRAD;UNIDADE INTERNAÇÃO - CLINICA ORTOPÉDICA;2025;7;66;109;0,6055045871559633
HRAD;UNIDADE INTERNAÇÃO - CLINICA ORTOPÉDICA;2025;8;49;97;0,5051546391752577
HRAD;UNIDADE INTERNAÇÃO - CLINICA ORTOPÉDICA;2025;9;109;139;0,7841726618705036
HRAD;UNIDADE INTERNAÇÃO - CLINICA ORTOPÉDICA;2025;10;80;95;0,8421052631578947
HRAD;UNIDADE INTERNAÇÃO - CLINICA ORTOPÉDICA;2025;11;107;125;0,856
HRAD;UNIDADE INTERNAÇÃO - CLINICA ORTOPÉDICA;2025;12;117;142;0,823943661971831
HRAD;UNIDADE INTERNAÇÃO - CLINICA ORTOPÉDICA;2026;1;121;145;0,8344827586206897
HRAD;UNIDADE INTERNAÇÃO - CLINICA ORTOPÉDICA;2026;2;77;108;0,7129629629629629
HRAD;UNIDADE INTERNAÇÃO - CLINICA ORTOPÉDICA;2026;3;88;141;0,624113475177305
HRAD;UNIDADE INTERNAÇÃO - CLINICA ORTOPÉDICA;2026;4;83;124;0,6693548387096774
HRAD;UNIDADE INTERNAÇÃO - CLINICA ORTOPÉDICA;2026;5;37;65;0,5692307692307692
HRAD;UNIDADE INTERNAÇÃO - CLINICA PEDIÁTRICA;2019;1;24;45;0,5333333333333333
HRAD;UNIDADE INTERNAÇÃO - CLINICA PEDIÁTRICA;2019;2;34;46;0,7391304347826086
HRAD;UNIDADE INTERNAÇÃO - CLINICA PEDIÁTRICA;2019;3;38;50;0,76
HRAD;UNIDADE INTERNAÇÃO - CLINICA PEDIÁTRICA;2019;4;33;41;0,8048780487804879
HRAD;UNIDADE INTERNAÇÃO - CLINICA PEDIÁTRICA;2019;5;33;47;0,7021276595744681
HRAD;UNIDADE INTERNAÇÃO - CLINICA PEDIÁTRICA;2019;6;33;47;0,7021276595744681
HRAD;UNIDADE INTERNAÇÃO - CLINICA PEDIÁTRICA;2019;7;26;45;0,5777777777777777
HRAD;UNIDADE INTERNAÇÃO - CLINICA PEDIÁTRICA;2019;8;32;46;0,6956521739130435
HRAD;UNIDADE INTERNAÇÃO - CLINICA PEDIÁTRICA;2019;9;28;37;0,7567567567567568
HRAD;UNIDADE INTERNAÇÃO - CLINICA PEDIÁTRICA;2019;10;27;41;0,6585365853658537
HRAD;UNIDADE INTERNAÇÃO - CLINICA PEDIÁTRICA;2019;11;34;48;0,7083333333333334
HRAD;UNIDADE INTERNAÇÃO - CLINICA PEDIÁTRICA;2019;12;35;46;0,7608695652173914
HRAD;UNIDADE INTERNAÇÃO - CLINICA PEDIÁTRICA;2020;1;25;48;0,5208333333333334
HRAD;UNIDADE INTERNAÇÃO - CLINICA PEDIÁTRICA;2020;2;22;32;0,6875
HRAD;UNIDADE INTERNAÇÃO - CLINICA PEDIÁTRICA;2020;3;31;42;0,7380952380952381
HRAD;UNIDADE INTERNAÇÃO - CLINICA PEDIÁTRICA;2020;4;28;46;0,6086956521739131
HRAD;UNIDADE INTERNAÇÃO - CLINICA PEDIÁTRICA;2020;5;21;40;0,525
HRAD;UNIDADE INTERNAÇÃO - CLINICA PEDIÁTRICA;2020;6;21;33;0,6363636363636364
HRAD;UNIDADE INTERNAÇÃO - CLINICA PEDIÁTRICA;2020;7;22;31;0,7096774193548387
HRAD;UNIDADE INTERNAÇÃO - CLINICA PEDIÁTRICA;2020;8;30;41;0,7317073170731707
HRAD;UNIDADE INTERNAÇÃO - CLINICA PEDIÁTRICA;2020;9;31;39;0,7948717948717948
HRAD;UNIDADE INTERNAÇÃO - CLINICA PEDIÁTRICA;2020;10;28;41;0,6829268292682927
HRAD;UNIDADE INTERNAÇÃO - CLINICA PEDIÁTRICA;2020;11;35;51;0,6862745098039216
HRAD;UNIDADE INTERNAÇÃO - CLINICA PEDIÁTRICA;2020;12;20;46;0,43478260869565216
HRAD;UNIDADE INTERNAÇÃO - CLINICA PEDIÁTRICA;2021;1;32;50;0,64
HRAD;UNIDADE INTERNAÇÃO - CLINICA PEDIÁTRICA;2021;2;36;47;0,7659574468085106
HRAD;UNIDADE INTERNAÇÃO - CLINICA PEDIÁTRICA;2021;3;22;29;0,7586206896551724
HRAD;UNIDADE INTERNAÇÃO - CLINICA PEDIÁTRICA;2021;4;42;48;0,875
HRAD;UNIDADE INTERNAÇÃO - CLINICA PEDIÁTRICA;2021;5;41;45;0,9111111111111111
HRAD;UNIDADE INTERNAÇÃO - CLINICA PEDIÁTRICA;2021;6;37;40;0,925
HRAD;UNIDADE INTERNAÇÃO - CLINICA PEDIÁTRICA;2021;7;39;45;0,8666666666666667
HRAD;UNIDADE INTERNAÇÃO - CLINICA PEDIÁTRICA;2021;8;43;51;0,8431372549019608
HRAD;UNIDADE INTERNAÇÃO - CLINICA PEDIÁTRICA;2021;9;44;49;0,8979591836734694
HRAD;UNIDADE INTERNAÇÃO - CLINICA PEDIÁTRICA;2021;10;42;52;0,8076923076923077
HRAD;UNIDADE INTERNAÇÃO - CLINICA PEDIÁTRICA;2021;11;39;54;0,7222222222222222
HRAD;UNIDADE INTERNAÇÃO - CLINICA PEDIÁTRICA;2021;12;29;52;0,5576923076923077
HRAD;UNIDADE INTERNAÇÃO - CLINICA PEDIÁTRICA;2022;1;19;40;0,475
HRAD;UNIDADE INTERNAÇÃO - CLINICA PEDIÁTRICA;2022;2;28;33;0,8484848484848485
HRAD;UNIDADE INTERNAÇÃO - CLINICA PEDIÁTRICA;2022;3;43;56;0,7678571428571429
HRAD;UNIDADE INTERNAÇÃO - CLINICA PEDIÁTRICA;2022;4;38;47;0,8085106382978723
HRAD;UNIDADE INTERNAÇÃO - CLINICA PEDIÁTRICA;2022;5;30;45;0,6666666666666666
HRAD;UNIDADE INTERNAÇÃO - CLINICA PEDIÁTRICA;2022;6;32;44;0,7272727272727273
HRAD;UNIDADE INTERNAÇÃO - CLINICA PEDIÁTRICA;2022;7;26;53;0,49056603773584906
HRAD;UNIDADE INTERNAÇÃO - CLINICA PEDIÁTRICA;2022;8;33;50;0,66
HRAD;UNIDADE INTERNAÇÃO - CLINICA PEDIÁTRICA;2022;9;32;41;0,7804878048780488
HRAD;UNIDADE INTERNAÇÃO - CLINICA PEDIÁTRICA;2022;10;25;37;0,6756756756756757
HRAD;UNIDADE INTERNAÇÃO - CLINICA PEDIÁTRICA;2022;11;34;49;0,6938775510204082
HRAD;UNIDADE INTERNAÇÃO - CLINICA PEDIÁTRICA;2022;12;46;56;0,8214285714285714
HRAD;UNIDADE INTERNAÇÃO - CLINICA PEDIÁTRICA;2023;1;23;51;0,45098039215686275
HRAD;UNIDADE INTERNAÇÃO - CLINICA PEDIÁTRICA;2023;2;28;38;0,7368421052631579
HRAD;UNIDADE INTERNAÇÃO - CLINICA PEDIÁTRICA;2023;3;35;48;0,7291666666666666
HRAD;UNIDADE INTERNAÇÃO - CLINICA PEDIÁTRICA;2023;4;43;50;0,86
HRAD;UNIDADE INTERNAÇÃO - CLINICA PEDIÁTRICA;2023;5;38;53;0,7169811320754716
HRAD;UNIDADE INTERNAÇÃO - CLINICA PEDIÁTRICA;2023;6;36;40;0,9
HRAD;UNIDADE INTERNAÇÃO - CLINICA PEDIÁTRICA;2023;7;30;55;0,5454545454545454
HRAD;UNIDADE INTERNAÇÃO - CLINICA PEDIÁTRICA;2023;8;37;50;0,74
HRAD;UNIDADE INTERNAÇÃO - CLINICA PEDIÁTRICA;2023;9;34;46;0,7391304347826086
HRAD;UNIDADE INTERNAÇÃO - CLINICA PEDIÁTRICA;2023;10;35;53;0,660377358490566
HRAD;UNIDADE INTERNAÇÃO - CLINICA PEDIÁTRICA;2023;11;20;31;0,6451612903225806
HRAD;UNIDADE INTERNAÇÃO - CLINICA PEDIÁTRICA;2023;12;41;55;0,7454545454545455
HRAD;UNIDADE INTERNAÇÃO - CLINICA PEDIÁTRICA;2024;1;22;45;0,4888888888888889
HRAD;UNIDADE INTERNAÇÃO - CLINICA PEDIÁTRICA;2024;2;28;44;0,6363636363636364
HRAD;UNIDADE INTERNAÇÃO - CLINICA PEDIÁTRICA;2024;3;36;49;0,7346938775510204
HRAD;UNIDADE INTERNAÇÃO - CLINICA PEDIÁTRICA;2024;4;34;42;0,8095238095238095
HRAD;UNIDADE INTERNAÇÃO - CLINICA PEDIÁTRICA;2024;5;38;52;0,7307692307692307
HRAD;UNIDADE INTERNAÇÃO - CLINICA PEDIÁTRICA;2024;6;38;41;0,926829268292683
HRAD;UNIDADE INTERNAÇÃO - CLINICA PEDIÁTRICA;2024;7;24;53;0,4528301886792453
HRAD;UNIDADE INTERNAÇÃO - CLINICA PEDIÁTRICA;2024;8;39;53;0,7358490566037735
HRAD;UNIDADE INTERNAÇÃO - CLINICA PEDIÁTRICA;2024;9;39;59;0,6610169491525424
HRAD;UNIDADE INTERNAÇÃO - CLINICA PEDIÁTRICA;2024;10;53;70;0,7571428571428571
HRAD;UNIDADE INTERNAÇÃO - CLINICA PEDIÁTRICA;2024;11;47;62;0,7580645161290323
HRAD;UNIDADE INTERNAÇÃO - CLINICA PEDIÁTRICA;2024;12;36;64;0,5625
HRAD;UNIDADE INTERNAÇÃO - CLINICA PEDIÁTRICA;2025;1;40;58;0,6896551724137931
HRAD;UNIDADE INTERNAÇÃO - CLINICA PEDIÁTRICA;2025;2;41;53;0,7735849056603774
HRAD;UNIDADE INTERNAÇÃO - CLINICA PEDIÁTRICA;2025;3;36;49;0,7346938775510204
HRAD;UNIDADE INTERNAÇÃO - CLINICA PEDIÁTRICA;2025;4;34;50;0,68
HRAD;UNIDADE INTERNAÇÃO - CLINICA PEDIÁTRICA;2025;5;47;55;0,8545454545454545
HRAD;UNIDADE INTERNAÇÃO - CLINICA PEDIÁTRICA;2025;6;36;46;0,782608695652174
HRAD;UNIDADE INTERNAÇÃO - CLINICA PEDIÁTRICA;2025;7;42;54;0,7777777777777778
HRAD;UNIDADE INTERNAÇÃO - CLINICA PEDIÁTRICA;2025;8;34;50;0,68
HRAD;UNIDADE INTERNAÇÃO - CLINICA PEDIÁTRICA;2025;9;33;51;0,6470588235294118
HRAD;UNIDADE INTERNAÇÃO - CLINICA PEDIÁTRICA;2025;10;31;49;0,6326530612244898
HRAD;UNIDADE INTERNAÇÃO - CLINICA PEDIÁTRICA;2025;11;42;53;0,7924528301886793
HRAD;UNIDADE INTERNAÇÃO - CLINICA PEDIÁTRICA;2025;12;29;46;0,6304347826086957
HRAD;UNIDADE INTERNAÇÃO - CLINICA PEDIÁTRICA;2026;1;32;51;0,6274509803921569
HRAD;UNIDADE INTERNAÇÃO - CLINICA PEDIÁTRICA;2026;2;34;54;0,6296296296296297
HRAD;UNIDADE INTERNAÇÃO - CLINICA PEDIÁTRICA;2026;3;25;54;0,46296296296296297
HRAD;UNIDADE INTERNAÇÃO - CLINICA PEDIÁTRICA;2026;4;29;47;0,6170212765957447
HRAD;UNIDADE INTERNAÇÃO - CLINICA PEDIÁTRICA;2026;5;41;59;0,6949152542372882
HRAD;UTI;2019;1;5;18;0,2777777777777778
HRAD;UTI;2019;2;6;15;0,4
HRAD;UTI;2019;3;4;14;0,2857142857142857
HRAD;UTI;2019;4;6;15;0,4
HRAD;UTI;2019;5;6;22;0,2727272727272727
HRAD;UTI;2019;6;6;9;0,6666666666666666
HRAD;UTI;2019;7;3;11;0,2727272727272727
HRAD;UTI;2019;8;4;10;0,4
HRAD;UTI;2019;9;4;18;0,2222222222222222
HRAD;UTI;2019;10;2;12;0,16666666666666666
HRAD;UTI;2019;11;3;10;0,3
HRAD;UTI;2019;12;1;9;0,1111111111111111
HRAD;UTI;2020;1;5;18;0,2777777777777778
HRAD;UTI;2020;2;5;14;0,35714285714285715
HRAD;UTI;2020;3;7;17;0,4117647058823529
HRAD;UTI;2020;4;2;11;0,18181818181818182
HRAD;UTI;2020;5;9;22;0,4090909090909091
HRAD;UTI;2020;6;7;33;0,21212121212121213
HRAD;UTI;2020;7;6;27;0,2222222222222222
HRAD;UTI;2020;8;6;26;0,23076923076923078
HRAD;UTI;2020;9;21;50;0,42
HRAD;UTI;2020;10;13;34;0,38235294117647056
HRAD;UTI;2020;11;12;24;0,5
HRAD;UTI;2020;12;4;11;0,36363636363636365
HRAD;UTI;2021;1;6;23;0,2608695652173913
HRAD;UTI;2021;2;12;37;0,32432432432432434
HRAD;UTI;2021;3;8;35;0,22857142857142856
HRAD;UTI;2021;4;12;34;0,35294117647058826
HRAD;UTI;2021;5;5;23;0,21739130434782608
HRAD;UTI;2021;6;8;26;0,3076923076923077
HRAD;UTI;2021;7;8;26;0,3076923076923077
HRAD;UTI;2021;8;7;17;0,4117647058823529
HRAD;UTI;2021;9;6;20;0,3
HRAD;UTI;2021;10;5;17;0,29411764705882354
HRAD;UTI;2021;11;6;9;0,6666666666666666
HRAD;UTI;2021;12;1;12;0,08333333333333333
HRAD;UTI;2022;1;5;16;0,3125
HRAD;UTI;2022;2;4;14;0,2857142857142857
HRAD;UTI;2022;3;7;11;0,6363636363636364
HRAD;UTI;2022;4;6;20;0,3
HRAD;UTI;2022;5;1;12;0,08333333333333333
HRAD;UTI;2022;6;0;2;0,0
HRAD;UTI;2022;7;1;6;0,16666666666666666
HRAD;UTI;2022;8;3;12;0,25
HRAD;UTI;2022;9;5;13;0,38461538461538464
HRAD;UTI - ADULTO;2022;10;2;11;0,18181818181818182
HRAD;UTI - ADULTO;2022;11;2;13;0,15384615384615385
HRAD;UTI - ADULTO;2022;12;7;16;0,4375
HRAD;UTI - ADULTO;2023;1;2;15;0,13333333333333333
HRAD;UTI - ADULTO;2023;2;5;12;0,4166666666666667
HRAD;UTI - ADULTO;2023;3;7;17;0,4117647058823529
HRAD;UTI - ADULTO;2023;4;2;18;0,1111111111111111
HRAD;UTI - ADULTO;2023;5;3;12;0,25
HRAD;UTI - ADULTO;2023;6;2;10;0,2
HRAD;UTI - ADULTO;2023;7;2;6;0,3333333333333333
HRAD;UTI - ADULTO;2023;8;5;13;0,38461538461538464
HRAD;UTI - ADULTO;2023;9;3;9;0,3333333333333333
HRAD;UTI - ADULTO;2023;10;4;17;0,23529411764705882
HRAD;UTI - ADULTO;2023;11;3;16;0,1875
HRAD;UTI - ADULTO;2023;12;2;16;0,125
HRAD;UTI - ADULTO;2024;1;4;12;0,3333333333333333
HRAD;UTI - ADULTO;2024;2;2;6;0,3333333333333333
HRAD;UTI - ADULTO;2024;3;2;11;0,18181818181818182
HRAD;UTI - ADULTO;2024;4;5;15;0,3333333333333333
HRAD;UTI - ADULTO;2024;5;4;5;0,8
HRAD;UTI - ADULTO;2024;6;5;12;0,4166666666666667
HRAD;UTI - ADULTO;2024;7;3;18;0,16666666666666666
HRAD;UTI - ADULTO;2024;8;7;17;0,4117647058823529
HRAD;UTI - ADULTO;2024;9;3;11;0,2727272727272727
HRAD;UTI - ADULTO;2024;10;6;15;0,4
HRAD;UTI - ADULTO;2024;11;4;10;0,4
HRAD;UTI - ADULTO;2024;12;3;9;0,3333333333333333
HRAD;UTI - ADULTO;2025;1;1;5;0,2
HRAD;UTI - ADULTO;2025;2;5;15;0,3333333333333333
HRAD;UTI - ADULTO;2025;3;3;8;0,375
HRAD;UTI - ADULTO;2025;4;1;13;0,07692307692307693
HRAD;UTI - ADULTO;2025;5;1;9;0,1111111111111111
HRAD;UTI - ADULTO;2025;6;7;13;0,5384615384615384
HRAD;UTI - ADULTO;2025;7;2;10;0,2
HRAD;UTI - ADULTO;2025;8;4;6;0,6666666666666666
HRAD;UTI - ADULTO;2025;9;3;11;0,2727272727272727
HRAD;UTI - ADULTO;2025;10;2;11;0,18181818181818182
HRAD;UTI - ADULTO;2025;11;3;18;0,16666666666666666
HRAD;UTI - ADULTO;2025;12;2;8;0,25
HRAD;UTI - ADULTO;2026;1;3;12;0,25
HRAD;UTI - ADULTO;2026;2;1;7;0,14285714285714285
HRAD;UTI - ADULTO;2026;3;4;10;0,4
HRAD;UTI - ADULTO;2026;4;3;13;0,23076923076923078
HRAD;UTI - ADULTO;2026;5;3;10;0,3
HRAD;UTI - NEONATAL;2019;1;2;2;1,0
HRAD;UTI - NEONATAL;2019;2;0;1;0,0
HRAD;UTI - NEONATAL;2019;3;0;1;0,0
HRAD;UTI - NEONATAL;2019;4;1;3;0,3333333333333333
HRAD;UTI - NEONATAL;2019;5;0;2;0,0
HRAD;UTI - NEONATAL;2019;6;0;3;0,0
HRAD;UTI - NEONATAL;2019;7;0;4;0,0
HRAD;UTI - NEONATAL;2019;8;1;2;0,5
HRAD;UTI - NEONATAL;2019;10;0;1;0,0
HRAD;UTI - NEONATAL;2019;11;1;5;0,2
HRAD;UTI - NEONATAL;2019;12;1;2;0,5
HRAD;UTI - NEONATAL;2020;1;0;1;0,0
HRAD;UTI - NEONATAL;2020;2;0;1;0,0
HRAD;UTI - NEONATAL;2020;3;0;4;0,0
HRAD;UTI - NEONATAL;2020;4;0;1;0,0
HRAD;UTI - NEONATAL;2020;5;1;2;0,5
HRAD;UTI - NEONATAL;2020;6;0;2;0,0
HRAD;UTI - NEONATAL;2020;7;0;1;0,0
HRAD;UTI - NEONATAL;2020;8;1;5;0,2
HRAD;UTI - NEONATAL;2020;9;0;3;0,0
HRAD;UTI - NEONATAL;2020;10;0;4;0,0
HRAD;UTI - NEONATAL;2020;11;1;1;1,0
HRAD;UTI - NEONATAL;2020;12;1;3;0,3333333333333333
HRAD;UTI - NEONATAL;2021;1;1;2;0,5
HRAD;UTI - NEONATAL;2021;2;2;2;1,0
HRAD;UTI - NEONATAL;2021;3;1;7;0,14285714285714285
HRAD;UTI - NEONATAL;2021;4;0;3;0,0
HRAD;UTI - NEONATAL;2021;6;1;4;0,25
HRAD;UTI - NEONATAL;2021;7;1;2;0,5
HRAD;UTI - NEONATAL;2021;8;1;1;1,0
HRAD;UTI - NEONATAL;2021;10;0;2;0,0
HRAD;UTI - NEONATAL;2021;11;0;2;0,0
HRAD;UTI - NEONATAL;2021;12;0;1;0,0
HRAD;UTI - NEONATAL;2022;1;0;5;0,0
HRAD;UTI - NEONATAL;2022;2;0;2;0,0
HRAD;UTI - NEONATAL;2022;3;0;5;0,0
HRAD;UTI - NEONATAL;2022;4;0;2;0,0
HRAD;UTI - NEONATAL;2022;5;1;3;0,3333333333333333
HRAD;UTI - NEONATAL;2022;6;1;4;0,25
HRAD;UTI - NEONATAL;2022;8;2;8;0,25
HRAD;UTI - NEONATAL;2022;9;0;2;0,0
HRAD;UTI - NEONATAL;2022;10;0;2;0,0
HRAD;UTI - NEONATAL;2022;11;0;5;0,0
HRAD;UTI - NEONATAL;2022;12;1;6;0,16666666666666666
HRAD;UTI - NEONATAL;2023;1;1;4;0,25
HRAD;UTI - NEONATAL;2023;2;0;1;0,0
HRAD;UTI - NEONATAL;2023;3;0;2;0,0
HRAD;UTI - NEONATAL;2023;4;1;1;1,0
HRAD;UTI - NEONATAL;2023;5;0;3;0,0
HRAD;UTI - NEONATAL;2023;6;1;3;0,3333333333333333
HRAD;UTI - NEONATAL;2023;7;0;1;0,0
HRAD;UTI - NEONATAL;2023;8;2;3;0,6666666666666666
HRAD;UTI - NEONATAL;2023;9;1;3;0,3333333333333333
HRAD;UTI - NEONATAL;2023;10;0;3;0,0
HRAD;UTI - NEONATAL;2023;12;0;3;0,0
HRAD;UTI - NEONATAL;2024;1;0;3;0,0
HRAD;UTI - NEONATAL;2024;2;0;3;0,0
HRAD;UTI - NEONATAL;2024;3;0;1;0,0
HRAD;UTI - NEONATAL;2024;4;0;1;0,0
HRAD;UTI - NEONATAL;2024;5;1;3;0,3333333333333333
HRAD;UTI - NEONATAL;2024;6;0;2;0,0
HRAD;UTI - NEONATAL;2024;7;0;2;0,0
HRAD;UTI - NEONATAL;2024;8;1;1;1,0
HRAD;UTI - NEONATAL;2024;9;1;5;0,2
HRAD;UTI - NEONATAL;2024;10;0;3;0,0
HRAD;UTI - NEONATAL;2024;11;1;4;0,25
HRAD;UTI - NEONATAL;2024;12;3;5;0,6
HRAD;UTI - NEONATAL;2025;1;2;3;0,6666666666666666
HRAD;UTI - NEONATAL;2025;2;0;1;0,0
HRAD;UTI - NEONATAL;2025;4;1;2;0,5
HRAD;UTI - NEONATAL;2025;5;0;1;0,0
HRAD;UTI - NEONATAL;2025;6;1;3;0,3333333333333333
HRAD;UTI - NEONATAL;2025;7;0;5;0,0
HRAD;UTI - NEONATAL;2025;8;0;1;0,0
HRAD;UTI - NEONATAL;2025;9;1;2;0,5
HRAD;UTI - NEONATAL;2025;11;1;3;0,3333333333333333
HRAD;UTI - NEONATAL;2025;12;1;3;0,3333333333333333
HRAD;UTI - NEONATAL;2026;1;0;1;0,0
HRAD;UTI - NEONATAL;2026;2;2;4;0,5
HRAD;UTI - NEONATAL;2026;3;0;3;0,0
HRAD;UTI - NEONATAL;2026;4;0;3;0,0
HRAD;UTI - NEONATAL;2026;5;1;3;0,3333333333333333
HRBJA;BOARDING/HRB/CHB;2026;3;0;3;0,0
HRBJA;BOARDING/HRB/CHB;2026;4;1;1;1,0
HRBJA;BOARDING/HRB/CHB;2026;5;1;4;0,25
HRBJA;CLINICA CIRURGICA/HRB/CHB;2024;6;4;20;0,2
HRBJA;CLINICA CIRURGICA/HRB/CHB;2024;7;33;80;0,4125
HRBJA;CLINICA CIRURGICA/HRB/CHB;2024;8;52;100;0,52
HRBJA;CLINICA CIRURGICA/HRB/CHB;2024;9;47;81;0,5802469135802469
HRBJA;CLINICA CIRURGICA/HRB/CHB;2024;10;54;101;0,5346534653465347
HRBJA;CLINICA CIRURGICA/HRB/CHB;2024;11;62;101;0,6138613861386139
HRBJA;CLINICA CIRURGICA/HRB/CHB;2024;12;65;119;0,5462184873949579
HRBJA;CLINICA CIRURGICA/HRB/CHB;2025;1;68;114;0,5964912280701754
HRBJA;CLINICA CIRURGICA/HRB/CHB;2025;2;54;93;0,5806451612903226
HRBJA;CLINICA CIRURGICA/HRB/CHB;2025;3;59;93;0,6344086021505376
HRBJA;CLINICA CIRURGICA/HRB/CHB;2025;4;72;107;0,6728971962616822
HRBJA;CLINICA CIRURGICA/HRB/CHB;2025;5;69;115;0,6
HRBJA;CLINICA CIRURGICA/HRB/CHB;2025;6;62;104;0,5961538461538461
HRBJA;CLINICA CIRURGICA/HRB/CHB;2025;7;72;108;0,6666666666666666
HRBJA;CLINICA CIRURGICA/HRB/CHB;2025;8;69;117;0,5897435897435898
HRBJA;CLINICA CIRURGICA/HRB/CHB;2025;9;69;96;0,71875
HRBJA;CLINICA CIRURGICA/HRB/CHB;2025;10;64;91;0,7032967032967034
HRBJA;CLINICA CIRURGICA/HRB/CHB;2025;11;57;91;0,6263736263736264
HRBJA;CLINICA CIRURGICA/HRB/CHB;2025;12;69;113;0,6106194690265486
HRBJA;CLINICA CIRURGICA/HRB/CHB;2026;1;57;117;0,48717948717948717
HRBJA;CLINICA CIRURGICA/HRB/CHB;2026;2;73;137;0,5328467153284672
HRBJA;CLINICA CIRURGICA/HRB/CHB;2026;3;78;180;0,43333333333333335
HRBJA;CLINICA CIRURGICA/HRB/CHB;2026;4;86;158;0,5443037974683544
HRBJA;CLINICA CIRURGICA/HRB/CHB;2026;5;89;166;0,536144578313253
HRBJA;CLINICA MEDICA/HRB/CHB;2024;6;2;10;0,2
HRBJA;CLINICA MEDICA/HRB/CHB;2024;7;11;75;0,14666666666666667
HRBJA;CLINICA MEDICA/HRB/CHB;2024;8;15;80;0,1875
HRBJA;CLINICA MEDICA/HRB/CHB;2024;9;21;83;0,25301204819277107
HRBJA;CLINICA MEDICA/HRB/CHB;2024;10;9;57;0,15789473684210525
HRBJA;CLINICA MEDICA/HRB/CHB;2024;11;34;94;0,3617021276595745
HRBJA;CLINICA MEDICA/HRB/CHB;2024;12;30;114;0,2631578947368421
HRBJA;CLINICA MEDICA/HRB/CHB;2025;1;49;111;0,44144144144144143
HRBJA;CLINICA MEDICA/HRB/CHB;2025;2;36;88;0,4090909090909091
HRBJA;CLINICA MEDICA/HRB/CHB;2025;3;51;99;0,5151515151515151
HRBJA;CLINICA MEDICA/HRB/CHB;2025;4;56;103;0,5436893203883495
HRBJA;CLINICA MEDICA/HRB/CHB;2025;5;41;106;0,3867924528301887
HRBJA;CLINICA MEDICA/HRB/CHB;2025;6;55;110;0,5
HRBJA;CLINICA MEDICA/HRB/CHB;2025;7;44;111;0,3963963963963964
HRBJA;CLINICA MEDICA/HRB/CHB;2025;8;44;88;0,5
HRBJA;CLINICA MEDICA/HRB/CHB;2025;9;35;81;0,43209876543209874
HRBJA;CLINICA MEDICA/HRB/CHB;2025;10;39;84;0,4642857142857143
HRBJA;CLINICA MEDICA/HRB/CHB;2025;11;42;93;0,45161290322580644
HRBJA;CLINICA MEDICA/HRB/CHB;2025;12;42;79;0,5316455696202531
HRBJA;CLINICA MEDICA/HRB/CHB;2026;1;41;86;0,47674418604651164
HRBJA;CLINICA MEDICA/HRB/CHB;2026;2;35;92;0,3804347826086957
HRBJA;CLINICA MEDICA/HRB/CHB;2026;3;25;60;0,4166666666666667
HRBJA;CLINICA MEDICA/HRB/CHB;2026;4;19;40;0,475
HRBJA;CLINICA MEDICA/HRB/CHB;2026;5;19;39;0,48717948717948717
HRBJA;PRONTO ATENDIMENTO;2020;6;0;6;0,0
HRBJA;TRAUMATO-ORTOPEDIA CIRURGICA/CHPB/CHB;2024;6;2;3;0,6666666666666666
HRBJA;TRAUMATO-ORTOPEDIA CIRURGICA/CHPB/CHB;2024;7;3;9;0,3333333333333333
HRBJA;TRAUMATO-ORTOPEDIA CIRURGICA/CHPB/CHB;2024;8;2;10;0,2
HRBJA;TRAUMATO-ORTOPEDIA CIRURGICA/CHPB/CHB;2024;9;2;9;0,2222222222222222
HRBJA;TRAUMATO-ORTOPEDIA CIRURGICA/CHPB/CHB;2024;10;5;9;0,5555555555555556
HRBJA;TRAUMATO-ORTOPEDIA CIRURGICA/CHPB/CHB;2024;11;3;13;0,23076923076923078
HRBJA;TRAUMATO-ORTOPEDIA CIRURGICA/CHPB/CHB;2024;12;2;13;0,15384615384615385
HRBJA;TRAUMATO-ORTOPEDIA CIRURGICA/CHPB/CHB;2025;1;3;15;0,2
HRBJA;TRAUMATO-ORTOPEDIA CIRURGICA/CHPB/CHB;2025;2;0;7;0,0
HRBJA;TRAUMATO-ORTOPEDIA CIRURGICA/CHPB/CHB;2025;3;2;11;0,18181818181818182
HRBJA;TRAUMATO-ORTOPEDIA CIRURGICA/CHPB/CHB;2025;4;0;3;0,0
HRBJA;TRAUMATO-ORTOPEDIA CIRURGICA/CHPB/CHB;2025;5;2;9;0,2222222222222222
HRBJA;TRAUMATO-ORTOPEDIA CIRURGICA/CHPB/CHB;2025;6;0;9;0,0
HRBJA;TRAUMATO-ORTOPEDIA CIRURGICA/CHPB/CHB;2025;7;0;10;0,0
HRBJA;TRAUMATO-ORTOPEDIA CIRURGICA/CHPB/CHB;2025;8;1;17;0,058823529411764705
HRBJA;TRAUMATO-ORTOPEDIA CIRURGICA/CHPB/CHB;2025;9;2;10;0,2
HRBJA;TRAUMATO-ORTOPEDIA CIRURGICA/CHPB/CHB;2025;10;1;4;0,25
HRBJA;TRAUMATO-ORTOPEDIA CIRURGICA/CHPB/CHB;2025;11;4;5;0,8
HRBJA;TRAUMATO-ORTOPEDIA CIRURGICA/CHPB/CHB;2025;12;0;9;0,0
HRBJA;TRAUMATO-ORTOPEDIA CIRURGICA/CHPB/CHB;2026;1;4;8;0,5
HRBJA;TRAUMATO-ORTOPEDIA CIRURGICA/CHPB/CHB;2026;2;1;9;0,1111111111111111
HRBJA;TRAUMATO-ORTOPEDIA CIRURGICA/CHPB/CHB;2026;3;7;30;0,23333333333333334
HRBJA;TRAUMATO-ORTOPEDIA CIRURGICA/CHPB/CHB;2026;4;3;19;0,15789473684210525
HRBJA;TRAUMATO-ORTOPEDIA CIRURGICA/CHPB/CHB;2026;5;2;21;0,09523809523809523
HRBJA;UAVC-AGUDO/HRB/CHB;2026;3;0;9;0,0
HRBJA;UAVC-AGUDO/HRB/CHB;2026;4;2;12;0,16666666666666666
HRBJA;UAVC-AGUDO/HRB/CHB;2026;5;3;13;0,23076923076923078
HRBJA;UCR-CIRURGICA/HRB/CHB;2026;2;1;1;1,0
HRBJA;UCR-CIRURGICA/HRB/CHB;2026;3;12;25;0,48
HRBJA;UCR-CIRURGICA/HRB/CHB;2026;4;19;28;0,6785714285714286
HRBJA;UCR-CIRURGICA/HRB/CHB;2026;5;17;30;0,5666666666666667
HRBJA;UNIDADE INTERNAÇÃO - CLINICA CIRURGICA;2019;1;37;69;0,5362318840579711
HRBJA;UNIDADE INTERNAÇÃO - CLINICA CIRURGICA;2019;2;30;66;0,45454545454545453
HRBJA;UNIDADE INTERNAÇÃO - CLINICA CIRURGICA;2019;3;34;76;0,4473684210526316
HRBJA;UNIDADE INTERNAÇÃO - CLINICA CIRURGICA;2019;4;41;84;0,4880952380952381
HRBJA;UNIDADE INTERNAÇÃO - CLINICA CIRURGICA;2019;5;33;77;0,42857142857142855
HRBJA;UNIDADE INTERNAÇÃO - CLINICA CIRURGICA;2019;6;29;65;0,4461538461538462
HRBJA;UNIDADE INTERNAÇÃO - CLINICA CIRURGICA;2019;7;26;69;0,37681159420289856
HRBJA;UNIDADE INTERNAÇÃO - CLINICA CIRURGICA;2019;8;26;69;0,37681159420289856
HRBJA;UNIDADE INTERNAÇÃO - CLINICA CIRURGICA;2019;9;24;57;0,42105263157894735
HRBJA;UNIDADE INTERNAÇÃO - CLINICA CIRURGICA;2019;10;48;83;0,5783132530120482
HRBJA;UNIDADE INTERNAÇÃO - CLINICA CIRURGICA;2019;11;38;82;0,4634146341463415
HRBJA;UNIDADE INTERNAÇÃO - CLINICA CIRURGICA;2019;12;33;62;0,532258064516129
HRBJA;UNIDADE INTERNAÇÃO - CLINICA CIRURGICA;2020;1;45;85;0,5294117647058824
HRBJA;UNIDADE INTERNAÇÃO - CLINICA CIRURGICA;2020;2;28;51;0,5490196078431373
HRBJA;UNIDADE INTERNAÇÃO - CLINICA CIRURGICA;2020;3;27;65;0,4153846153846154
HRBJA;UNIDADE INTERNAÇÃO - CLINICA CIRURGICA;2020;4;22;63;0,3492063492063492
HRBJA;UNIDADE INTERNAÇÃO - CLINICA CIRURGICA;2020;5;22;68;0,3235294117647059
HRBJA;UNIDADE INTERNAÇÃO - CLINICA CIRURGICA;2020;6;24;75;0,32
HRBJA;UNIDADE INTERNAÇÃO - CLINICA CIRURGICA;2020;7;41;92;0,44565217391304346
HRBJA;UNIDADE INTERNAÇÃO - CLINICA CIRURGICA;2020;8;46;91;0,5054945054945055
HRBJA;UNIDADE INTERNAÇÃO - CLINICA CIRURGICA;2020;9;52;90;0,5777777777777777
HRBJA;UNIDADE INTERNAÇÃO - CLINICA CIRURGICA;2020;10;45;81;0,5555555555555556
HRBJA;UNIDADE INTERNAÇÃO - CLINICA CIRURGICA;2020;11;29;62;0,46774193548387094
HRBJA;UNIDADE INTERNAÇÃO - CLINICA CIRURGICA;2020;12;28;65;0,4307692307692308
HRBJA;UNIDADE INTERNAÇÃO - CLINICA CIRURGICA;2021;1;19;48;0,3958333333333333
HRBJA;UNIDADE INTERNAÇÃO - CLINICA CIRURGICA;2021;2;28;57;0,49122807017543857
HRBJA;UNIDADE INTERNAÇÃO - CLINICA CIRURGICA;2021;3;33;64;0,515625
HRBJA;UNIDADE INTERNAÇÃO - CLINICA CIRURGICA;2021;4;30;64;0,46875
HRBJA;UNIDADE INTERNAÇÃO - CLINICA CIRURGICA;2021;5;44;86;0,5116279069767442
HRBJA;UNIDADE INTERNAÇÃO - CLINICA CIRURGICA;2021;6;26;64;0,40625
HRBJA;UNIDADE INTERNAÇÃO - CLINICA CIRURGICA;2021;7;44;74;0,5945945945945946
HRBJA;UNIDADE INTERNAÇÃO - CLINICA CIRURGICA;2021;8;34;72;0,4722222222222222
HRBJA;UNIDADE INTERNAÇÃO - CLINICA CIRURGICA;2021;9;33;58;0,5689655172413793
HRBJA;UNIDADE INTERNAÇÃO - CLINICA CIRURGICA;2021;10;42;62;0,6774193548387096
HRBJA;UNIDADE INTERNAÇÃO - CLINICA CIRURGICA;2021;11;36;66;0,5454545454545454
HRBJA;UNIDADE INTERNAÇÃO - CLINICA CIRURGICA;2021;12;43;74;0,581081081081081
HRBJA;UNIDADE INTERNAÇÃO - CLINICA CIRURGICA;2022;1;32;51;0,6274509803921569
HRBJA;UNIDADE INTERNAÇÃO - CLINICA CIRURGICA;2022;2;38;65;0,5846153846153846
HRBJA;UNIDADE INTERNAÇÃO - CLINICA CIRURGICA;2022;3;39;71;0,5492957746478874
HRBJA;UNIDADE INTERNAÇÃO - CLINICA CIRURGICA;2022;4;28;57;0,49122807017543857
HRBJA;UNIDADE INTERNAÇÃO - CLINICA CIRURGICA;2022;5;32;64;0,5
HRBJA;UNIDADE INTERNAÇÃO - CLINICA CIRURGICA;2022;6;29;55;0,5272727272727272
HRBJA;UNIDADE INTERNAÇÃO - CLINICA CIRURGICA;2022;7;36;76;0,47368421052631576
HRBJA;UNIDADE INTERNAÇÃO - CLINICA CIRURGICA;2022;8;19;60;0,31666666666666665
HRBJA;UNIDADE INTERNAÇÃO - CLINICA CIRURGICA;2022;9;26;75;0,3466666666666667
HRBJA;UNIDADE INTERNAÇÃO - CLINICA CIRURGICA;2022;10;24;71;0,3380281690140845
HRBJA;UNIDADE INTERNAÇÃO - CLINICA CIRURGICA;2022;11;25;56;0,44642857142857145
HRBJA;UNIDADE INTERNAÇÃO - CLINICA CIRURGICA;2022;12;35;66;0,5303030303030303
HRBJA;UNIDADE INTERNAÇÃO - CLINICA CIRURGICA;2023;1;25;63;0,3968253968253968
HRBJA;UNIDADE INTERNAÇÃO - CLINICA CIRURGICA;2023;2;38;49;0,7755102040816326
HRBJA;UNIDADE INTERNAÇÃO - CLINICA CIRURGICA;2023;3;33;58;0,5689655172413793
HRBJA;UNIDADE INTERNAÇÃO - CLINICA CIRURGICA;2023;4;37;65;0,5692307692307692
HRBJA;UNIDADE INTERNAÇÃO - CLINICA CIRURGICA;2023;5;31;46;0,6739130434782609
HRBJA;UNIDADE INTERNAÇÃO - CLINICA CIRURGICA;2023;6;45;64;0,703125
HRBJA;UNIDADE INTERNAÇÃO - CLINICA CIRURGICA;2023;7;34;56;0,6071428571428571
HRBJA;UNIDADE INTERNAÇÃO - CLINICA CIRURGICA;2023;8;46;64;0,71875
HRBJA;UNIDADE INTERNAÇÃO - CLINICA CIRURGICA;2023;9;48;68;0,7058823529411765
HRBJA;UNIDADE INTERNAÇÃO - CLINICA CIRURGICA;2023;10;41;54;0,7592592592592593
HRBJA;UNIDADE INTERNAÇÃO - CLINICA CIRURGICA;2023;11;53;89;0,5955056179775281
HRBJA;UNIDADE INTERNAÇÃO - CLINICA CIRURGICA;2023;12;50;81;0,6172839506172839
HRBJA;UNIDADE INTERNAÇÃO - CLINICA CIRURGICA;2024;1;36;74;0,4864864864864865
HRBJA;UNIDADE INTERNAÇÃO - CLINICA CIRURGICA;2024;2;38;52;0,7307692307692307
HRBJA;UNIDADE INTERNAÇÃO - CLINICA CIRURGICA;2024;3;48;65;0,7384615384615385
HRBJA;UNIDADE INTERNAÇÃO - CLINICA CIRURGICA;2024;4;35;62;0,5645161290322581
HRBJA;UNIDADE INTERNAÇÃO - CLINICA CIRURGICA;2024;5;51;97;0,5257731958762887
HRBJA;UNIDADE INTERNAÇÃO - CLINICA CIRURGICA;2024;6;34;63;0,5396825396825397
HRBJA;UNIDADE INTERNAÇÃO - CLINICA MÉDICA;2019;1;19;110;0,17272727272727273
HRBJA;UNIDADE INTERNAÇÃO - CLINICA MÉDICA;2019;2;16;103;0,1553398058252427
HRBJA;UNIDADE INTERNAÇÃO - CLINICA MÉDICA;2019;3;19;101;0,18811881188118812
HRBJA;UNIDADE INTERNAÇÃO - CLINICA MÉDICA;2019;4;22;109;0,2018348623853211
HRBJA;UNIDADE INTERNAÇÃO - CLINICA MÉDICA;2019;5;29;110;0,2636363636363636
HRBJA;UNIDADE INTERNAÇÃO - CLINICA MÉDICA;2019;6;20;92;0,21739130434782608
HRBJA;UNIDADE INTERNAÇÃO - CLINICA MÉDICA;2019;7;14;107;0,1308411214953271
HRBJA;UNIDADE INTERNAÇÃO - CLINICA MÉDICA;2019;8;15;112;0,13392857142857142
HRBJA;UNIDADE INTERNAÇÃO - CLINICA MÉDICA;2019;9;24;105;0,22857142857142856
HRBJA;UNIDADE INTERNAÇÃO - CLINICA MÉDICA;2019;10;32;116;0,27586206896551724
HRBJA;UNIDADE INTERNAÇÃO - CLINICA MÉDICA;2019;11;15;95;0,15789473684210525
HRBJA;UNIDADE INTERNAÇÃO - CLINICA MÉDICA;2019;12;21;99;0,21212121212121213
HRBJA;UNIDADE INTERNAÇÃO - CLINICA MÉDICA;2020;1;26;101;0,25742574257425743
HRBJA;UNIDADE INTERNAÇÃO - CLINICA MÉDICA;2020;2;26;101;0,25742574257425743
HRBJA;UNIDADE INTERNAÇÃO - CLINICA MÉDICA;2020;3;23;104;0,22115384615384615
HRBJA;UNIDADE INTERNAÇÃO - CLINICA MÉDICA;2020;4;23;91;0,25274725274725274
HRBJA;UNIDADE INTERNAÇÃO - CLINICA MÉDICA;2020;5;24;108;0,2222222222222222
HRBJA;UNIDADE INTERNAÇÃO - CLINICA MÉDICA;2020;6;14;113;0,12389380530973451
HRBJA;UNIDADE INTERNAÇÃO - CLINICA MÉDICA;2020;7;21;124;0,1693548387096774
HRBJA;UNIDADE INTERNAÇÃO - CLINICA MÉDICA;2020;8;27;118;0,2288135593220339
HRBJA;UNIDADE INTERNAÇÃO - CLINICA MÉDICA;2020;9;15;107;0,14018691588785046
HRBJA;UNIDADE INTERNAÇÃO - CLINICA MÉDICA;2020;10;26;113;0,23008849557522124
HRBJA;UNIDADE INTERNAÇÃO - CLINICA MÉDICA;2020;11;27;117;0,23076923076923078
HRBJA;UNIDADE INTERNAÇÃO - CLINICA MÉDICA;2020;12;25;109;0,22935779816513763
HRBJA;UNIDADE INTERNAÇÃO - CLINICA MÉDICA;2021;1;24;109;0,22018348623853212
HRBJA;UNIDADE INTERNAÇÃO - CLINICA MÉDICA;2021;2;14;99;0,1414141414141414
HRBJA;UNIDADE INTERNAÇÃO - CLINICA MÉDICA;2021;3;15;118;0,1271186440677966
HRBJA;UNIDADE INTERNAÇÃO - CLINICA MÉDICA;2021;4;35;129;0,2713178294573643
HRBJA;UNIDADE INTERNAÇÃO - CLINICA MÉDICA;2021;5;21;111;0,1891891891891892
HRBJA;UNIDADE INTERNAÇÃO - CLINICA MÉDICA;2021;6;23;125;0,184
HRBJA;UNIDADE INTERNAÇÃO - CLINICA MÉDICA;2021;7;30;131;0,22900763358778625
HRBJA;UNIDADE INTERNAÇÃO - CLINICA MÉDICA;2021;8;24;118;0,2033898305084746
HRBJA;UNIDADE INTERNAÇÃO - CLINICA MÉDICA;2021;9;45;118;0,3813559322033898
HRBJA;UNIDADE INTERNAÇÃO - CLINICA MÉDICA;2021;10;21;116;0,1810344827586207
HRBJA;UNIDADE INTERNAÇÃO - CLINICA MÉDICA;2021;11;20;106;0,18867924528301888
HRBJA;UNIDADE INTERNAÇÃO - CLINICA MÉDICA;2021;12;28;112;0,25
HRBJA;UNIDADE INTERNAÇÃO - CLINICA MÉDICA;2022;1;35;119;0,29411764705882354
HRBJA;UNIDADE INTERNAÇÃO - CLINICA MÉDICA;2022;2;21;84;0,25
HRBJA;UNIDADE INTERNAÇÃO - CLINICA MÉDICA;2022;3;34;119;0,2857142857142857
HRBJA;UNIDADE INTERNAÇÃO - CLINICA MÉDICA;2022;4;45;100;0,45
HRBJA;UNIDADE INTERNAÇÃO - CLINICA MÉDICA;2022;5;43;117;0,36752136752136755
HRBJA;UNIDADE INTERNAÇÃO - CLINICA MÉDICA;2022;6;41;107;0,38317757009345793
HRBJA;UNIDADE INTERNAÇÃO - CLINICA MÉDICA;2022;7;51;144;0,3541666666666667
HRBJA;UNIDADE INTERNAÇÃO - CLINICA MÉDICA;2022;8;44;143;0,3076923076923077
HRBJA;UNIDADE INTERNAÇÃO - CLINICA MÉDICA;2022;9;54;122;0,4426229508196721
HRBJA;UNIDADE INTERNAÇÃO - CLINICA MÉDICA;2022;10;43;109;0,3944954128440367
HRBJA;UNIDADE INTERNAÇÃO - CLINICA MÉDICA;2022;11;22;105;0,20952380952380953
HRBJA;UNIDADE INTERNAÇÃO - CLINICA MÉDICA;2022;12;38;129;0,29457364341085274
HRBJA;UNIDADE INTERNAÇÃO - CLINICA MÉDICA;2023;1;29;121;0,2396694214876033
HRBJA;UNIDADE INTERNAÇÃO - CLINICA MÉDICA;2023;2;34;107;0,3177570093457944
HRBJA;UNIDADE INTERNAÇÃO - CLINICA MÉDICA;2023;3;46;118;0,3898305084745763
HRBJA;UNIDADE INTERNAÇÃO - CLINICA MÉDICA;2023;4;54;135;0,4
HRBJA;UNIDADE INTERNAÇÃO - CLINICA MÉDICA;2023;5;49;136;0,3602941176470588
HRBJA;UNIDADE INTERNAÇÃO - CLINICA MÉDICA;2023;6;50;136;0,36764705882352944
HRBJA;UNIDADE INTERNAÇÃO - CLINICA MÉDICA;2023;7;22;129;0,17054263565891473
HRBJA;UNIDADE INTERNAÇÃO - CLINICA MÉDICA;2023;8;41;140;0,29285714285714287
HRBJA;UNIDADE INTERNAÇÃO - CLINICA MÉDICA;2023;9;34;129;0,26356589147286824
HRBJA;UNIDADE INTERNAÇÃO - CLINICA MÉDICA;2023;10;29;121;0,2396694214876033
HRBJA;UNIDADE INTERNAÇÃO - CLINICA MÉDICA;2023;11;47;136;0,34558823529411764
HRBJA;UNIDADE INTERNAÇÃO - CLINICA MÉDICA;2023;12;48;141;0,3404255319148936
HRBJA;UNIDADE INTERNAÇÃO - CLINICA MÉDICA;2024;1;73;169;0,4319526627218935
HRBJA;UNIDADE INTERNAÇÃO - CLINICA MÉDICA;2024;2;53;151;0,3509933774834437
HRBJA;UNIDADE INTERNAÇÃO - CLINICA MÉDICA;2024;3;40;144;0,2777777777777778
HRBJA;UNIDADE INTERNAÇÃO - CLINICA MÉDICA;2024;4;40;142;0,28169014084507044
HRBJA;UNIDADE INTERNAÇÃO - CLINICA MÉDICA;2024;5;31;121;0,256198347107438
HRBJA;UNIDADE INTERNAÇÃO - CLINICA MÉDICA;2024;6;21;84;0,25
HRBJA;UNIDADE INTERNAÇÃO - CLINICA MÉDICA COVID-19;2020;7;2;20;0,1
HRBJA;UNIDADE INTERNAÇÃO - CLINICA MÉDICA COVID-19;2020;8;3;10;0,3
HRBJA;UNIDADE INTERNAÇÃO - CLINICA MÉDICA COVID-19;2020;9;3;15;0,2
HRBJA;UNIDADE INTERNAÇÃO - CLINICA MÉDICA COVID-19;2020;10;1;1;1,0
HRBJA;UTI;2019;1;3;6;0,5
HRBJA;UTI;2019;2;0;2;0,0
HRBJA;UTI;2019;3;3;6;0,5
HRBJA;UTI;2019;4;3;5;0,6
HRBJA;UTI;2019;5;3;7;0,42857142857142855
HRBJA;UTI;2019;6;1;4;0,25
HRBJA;UTI;2019;7;0;8;0,0
HRBJA;UTI;2019;8;4;7;0,5714285714285714
HRBJA;UTI;2019;9;3;5;0,6
HRBJA;UTI;2019;10;1;8;0,125
HRBJA;UTI;2019;11;3;6;0,5
HRBJA;UTI;2019;12;4;5;0,8
HRBJA;UTI;2020;1;4;8;0,5
HRBJA;UTI;2020;2;3;7;0,42857142857142855
HRBJA;UTI;2020;3;3;15;0,2
HRBJA;UTI;2020;4;4;11;0,36363636363636365
HRBJA;UTI;2020;5;3;17;0,17647058823529413
HRBJA;UTI;2020;6;6;12;0,5
HRBJA;UTI;2020;7;3;10;0,3
HRBJA;UTI;2020;8;4;10;0,4
HRBJA;UTI;2020;9;1;2;0,5
HRBJA;UTI;2020;10;2;8;0,25
HRBJA;UTI;2020;11;2;9;0,2222222222222222
HRBJA;UTI;2020;12;5;15;0,3333333333333333
HRBJA;UTI;2021;1;1;8;0,125
HRBJA;UTI;2021;2;3;10;0,3
HRBJA;UTI;2021;3;2;8;0,25
HRBJA;UTI;2021;4;4;11;0,36363636363636365
HRBJA;UTI;2021;5;0;4;0,0
HRBJA;UTI - ADULTO;2021;5;1;1;1,0
HRBJA;UTI - ADULTO;2021;6;4;10;0,4
HRBJA;UTI - ADULTO;2021;7;5;7;0,7142857142857143
HRBJA;UTI - ADULTO;2021;8;1;6;0,16666666666666666
HRBJA;UTI - ADULTO;2021;9;2;4;0,5
HRBJA;UTI - ADULTO;2021;10;5;10;0,5
HRBJA;UTI - ADULTO;2021;11;4;9;0,4444444444444444
HRBJA;UTI - ADULTO;2021;12;1;8;0,125
HRBJA;UTI - ADULTO;2022;1;4;11;0,36363636363636365
HRBJA;UTI - ADULTO;2022;2;2;6;0,3333333333333333
HRBJA;UTI - ADULTO;2022;3;1;6;0,16666666666666666
HRBJA;UTI - ADULTO;2022;4;1;7;0,14285714285714285
HRBJA;UTI - ADULTO;2022;5;5;9;0,5555555555555556
HRBJA;UTI - ADULTO;2022;6;2;4;0,5
HRBJA;UTI - ADULTO;2022;7;1;6;0,16666666666666666
HRBJA;UTI - ADULTO;2022;8;5;8;0,625
HRBJA;UTI - ADULTO;2022;9;0;8;0,0
HRBJA;UTI - ADULTO;2022;10;3;6;0,5
HRBJA;UTI - ADULTO;2022;11;0;2;0,0
HRBJA;UTI - ADULTO;2022;12;2;7;0,2857142857142857
HRBJA;UTI - ADULTO;2023;1;3;8;0,375
HRBJA;UTI - ADULTO;2023;2;5;8;0,625
HRBJA;UTI - ADULTO;2023;3;4;9;0,4444444444444444
HRBJA;UTI - ADULTO;2023;4;0;3;0,0
HRBJA;UTI - ADULTO;2023;5;2;4;0,5
HRBJA;UTI - ADULTO;2023;6;5;12;0,4166666666666667
HRBJA;UTI - ADULTO;2023;7;1;6;0,16666666666666666
HRBJA;UTI - ADULTO;2023;8;3;7;0,42857142857142855
HRBJA;UTI - ADULTO;2023;9;1;6;0,16666666666666666
HRBJA;UTI - ADULTO;2023;10;2;6;0,3333333333333333
HRBJA;UTI - ADULTO;2023;11;2;9;0,2222222222222222
HRBJA;UTI - ADULTO;2023;12;3;9;0,3333333333333333
HRBJA;UTI - ADULTO;2024;1;3;9;0,3333333333333333
HRBJA;UTI - ADULTO;2024;2;1;6;0,16666666666666666
HRBJA;UTI - ADULTO;2024;3;1;5;0,2
HRBJA;UTI - ADULTO;2024;4;3;8;0,375
HRBJA;UTI - ADULTO;2024;5;3;6;0,5
HRBJA;UTI - ADULTO;2024;6;1;8;0,125
HRBJA;UTI ADULTO/HRB/CHB;2024;6;1;2;0,5
HRBJA;UTI ADULTO/HRB/CHB;2024;7;0;15;0,0
HRBJA;UTI ADULTO/HRB/CHB;2024;8;2;13;0,15384615384615385
HRBJA;UTI ADULTO/HRB/CHB;2024;9;9;9;1,0
HRBJA;UTI ADULTO/HRB/CHB;2024;10;12;14;0,8571428571428571
HRBJA;UTI ADULTO/HRB/CHB;2024;11;21;11;1,9090909090909092
HRBJA;UTI ADULTO/HRB/CHB;2024;12;20;15;1,3333333333333333
HRBJA;UTI ADULTO/HRB/CHB;2025;1;18;26;0,6923076923076923
HRBJA;UTI ADULTO/HRB/CHB;2025;2;21;16;1,3125
HRBJA;UTI ADULTO/HRB/CHB;2025;3;19;26;0,7307692307692307
HRBJA;UTI ADULTO/HRB/CHB;2025;4;15;15;1,0
HRBJA;UTI ADULTO/HRB/CHB;2025;5;18;27;0,6666666666666666
HRBJA;UTI ADULTO/HRB/CHB;2025;6;26;25;1,04
HRBJA;UTI ADULTO/HRB/CHB;2025;7;23;22;1,0454545454545454
HRBJA;UTI ADULTO/HRB/CHB;2025;8;17;23;0,7391304347826086
HRBJA;UTI ADULTO/HRB/CHB;2025;9;23;18;1,2777777777777777
HRBJA;UTI ADULTO/HRB/CHB;2025;10;14;22;0,6363636363636364
HRBJA;UTI ADULTO/HRB/CHB;2025;11;20;17;1,1764705882352942
HRBJA;UTI ADULTO/HRB/CHB;2025;12;11;20;0,55
HRBJA;UTI ADULTO/HRB/CHB;2026;1;14;19;0,7368421052631579
HRBJA;UTI ADULTO/HRB/CHB;2026;2;12;22;0,5454545454545454
HRBJA;UTI ADULTO/HRB/CHB;2026;3;18;22;0,8181818181818182
HRBJA;UTI ADULTO/HRB/CHB;2026;4;17;24;0,7083333333333334
HRBJA;UTI ADULTO/HRB/CHB;2026;5;18;24;0,75
HRBJA;UTI COVID-19;2020;7;0;4;0,0
HRBJA;UTI COVID-19;2020;8;0;5;0,0
HRBJA;UTI COVID-19;2020;9;0;4;0,0
HRBJA;UTI COVID-19;2020;10;0;1;0,0
HRBJA;UUE/INTERNAÇÃO/HRB/CHB;2024;6;1;9;0,1111111111111111
HRBJA;UUE/INTERNAÇÃO/HRB/CHB;2024;7;19;128;0,1484375
HRBJA;UUE/INTERNAÇÃO/HRB/CHB;2024;8;34;176;0,19318181818181818
HRBJA;UUE/INTERNAÇÃO/HRB/CHB;2024;9;23;171;0,13450292397660818
HRBJA;UUE/INTERNAÇÃO/HRB/CHB;2024;10;26;63;0,4126984126984127
HRBJA;UUE/INTERNAÇÃO/HRB/CHB;2024;11;2;12;0,16666666666666666
HRBJA;UUE/INTERNAÇÃO/HRB/CHB;2024;12;6;12;0,5
HRBJA;UUE/INTERNAÇÃO/HRB/CHB;2025;1;9;22;0,4090909090909091
HRBJA;UUE/INTERNAÇÃO/HRB/CHB;2025;2;13;37;0,35135135135135137
HRBJA;UUE/INTERNAÇÃO/HRB/CHB;2025;3;18;42;0,42857142857142855
HRBJA;UUE/INTERNAÇÃO/HRB/CHB;2025;4;20;39;0,5128205128205128
HRBJA;UUE/INTERNAÇÃO/HRB/CHB;2025;5;9;27;0,3333333333333333
HRBJA;UUE/INTERNAÇÃO/HRB/CHB;2025;6;10;24;0,4166666666666667
HRBJA;UUE/INTERNAÇÃO/HRB/CHB;2025;7;21;41;0,5121951219512195
HRBJA;UUE/INTERNAÇÃO/HRB/CHB;2025;8;14;30;0,4666666666666667
HRBJA;UUE/INTERNAÇÃO/HRB/CHB;2025;9;22;42;0,5238095238095238
HRBJA;UUE/INTERNAÇÃO/HRB/CHB;2025;10;17;42;0,40476190476190477
HRBJA;UUE/INTERNAÇÃO/HRB/CHB;2025;11;17;41;0,4146341463414634
HRBJA;UUE/INTERNAÇÃO/HRB/CHB;2025;12;21;39;0,5384615384615384
HRBJA;UUE/INTERNAÇÃO/HRB/CHB;2026;1;21;49;0,42857142857142855
HRBJA;UUE/INTERNAÇÃO/HRB/CHB;2026;2;18;47;0,3829787234042553
HRBJA;UUE/INTERNAÇÃO/HRB/CHB;2026;3;4;5;0,8
HRJP;ALOJAMENTO CONJUNTO;2021;3;24;61;0,39344262295081966
HRJP;ALOJAMENTO CONJUNTO;2021;4;52;138;0,37681159420289856
HRJP;ALOJAMENTO CONJUNTO;2021;5;41;147;0,2789115646258503
HRJP;ALOJAMENTO CONJUNTO;2021;6;51;119;0,42857142857142855
HRJP;ALOJAMENTO CONJUNTO;2021;7;64;127;0,5039370078740157
HRJP;ALOJAMENTO CONJUNTO;2021;8;104;144;0,7222222222222222
HRJP;ALOJAMENTO CONJUNTO;2021;9;112;144;0,7777777777777778
HRJP;ALOJAMENTO CONJUNTO;2021;10;83;123;0,6747967479674797
HRJP;ALOJAMENTO CONJUNTO;2021;11;94;130;0,7230769230769231
HRJP;ALOJAMENTO CONJUNTO;2021;12;100;127;0,7874015748031497
HRJP;ALOJAMENTO CONJUNTO;2022;1;99;140;0,7071428571428572
HRJP;ALOJAMENTO CONJUNTO;2022;2;103;136;0,7573529411764706
HRJP;ALOJAMENTO CONJUNTO;2022;3;94;135;0,6962962962962963
HRJP;ALOJAMENTO CONJUNTO;2022;4;96;152;0,631578947368421
HRJP;ALOJAMENTO CONJUNTO;2022;5;92;142;0,647887323943662
HRJP;ALOJAMENTO CONJUNTO;2022;6;75;119;0,6302521008403361
HRJP;ALOJAMENTO CONJUNTO;2022;7;95;137;0,6934306569343066
HRJP;ALOJAMENTO CONJUNTO;2022;8;96;120;0,8
HRJP;ALOJAMENTO CONJUNTO;2022;9;77;115;0,6695652173913044
HRJP;ALOJAMENTO CONJUNTO;2022;10;79;102;0,7745098039215687
HRJP;ALOJAMENTO CONJUNTO;2022;11;82;110;0,7454545454545455
HRJP;ALOJAMENTO CONJUNTO;2022;12;90;125;0,72
HRJP;ALOJAMENTO CONJUNTO;2023;1;83;128;0,6484375
HRJP;ALOJAMENTO CONJUNTO;2023;2;62;123;0,5040650406504065
HRJP;ALOJAMENTO CONJUNTO;2023;3;62;126;0,49206349206349204
HRJP;ALOJAMENTO CONJUNTO;2023;4;48;140;0,34285714285714286
HRJP;ALOJAMENTO CONJUNTO;2023;5;73;152;0,48026315789473684
HRJP;ALOJAMENTO CONJUNTO;2023;6;61;129;0,4728682170542636
HRJP;ALOJAMENTO CONJUNTO;2023;7;51;139;0,3669064748201439
HRJP;ALOJAMENTO CONJUNTO;2023;8;48;122;0,39344262295081966
HRJP;ALOJAMENTO CONJUNTO;2023;9;68;124;0,5483870967741935
HRJP;ALOJAMENTO CONJUNTO;2023;10;60;136;0,4411764705882353
HRJP;ALOJAMENTO CONJUNTO;2023;11;60;134;0,44776119402985076
HRJP;ALOJAMENTO CONJUNTO;2023;12;57;123;0,4634146341463415
HRJP;ALOJAMENTO CONJUNTO;2024;1;51;143;0,35664335664335667
HRJP;ALOJAMENTO CONJUNTO;2024;2;59;126;0,46825396825396826
HRJP;ALOJAMENTO CONJUNTO;2024;3;75;131;0,5725190839694656
HRJP;ALOJAMENTO CONJUNTO;2024;4;70;127;0,5511811023622047
HRJP;ALOJAMENTO CONJUNTO;2024;5;64;138;0,463768115942029
HRJP;ALOJAMENTO CONJUNTO;2024;6;57;142;0,4014084507042254
HRJP;ALOJAMENTO CONJUNTO;2024;7;56;124;0,45161290322580644
HRJP;ALOJAMENTO CONJUNTO;2024;8;58;128;0,453125
HRJP;ALOJAMENTO CONJUNTO;2024;9;67;149;0,44966442953020136
HRJP;ALOJAMENTO CONJUNTO;2024;10;58;139;0,4172661870503597
HRJP;ALOJAMENTO CONJUNTO;2024;11;7;19;0,3684210526315789
HRJP;ALOJAMENTO CONJUNTO /UNIDADE DE INTERNAÇÃO;2024;11;56;112;0,5
HRJP;ALOJAMENTO CONJUNTO /UNIDADE DE INTERNAÇÃO;2024;12;49;122;0,4016393442622951
HRJP;ALOJAMENTO CONJUNTO /UNIDADE DE INTERNAÇÃO;2025;1;66;134;0,4925373134328358
HRJP;ALOJAMENTO CONJUNTO /UNIDADE DE INTERNAÇÃO;2025;2;54;119;0,453781512605042
HRJP;ALOJAMENTO CONJUNTO /UNIDADE DE INTERNAÇÃO;2025;3;115;173;0,6647398843930635
HRJP;ALOJAMENTO CONJUNTO /UNIDADE DE INTERNAÇÃO;2025;4;95;156;0,6089743589743589
HRJP;ALOJAMENTO CONJUNTO /UNIDADE DE INTERNAÇÃO;2025;5;95;162;0,5864197530864198
HRJP;ALOJAMENTO CONJUNTO /UNIDADE DE INTERNAÇÃO;2025;6;116;157;0,7388535031847133
HRJP;ALOJAMENTO CONJUNTO /UNIDADE DE INTERNAÇÃO;2025;7;101;156;0,6474358974358975
HRJP;ALOJAMENTO CONJUNTO /UNIDADE DE INTERNAÇÃO;2025;8;98;161;0,6086956521739131
HRJP;ALOJAMENTO CONJUNTO /UNIDADE DE INTERNAÇÃO;2025;9;97;140;0,6928571428571428
HRJP;ALOJAMENTO CONJUNTO /UNIDADE DE INTERNAÇÃO;2025;10;118;161;0,7329192546583851
HRJP;ALOJAMENTO CONJUNTO /UNIDADE DE INTERNAÇÃO;2025;11;114;157;0,7261146496815286
HRJP;ALOJAMENTO CONJUNTO /UNIDADE DE INTERNAÇÃO;2025;12;104;149;0,697986577181208
HRJP;ALOJAMENTO CONJUNTO /UNIDADE DE INTERNAÇÃO;2026;1;121;170;0,711764705882353
HRJP;ALOJAMENTO CONJUNTO /UNIDADE DE INTERNAÇÃO;2026;2;97;156;0,6217948717948718
HRJP;ALOJAMENTO CONJUNTO /UNIDADE DE INTERNAÇÃO;2026;3;104;156;0,6666666666666666
HRJP;ALOJAMENTO CONJUNTO /UNIDADE DE INTERNAÇÃO;2026;4;124;180;0,6888888888888889
HRJP;ALOJAMENTO CONJUNTO /UNIDADE DE INTERNAÇÃO;2026;5;114;166;0,6867469879518072
HRJP;BLOCO CIRURGICO;2019;1;0;2;0,0
HRJP;BLOCO CIRURGICO;2019;5;0;1;0,0
HRJP;BLOCO CIRURGICO;2019;9;0;1;0,0
HRJP;BLOCO CIRURGICO;2020;11;1;1;1,0
HRJP;BLOCO CIRURGICO;2020;12;1;3;0,3333333333333333
HRJP;BLOCO CIRURGICO;2021;2;1;1;1,0
HRJP;BLOCO CIRURGICO;2021;3;1;1;1,0
HRJP;BLOCO CIRURGICO;2021;4;0;3;0,0
HRJP;BLOCO CIRURGICO;2021;5;1;3;0,3333333333333333
HRJP;BLOCO CIRURGICO;2021;6;0;1;0,0
HRJP;BLOCO CIRURGICO;2021;7;0;1;0,0
HRJP;BLOCO CIRURGICO;2021;8;0;2;0,0
HRJP;BLOCO CIRURGICO;2021;9;1;6;0,16666666666666666
HRJP;BLOCO CIRURGICO;2021;10;5;10;0,5
HRJP;BLOCO CIRURGICO;2021;11;4;6;0,6666666666666666
HRJP;BLOCO CIRURGICO;2021;12;2;7;0,2857142857142857
HRJP;BLOCO CIRURGICO;2022;1;0;3;0,0
HRJP;BLOCO CIRURGICO;2022;2;0;3;0,0
HRJP;BLOCO CIRURGICO;2022;3;1;3;0,3333333333333333
HRJP;BLOCO CIRURGICO;2022;4;3;4;0,75
HRJP;BLOCO CIRURGICO;2022;5;2;9;0,2222222222222222
HRJP;BLOCO CIRURGICO;2022;6;4;6;0,6666666666666666
HRJP;BLOCO CIRURGICO;2022;7;4;11;0,36363636363636365
HRJP;BLOCO CIRURGICO;2022;8;4;13;0,3076923076923077
HRJP;BLOCO CIRURGICO;2022;9;5;6;0,8333333333333334
HRJP;BLOCO CIRURGICO;2022;10;2;7;0,2857142857142857
HRJP;BLOCO CIRURGICO;2022;11;8;15;0,5333333333333333
HRJP;BLOCO CIRURGICO;2022;12;5;22;0,22727272727272727
HRJP;BLOCO CIRURGICO;2023;1;2;9;0,2222222222222222
HRJP;BLOCO CIRURGICO;2023;2;2;11;0,18181818181818182
HRJP;BLOCO CIRURGICO;2023;3;5;18;0,2777777777777778
HRJP;BLOCO CIRURGICO;2023;4;1;10;0,1
HRJP;BLOCO CIRURGICO;2023;5;2;22;0,09090909090909091
HRJP;BLOCO CIRURGICO;2023;6;2;15;0,13333333333333333
HRJP;BLOCO CIRURGICO;2023;7;1;12;0,08333333333333333
HRJP;BLOCO CIRURGICO;2023;8;1;15;0,06666666666666667
HRJP;BLOCO CIRURGICO;2023;9;2;13;0,15384615384615385
HRJP;BLOCO CIRURGICO;2023;10;3;14;0,21428571428571427
HRJP;BLOCO CIRURGICO;2023;11;3;14;0,21428571428571427
HRJP;BLOCO CIRURGICO;2023;12;2;19;0,10526315789473684
HRJP;BLOCO CIRURGICO;2024;1;1;11;0,09090909090909091
HRJP;BLOCO CIRURGICO;2024;2;3;14;0,21428571428571427
HRJP;BLOCO CIRURGICO;2024;3;3;14;0,21428571428571427
HRJP;BLOCO CIRURGICO;2024;4;0;10;0,0
HRJP;BLOCO CIRURGICO;2024;5;2;9;0,2222222222222222
HRJP;BLOCO CIRURGICO;2024;6;2;18;0,1111111111111111
HRJP;BLOCO CIRURGICO;2024;7;4;14;0,2857142857142857
HRJP;BLOCO CIRURGICO;2024;8;2;10;0,2
HRJP;BLOCO CIRURGICO;2024;9;0;9;0,0
HRJP;BLOCO CIRURGICO;2024;10;1;16;0,0625
HRJP;BLOCO CIRURGICO;2024;11;0;2;0,0
HRJP;BLOCO OBSTÉTRICO;2019;1;2;3;0,6666666666666666
HRJP;BLOCO OBSTÉTRICO;2019;2;2;4;0,5
HRJP;BLOCO OBSTÉTRICO;2019;3;1;1;1,0
HRJP;BLOCO OBSTÉTRICO;2019;4;0;2;0,0
HRJP;BLOCO OBSTÉTRICO;2019;6;1;4;0,25
HRJP;BLOCO OBSTÉTRICO;2019;8;0;2;0,0
HRJP;BLOCO OBSTÉTRICO;2019;9;1;1;1,0
HRJP;BLOCO OBSTÉTRICO;2019;10;0;1;0,0
HRJP;BLOCO OBSTÉTRICO;2020;1;1;1;1,0
HRJP;BLOCO OBSTÉTRICO;2020;5;0;1;0,0
HRJP;BLOCO OBSTÉTRICO;2020;6;1;1;1,0
HRJP;BLOCO OBSTÉTRICO;2020;7;0;1;0,0
HRJP;BLOCO OBSTÉTRICO;2020;10;0;1;0,0
HRJP;BLOCO OBSTÉTRICO;2020;11;0;1;0,0
HRJP;BLOCO OBSTÉTRICO;2021;1;1;1;1,0
HRJP;BLOCO OBSTÉTRICO;2021;2;1;1;1,0
HRJP;BLOCO OBSTÉTRICO;2021;4;0;1;0,0
HRJP;BLOCO OBSTÉTRICO;2021;5;2;2;1,0
HRJP;BLOCO OBSTÉTRICO;2021;11;0;1;0,0
HRJP;BLOCO OBSTÉTRICO;2022;1;1;1;1,0
HRJP;BLOCO OBSTÉTRICO;2022;2;1;1;1,0
HRJP;BLOCO OBSTÉTRICO;2022;3;0;1;0,0
HRJP;BLOCO OBSTÉTRICO;2022;4;1;2;0,5
HRJP;BLOCO OBSTÉTRICO;2022;5;1;2;0,5
HRJP;BLOCO OBSTÉTRICO;2022;6;1;2;0,5
HRJP;BLOCO OBSTÉTRICO;2022;8;0;1;0,0
HRJP;BLOCO OBSTÉTRICO;2022;10;0;2;0,0
HRJP;BLOCO OBSTÉTRICO;2022;12;1;1;1,0
HRJP;BLOCO OBSTÉTRICO;2023;1;1;1;1,0
HRJP;BLOCO OBSTÉTRICO;2023;2;1;2;0,5
HRJP;BLOCO OBSTÉTRICO;2023;4;0;2;0,0
HRJP;BLOCO OBSTÉTRICO;2023;5;1;1;1,0
HRJP;BLOCO OBSTÉTRICO;2023;6;0;1;0,0
HRJP;BLOCO OBSTÉTRICO;2023;8;1;1;1,0
HRJP;BLOCO OBSTÉTRICO;2023;9;0;1;0,0
HRJP;BLOCO OBSTÉTRICO;2023;10;1;1;1,0
HRJP;BLOCO OBSTÉTRICO;2023;11;0;3;0,0
HRJP;BLOCO OBSTÉTRICO;2023;12;1;2;0,5
HRJP;BLOCO OBSTÉTRICO;2024;1;3;4;0,75
HRJP;BLOCO OBSTÉTRICO;2024;5;0;1;0,0
HRJP;BLOCO OBSTÉTRICO;2024;6;1;1;1,0
HRJP;BLOCO OBSTÉTRICO;2024;9;0;1;0,0
HRJP;BLOCO OBSTÉTRICO;2024;10;0;2;0,0
HRJP;PRÉ-PARTO;2025;2;0;1;0,0
HRJP;PRÉ-PARTO;2025;12;0;1;0,0
HRJP;PRÉ-PARTO;2026;3;0;1;0,0
HRJP;PRÉ-PARTO;2026;4;1;3;0,3333333333333333
HRJP;PRÉ-PARTO;2026;5;1;2;0,5
HRJP;REABILITACAO;2019;1;0;1;0,0
HRJP;UNIDADE DE INTERNAÇÃO - CLÍNICA DIP ALA C;2024;11;9;16;0,5625
HRJP;UNIDADE DE INTERNAÇÃO - CLÍNICA DIP ALA C;2024;12;8;14;0,5714285714285714
HRJP;UNIDADE DE INTERNAÇÃO - CLÍNICA DIP ALA C;2025;1;4;6;0,6666666666666666
HRJP;UNIDADE DE INTERNAÇÃO - CLÍNICA DIP ALA C;2025;2;4;8;0,5
HRJP;UNIDADE DE INTERNAÇÃO - CLÍNICA DIP ALA C;2025;3;3;15;0,2
HRJP;UNIDADE DE INTERNAÇÃO - CLÍNICA DIP ALA C;2025;4;6;17;0,35294117647058826
HRJP;UNIDADE DE INTERNAÇÃO - CLÍNICA DIP ALA C;2025;5;3;14;0,21428571428571427
HRJP;UNIDADE DE INTERNAÇÃO - CLÍNICA DIP ALA C;2025;6;6;15;0,4
HRJP;UNIDADE DE INTERNAÇÃO - CLÍNICA DIP ALA C;2025;7;7;17;0,4117647058823529
HRJP;UNIDADE DE INTERNAÇÃO - CLÍNICA DIP ALA C;2025;8;10;16;0,625
HRJP;UNIDADE DE INTERNAÇÃO - CLÍNICA DIP ALA C;2025;9;10;19;0,5263157894736842
HRJP;UNIDADE DE INTERNAÇÃO - CLÍNICA DIP ALA C;2025;10;8;16;0,5
HRJP;UNIDADE DE INTERNAÇÃO - CLÍNICA DIP ALA C;2025;11;15;27;0,5555555555555556
HRJP;UNIDADE DE INTERNAÇÃO - CLÍNICA DIP ALA C;2025;12;10;20;0,5
HRJP;UNIDADE DE INTERNAÇÃO - CLÍNICA DIP ALA C;2026;5;8;15;0,5333333333333333
HRJP;UNIDADE INTERNAÇÃO - ALTO RISCO OBSTETRICO (MATERNIDADE);2019;1;63;140;0,45
HRJP;UNIDADE INTERNAÇÃO - ALTO RISCO OBSTETRICO (MATERNIDADE);2019;2;75;140;0,5357142857142857
HRJP;UNIDADE INTERNAÇÃO - ALTO RISCO OBSTETRICO (MATERNIDADE);2019;3;60;144;0,4166666666666667
HRJP;UNIDADE INTERNAÇÃO - ALTO RISCO OBSTETRICO (MATERNIDADE);2019;4;77;147;0,5238095238095238
HRJP;UNIDADE INTERNAÇÃO - ALTO RISCO OBSTETRICO (MATERNIDADE);2019;5;68;140;0,4857142857142857
HRJP;UNIDADE INTERNAÇÃO - ALTO RISCO OBSTETRICO (MATERNIDADE);2019;6;48;135;0,35555555555555557
HRJP;UNIDADE INTERNAÇÃO - ALTO RISCO OBSTETRICO (MATERNIDADE);2019;7;57;143;0,3986013986013986
HRJP;UNIDADE INTERNAÇÃO - ALTO RISCO OBSTETRICO (MATERNIDADE);2019;8;59;120;0,49166666666666664
HRJP;UNIDADE INTERNAÇÃO - ALTO RISCO OBSTETRICO (MATERNIDADE);2019;9;55;142;0,3873239436619718
HRJP;UNIDADE INTERNAÇÃO - ALTO RISCO OBSTETRICO (MATERNIDADE);2019;10;78;127;0,6141732283464567
HRJP;UNIDADE INTERNAÇÃO - ALTO RISCO OBSTETRICO (MATERNIDADE);2019;11;54;112;0,48214285714285715
HRJP;UNIDADE INTERNAÇÃO - ALTO RISCO OBSTETRICO (MATERNIDADE);2019;12;56;136;0,4117647058823529
HRJP;UNIDADE INTERNAÇÃO - ALTO RISCO OBSTETRICO (MATERNIDADE);2020;1;65;129;0,5038759689922481
HRJP;UNIDADE INTERNAÇÃO - ALTO RISCO OBSTETRICO (MATERNIDADE);2020;2;51;134;0,3805970149253731
HRJP;UNIDADE INTERNAÇÃO - ALTO RISCO OBSTETRICO (MATERNIDADE);2020;3;64;136;0,47058823529411764
HRJP;UNIDADE INTERNAÇÃO - ALTO RISCO OBSTETRICO (MATERNIDADE);2020;4;42;100;0,42
HRJP;UNIDADE INTERNAÇÃO - ALTO RISCO OBSTETRICO (MATERNIDADE);2020;5;50;127;0,3937007874015748
HRJP;UNIDADE INTERNAÇÃO - ALTO RISCO OBSTETRICO (MATERNIDADE);2020;6;40;134;0,29850746268656714
HRJP;UNIDADE INTERNAÇÃO - ALTO RISCO OBSTETRICO (MATERNIDADE);2020;7;45;126;0,35714285714285715
HRJP;UNIDADE INTERNAÇÃO - ALTO RISCO OBSTETRICO (MATERNIDADE);2020;8;54;135;0,4
HRJP;UNIDADE INTERNAÇÃO - ALTO RISCO OBSTETRICO (MATERNIDADE);2020;9;53;125;0,424
HRJP;UNIDADE INTERNAÇÃO - ALTO RISCO OBSTETRICO (MATERNIDADE);2020;10;46;110;0,41818181818181815
HRJP;UNIDADE INTERNAÇÃO - ALTO RISCO OBSTETRICO (MATERNIDADE);2020;11;56;135;0,4148148148148148
HRJP;UNIDADE INTERNAÇÃO - ALTO RISCO OBSTETRICO (MATERNIDADE);2020;12;45;117;0,38461538461538464
HRJP;UNIDADE INTERNAÇÃO - ALTO RISCO OBSTETRICO (MATERNIDADE);2021;1;61;137;0,44525547445255476
HRJP;UNIDADE INTERNAÇÃO - ALTO RISCO OBSTETRICO (MATERNIDADE);2021;2;45;114;0,39473684210526316
HRJP;UNIDADE INTERNAÇÃO - ALTO RISCO OBSTETRICO (MATERNIDADE);2021;3;31;80;0,3875
HRJP;UNIDADE INTERNAÇÃO - CLINICA CIRURGICA ALA A;2022;6;3;17;0,17647058823529413
HRJP;UNIDADE INTERNAÇÃO - CLINICA CIRURGICA ALA A;2022;7;16;32;0,5
HRJP;UNIDADE INTERNAÇÃO - CLINICA CIRURGICA ALA A;2022;8;14;25;0,56
HRJP;UNIDADE INTERNAÇÃO - CLINICA CIRURGICA ALA A;2022;9;11;24;0,4583333333333333
HRJP;UNIDADE INTERNAÇÃO - CLINICA CIRURGICA ALA A;2022;10;14;29;0,4827586206896552
HRJP;UNIDADE INTERNAÇÃO - CLINICA CIRURGICA ALA A;2022;11;8;27;0,2962962962962963
HRJP;UNIDADE INTERNAÇÃO - CLINICA CIRURGICA ALA A;2022;12;23;38;0,6052631578947368
HRJP;UNIDADE INTERNAÇÃO - CLINICA CIRURGICA ALA A;2023;1;19;30;0,6333333333333333
HRJP;UNIDADE INTERNAÇÃO - CLINICA CIRURGICA ALA A;2023;2;11;26;0,4230769230769231
HRJP;UNIDADE INTERNAÇÃO - CLINICA CIRURGICA ALA A;2023;3;14;37;0,3783783783783784
HRJP;UNIDADE INTERNAÇÃO - CLINICA CIRURGICA ALA A;2023;4;12;35;0,34285714285714286
HRJP;UNIDADE INTERNAÇÃO - CLINICA CIRURGICA ALA A;2023;5;8;37;0,21621621621621623
HRJP;UNIDADE INTERNAÇÃO - CLINICA CIRURGICA ALA A;2023;6;15;26;0,5769230769230769
HRJP;UNIDADE INTERNAÇÃO - CLINICA CIRURGICA ALA A;2023;7;15;27;0,5555555555555556
HRJP;UNIDADE INTERNAÇÃO - CLINICA CIRURGICA ALA A;2023;8;15;36;0,4166666666666667
HRJP;UNIDADE INTERNAÇÃO - CLINICA CIRURGICA ALA A;2023;9;17;32;0,53125
HRJP;UNIDADE INTERNAÇÃO - CLINICA CIRURGICA ALA A;2023;10;29;34;0,8529411764705882
HRJP;UNIDADE INTERNAÇÃO - CLINICA CIRURGICA ALA A;2023;11;18;28;0,6428571428571429
HRJP;UNIDADE INTERNAÇÃO - CLINICA CIRURGICA ALA A;2023;12;14;19;0,7368421052631579
HRJP;UNIDADE INTERNAÇÃO - CLINICA CIRURGICA ALA A;2024;1;5;9;0,5555555555555556
HRJP;UNIDADE INTERNAÇÃO - CLINICA CIRURGICA ALA A;2024;2;6;17;0,35294117647058826
HRJP;UNIDADE INTERNAÇÃO - CLINICA CIRURGICA ALA A;2024;3;9;14;0,6428571428571429
HRJP;UNIDADE INTERNAÇÃO - CLINICA CIRURGICA ALA A;2024;4;8;14;0,5714285714285714
HRJP;UNIDADE INTERNAÇÃO - CLINICA CIRURGICA ALA A;2024;5;3;6;0,5
HRJP;UNIDADE INTERNAÇÃO - CLINICA CIRURGICA ALA A;2024;6;9;17;0,5294117647058824
HRJP;UNIDADE INTERNAÇÃO - CLINICA CIRURGICA ALA A;2024;7;6;12;0,5
HRJP;UNIDADE INTERNAÇÃO - CLINICA CIRURGICA ALA A;2024;8;1;5;0,2
HRJP;UNIDADE INTERNAÇÃO - CLINICA CIRURGICA ALA A;2024;9;5;13;0,38461538461538464
HRJP;UNIDADE INTERNAÇÃO - CLINICA CIRURGICA ALA A;2024;10;12;25;0,48
HRJP;UNIDADE INTERNAÇÃO - CLINICA CIRURGICA ALA A;2024;11;2;2;1,0
HRJP;UNIDADE INTERNAÇÃO - CLÍNICA CIRÚRGICA ALA A;2024;11;10;19;0,5263157894736842
HRJP;UNIDADE INTERNAÇÃO - CLÍNICA CIRÚRGICA ALA A;2024;12;9;17;0,5294117647058824
HRJP;UNIDADE INTERNAÇÃO - CLÍNICA CIRÚRGICA ALA A;2025;1;9;18;0,5
HRJP;UNIDADE INTERNAÇÃO - CLÍNICA CIRÚRGICA ALA A;2025;2;6;17;0,35294117647058826
HRJP;UNIDADE INTERNAÇÃO - CLÍNICA CIRÚRGICA ALA A;2025;3;5;15;0,3333333333333333
HRJP;UNIDADE INTERNAÇÃO - CLÍNICA CIRÚRGICA ALA A;2025;4;9;16;0,5625
HRJP;UNIDADE INTERNAÇÃO - CLÍNICA CIRÚRGICA ALA A;2025;5;10;20;0,5
HRJP;UNIDADE INTERNAÇÃO - CLÍNICA CIRÚRGICA ALA A;2025;6;11;19;0,5789473684210527
HRJP;UNIDADE INTERNAÇÃO - CLÍNICA CIRÚRGICA ALA A;2025;7;9;15;0,6
HRJP;UNIDADE INTERNAÇÃO - CLÍNICA CIRÚRGICA ALA A;2025;8;9;19;0,47368421052631576
HRJP;UNIDADE INTERNAÇÃO - CLÍNICA CIRÚRGICA ALA A;2025;9;12;15;0,8
HRJP;UNIDADE INTERNAÇÃO - CLÍNICA CIRÚRGICA ALA A;2025;10;8;19;0,42105263157894735
HRJP;UNIDADE INTERNAÇÃO - CLÍNICA CIRÚRGICA ALA A;2025;11;4;12;0,3333333333333333
HRJP;UNIDADE INTERNAÇÃO - CLÍNICA CIRÚRGICA ALA A;2025;12;5;12;0,4166666666666667
HRJP;UNIDADE INTERNAÇÃO - CLÍNICA CIRÚRGICA ALA A;2026;1;9;14;0,6428571428571429
HRJP;UNIDADE INTERNAÇÃO - CLÍNICA CIRÚRGICA ALA A;2026;2;13;21;0,6190476190476191
HRJP;UNIDADE INTERNAÇÃO - CLÍNICA CIRÚRGICA ALA A;2026;3;15;29;0,5172413793103449
HRJP;UNIDADE INTERNAÇÃO - CLÍNICA CIRÚRGICA ALA A;2026;4;19;35;0,5428571428571428
HRJP;UNIDADE INTERNAÇÃO - CLÍNICA CIRÚRGICA ALA A;2026;5;9;17;0,5294117647058824
HRJP;UNIDADE INTERNAÇÃO - CLINICA CIRURGICA ALA B;2022;6;3;16;0,1875
HRJP;UNIDADE INTERNAÇÃO - CLINICA CIRURGICA ALA B;2022;7;7;18;0,3888888888888889
HRJP;UNIDADE INTERNAÇÃO - CLINICA CIRURGICA ALA B;2022;8;14;35;0,4
HRJP;UNIDADE INTERNAÇÃO - CLINICA CIRURGICA ALA B;2022;9;9;29;0,3103448275862069
HRJP;UNIDADE INTERNAÇÃO - CLINICA CIRURGICA ALA B;2022;10;17;33;0,5151515151515151
HRJP;UNIDADE INTERNAÇÃO - CLINICA CIRURGICA ALA B;2022;11;7;18;0,3888888888888889
HRJP;UNIDADE INTERNAÇÃO - CLINICA CIRURGICA ALA B;2022;12;11;26;0,4230769230769231
HRJP;UNIDADE INTERNAÇÃO - CLINICA CIRURGICA ALA B;2023;1;12;31;0,3870967741935484
HRJP;UNIDADE INTERNAÇÃO - CLINICA CIRURGICA ALA B;2023;2;11;22;0,5
HRJP;UNIDADE INTERNAÇÃO - CLINICA CIRURGICA ALA B;2023;3;1;8;0,125
HRJP;UNIDADE INTERNAÇÃO - CLINICA CIRURGICA ALA B;2023;4;10;20;0,5
HRJP;UNIDADE INTERNAÇÃO - CLINICA CIRURGICA ALA B;2023;5;10;22;0,45454545454545453
HRJP;UNIDADE INTERNAÇÃO - CLINICA CIRURGICA ALA B;2023;6;11;20;0,55
HRJP;UNIDADE INTERNAÇÃO - CLINICA CIRURGICA ALA B;2023;7;15;20;0,75
HRJP;UNIDADE INTERNAÇÃO - CLINICA CIRURGICA ALA B;2023;8;9;15;0,6
HRJP;UNIDADE INTERNAÇÃO - CLINICA CIRURGICA ALA B;2023;9;9;18;0,5
HRJP;UNIDADE INTERNAÇÃO - CLINICA CIRURGICA ALA B;2023;10;10;14;0,7142857142857143
HRJP;UNIDADE INTERNAÇÃO - CLINICA CIRURGICA ALA B;2023;11;8;11;0,7272727272727273
HRJP;UNIDADE INTERNAÇÃO - CLINICA CIRURGICA ALA B;2023;12;4;9;0,4444444444444444
HRJP;UNIDADE INTERNAÇÃO - CLINICA CIRURGICA ALA B;2024;1;3;7;0,42857142857142855
HRJP;UNIDADE INTERNAÇÃO - CLINICA CIRURGICA ALA B;2024;2;10;23;0,43478260869565216
HRJP;UNIDADE INTERNAÇÃO - CLINICA CIRURGICA ALA B;2024;3;16;20;0,8
HRJP;UNIDADE INTERNAÇÃO - CLINICA CIRURGICA ALA B;2024;4;9;15;0,6
HRJP;UNIDADE INTERNAÇÃO - CLINICA CIRURGICA ALA B;2024;5;2;6;0,3333333333333333
HRJP;UNIDADE INTERNAÇÃO - CLINICA CIRURGICA ALA B;2024;6;5;5;1,0
HRJP;UNIDADE INTERNAÇÃO - CLINICA CIRURGICA ALA B;2024;7;4;9;0,4444444444444444
HRJP;UNIDADE INTERNAÇÃO - CLINICA CIRURGICA ALA B;2024;8;0;2;0,0
HRJP;UNIDADE INTERNAÇÃO - CLINICA CIRURGICA ALA B;2024;9;4;9;0,4444444444444444
HRJP;UNIDADE INTERNAÇÃO - CLINICA CIRURGICA ALA B;2024;10;5;7;0,7142857142857143
HRJP;UNIDADE INTERNAÇÃO - CLÍNICA CIRÚRGICA ALA B;2024;11;3;7;0,42857142857142855
HRJP;UNIDADE INTERNAÇÃO - CLÍNICA CIRÚRGICA ALA B;2024;12;2;3;0,6666666666666666
HRJP;UNIDADE INTERNAÇÃO - CLÍNICA CIRÚRGICA ALA B;2025;1;0;2;0,0
HRJP;UNIDADE INTERNAÇÃO - CLÍNICA CIRÚRGICA ALA B;2025;2;3;5;0,6
HRJP;UNIDADE INTERNAÇÃO - CLÍNICA CIRÚRGICA ALA B;2025;3;0;6;0,0
HRJP;UNIDADE INTERNAÇÃO - CLÍNICA CIRÚRGICA ALA B;2025;4;3;14;0,21428571428571427
HRJP;UNIDADE INTERNAÇÃO - CLÍNICA CIRÚRGICA ALA B;2025;5;11;18;0,6111111111111112
HRJP;UNIDADE INTERNAÇÃO - CLÍNICA CIRÚRGICA ALA B;2025;6;10;16;0,625
HRJP;UNIDADE INTERNAÇÃO - CLÍNICA CIRÚRGICA ALA B;2025;7;1;2;0,5
HRJP;UNIDADE INTERNAÇÃO - CLÍNICA CIRÚRGICA ALA B;2025;8;6;9;0,6666666666666666
HRJP;UNIDADE INTERNAÇÃO - CLÍNICA CIRÚRGICA ALA B;2025;9;4;16;0,25
HRJP;UNIDADE INTERNAÇÃO - CLÍNICA CIRÚRGICA ALA B;2025;10;4;10;0,4
HRJP;UNIDADE INTERNAÇÃO - CLÍNICA CIRÚRGICA ALA B;2025;11;2;3;0,6666666666666666
HRJP;UNIDADE INTERNAÇÃO - CLÍNICA CIRÚRGICA ALA B;2025;12;10;21;0,47619047619047616
HRJP;UNIDADE INTERNAÇÃO - CLÍNICA CIRÚRGICA ALA B;2026;1;6;10;0,6
HRJP;UNIDADE INTERNAÇÃO - CLÍNICA CIRÚRGICA ALA B;2026;2;6;10;0,6
HRJP;UNIDADE INTERNAÇÃO - CLÍNICA CIRÚRGICA ALA B;2026;3;20;43;0,46511627906976744
HRJP;UNIDADE INTERNAÇÃO - CLÍNICA CIRÚRGICA ALA B;2026;4;15;36;0,4166666666666667
HRJP;UNIDADE INTERNAÇÃO - CLÍNICA CIRÚRGICA ALA B;2026;5;17;29;0,5862068965517241
HRJP;UNIDADE INTERNAÇÃO - CLINICA CIRURGICA ALA C;2024;5;19;28;0,6785714285714286
HRJP;UNIDADE INTERNAÇÃO - CLINICA CIRURGICA ALA C;2024;6;18;27;0,6666666666666666
HRJP;UNIDADE INTERNAÇÃO - CLINICA CIRURGICA ALA C;2024;7;20;34;0,5882352941176471
HRJP;UNIDADE INTERNAÇÃO - CLINICA CIRURGICA ALA C;2024;8;13;21;0,6190476190476191
HRJP;UNIDADE INTERNAÇÃO - CLINICA CIRURGICA ALA C;2024;9;18;28;0,6428571428571429
HRJP;UNIDADE INTERNAÇÃO - CLINICA CIRURGICA ALA C;2024;10;11;21;0,5238095238095238
HRJP;UNIDADE INTERNAÇÃO - CLINICA CIRURGICA ALA C;2024;11;4;4;1,0
HRJP;UNIDADE INTERNAÇÃO - CLÍNICA CIRÚRGICA ALA C;2024;11;8;13;0,6153846153846154
HRJP;UNIDADE INTERNAÇÃO - CLÍNICA CIRÚRGICA ALA C;2024;12;13;18;0,7222222222222222
HRJP;UNIDADE INTERNAÇÃO - CLÍNICA CIRÚRGICA ALA C;2025;1;6;12;0,5
HRJP;UNIDADE INTERNAÇÃO - CLÍNICA CIRÚRGICA ALA C;2025;2;11;17;0,6470588235294118
HRJP;UNIDADE INTERNAÇÃO - CLÍNICA CIRÚRGICA ALA C;2025;3;11;23;0,4782608695652174
HRJP;UNIDADE INTERNAÇÃO - CLÍNICA CIRÚRGICA ALA C;2025;4;8;28;0,2857142857142857
HRJP;UNIDADE INTERNAÇÃO - CLÍNICA CIRÚRGICA ALA C;2025;5;5;13;0,38461538461538464
HRJP;UNIDADE INTERNAÇÃO - CLÍNICA CIRÚRGICA ALA C;2025;6;11;20;0,55
HRJP;UNIDADE INTERNAÇÃO - CLÍNICA CIRÚRGICA ALA C;2025;7;22;32;0,6875
HRJP;UNIDADE INTERNAÇÃO - CLÍNICA CIRÚRGICA ALA C;2025;8;18;33;0,5454545454545454
HRJP;UNIDADE INTERNAÇÃO - CLÍNICA CIRÚRGICA ALA C;2025;9;14;26;0,5384615384615384
HRJP;UNIDADE INTERNAÇÃO - CLÍNICA CIRÚRGICA ALA C;2025;10;13;24;0,5416666666666666
HRJP;UNIDADE INTERNAÇÃO - CLÍNICA CIRÚRGICA ALA C;2025;11;5;13;0,38461538461538464
HRJP;UNIDADE INTERNAÇÃO - CLÍNICA CIRÚRGICA ALA C;2025;12;9;11;0,8181818181818182
HRJP;UNIDADE INTERNAÇÃO - CLÍNICA CIRÚRGICA ALA C;2026;1;0;1;0,0
HRJP;UNIDADE INTERNAÇÃO - CLÍNICA CIRÚRGICA ALA C;2026;2;0;2;0,0
HRJP;UNIDADE INTERNAÇÃO - CLÍNICA CIRÚRGICA ALA C;2026;5;7;19;0,3684210526315789
HRJP;UNIDADE INTERNAÇÃO - CLINICA MÉDICA ALA A;2021;7;1;3;0,3333333333333333
HRJP;UNIDADE INTERNAÇÃO - CLINICA MÉDICA ALA A;2021;8;7;22;0,3181818181818182
HRJP;UNIDADE INTERNAÇÃO - CLINICA MÉDICA ALA A;2021;9;11;23;0,4782608695652174
HRJP;UNIDADE INTERNAÇÃO - CLINICA MÉDICA ALA A;2021;10;5;11;0,45454545454545453
HRJP;UNIDADE INTERNAÇÃO - CLINICA MÉDICA ALA A;2021;11;17;27;0,6296296296296297
HRJP;UNIDADE INTERNAÇÃO - CLINICA MÉDICA ALA A;2021;12;23;44;0,5227272727272727
HRJP;UNIDADE INTERNAÇÃO - CLINICA MÉDICA ALA A;2022;1;18;28;0,6428571428571429
HRJP;UNIDADE INTERNAÇÃO - CLINICA MÉDICA ALA A;2022;2;17;31;0,5483870967741935
HRJP;UNIDADE INTERNAÇÃO - CLINICA MÉDICA ALA A;2022;3;25;39;0,6410256410256411
HRJP;UNIDADE INTERNAÇÃO - CLINICA MÉDICA ALA A;2022;4;20;35;0,5714285714285714
HRJP;UNIDADE INTERNAÇÃO - CLINICA MÉDICA ALA A;2022;5;28;65;0,4307692307692308
HRJP;UNIDADE INTERNAÇÃO - CLINICA MÉDICA ALA A;2022;6;5;14;0,35714285714285715
HRJP;UNIDADE INTERNAÇÃO - CLINICA MÉDICA ALA A;2022;7;7;14;0,5
HRJP;UNIDADE INTERNAÇÃO - CLINICA MÉDICA ALA A;2022;8;6;15;0,4
HRJP;UNIDADE INTERNAÇÃO - CLINICA MÉDICA ALA A;2022;9;4;12;0,3333333333333333
HRJP;UNIDADE INTERNAÇÃO - CLINICA MÉDICA ALA A;2022;10;9;18;0,5
HRJP;UNIDADE INTERNAÇÃO - CLINICA MÉDICA ALA A;2022;11;5;10;0,5
HRJP;UNIDADE INTERNAÇÃO - CLINICA MÉDICA ALA A;2022;12;2;5;0,4
HRJP;UNIDADE INTERNAÇÃO - CLINICA MÉDICA ALA A;2023;1;3;5;0,6
HRJP;UNIDADE INTERNAÇÃO - CLINICA MÉDICA ALA A;2023;2;4;9;0,4444444444444444
HRJP;UNIDADE INTERNAÇÃO - CLINICA MÉDICA ALA A;2023;3;8;17;0,47058823529411764
HRJP;UNIDADE INTERNAÇÃO - CLINICA MÉDICA ALA A;2023;4;6;17;0,35294117647058826
HRJP;UNIDADE INTERNAÇÃO - CLINICA MÉDICA ALA A;2023;5;7;13;0,5384615384615384
HRJP;UNIDADE INTERNAÇÃO - CLINICA MÉDICA ALA A;2023;6;6;13;0,46153846153846156
HRJP;UNIDADE INTERNAÇÃO - CLINICA MÉDICA ALA A;2023;7;8;24;0,3333333333333333
HRJP;UNIDADE INTERNAÇÃO - CLINICA MÉDICA ALA A;2023;8;8;18;0,4444444444444444
HRJP;UNIDADE INTERNAÇÃO - CLINICA MÉDICA ALA A;2023;9;5;9;0,5555555555555556
HRJP;UNIDADE INTERNAÇÃO - CLINICA MÉDICA ALA A;2023;10;5;11;0,45454545454545453
HRJP;UNIDADE INTERNAÇÃO - CLINICA MÉDICA ALA A;2023;11;8;14;0,5714285714285714
HRJP;UNIDADE INTERNAÇÃO - CLINICA MÉDICA ALA A;2023;12;8;16;0,5
HRJP;UNIDADE INTERNAÇÃO - CLINICA MÉDICA ALA A;2024;1;5;14;0,35714285714285715
HRJP;UNIDADE INTERNAÇÃO - CLINICA MÉDICA ALA A;2024;2;8;22;0,36363636363636365
HRJP;UNIDADE INTERNAÇÃO - CLINICA MÉDICA ALA A;2024;3;16;36;0,4444444444444444
HRJP;UNIDADE INTERNAÇÃO - CLINICA MÉDICA ALA A;2024;4;18;46;0,391304347826087
HRJP;UNIDADE INTERNAÇÃO - CLINICA MÉDICA ALA A;2024;5;26;56;0,4642857142857143
HRJP;UNIDADE INTERNAÇÃO - CLINICA MÉDICA ALA A;2024;6;17;34;0,5
HRJP;UNIDADE INTERNAÇÃO - CLINICA MÉDICA ALA A;2024;7;13;30;0,43333333333333335
HRJP;UNIDADE INTERNAÇÃO - CLINICA MÉDICA ALA A;2024;8;22;42;0,5238095238095238
HRJP;UNIDADE INTERNAÇÃO - CLINICA MÉDICA ALA A;2024;9;26;40;0,65
HRJP;UNIDADE INTERNAÇÃO - CLINICA MÉDICA ALA A;2024;10;26;40;0,65
HRJP;UNIDADE INTERNAÇÃO - CLINICA MÉDICA ALA A;2024;11;2;7;0,2857142857142857
HRJP;UNIDADE INTERNAÇÃO - CLÍNICA MÉDICA ALA A;2024;10;0;1;0,0
HRJP;UNIDADE INTERNAÇÃO - CLÍNICA MÉDICA ALA A;2024;11;28;38;0,7368421052631579
HRJP;UNIDADE INTERNAÇÃO - CLÍNICA MÉDICA ALA A;2024;12;28;44;0,6363636363636364
HRJP;UNIDADE INTERNAÇÃO - CLÍNICA MÉDICA ALA A;2025;1;23;42;0,5476190476190477
HRJP;UNIDADE INTERNAÇÃO - CLÍNICA MÉDICA ALA A;2025;2;19;44;0,4318181818181818
HRJP;UNIDADE INTERNAÇÃO - CLÍNICA MÉDICA ALA A;2025;3;29;57;0,5087719298245614
HRJP;UNIDADE INTERNAÇÃO - CLÍNICA MÉDICA ALA A;2025;4;26;57;0,45614035087719296
HRJP;UNIDADE INTERNAÇÃO - CLÍNICA MÉDICA ALA A;2025;5;32;57;0,5614035087719298
HRJP;UNIDADE INTERNAÇÃO - CLÍNICA MÉDICA ALA A;2025;6;28;46;0,6086956521739131
HRJP;UNIDADE INTERNAÇÃO - CLÍNICA MÉDICA ALA A;2025;7;30;58;0,5172413793103449
HRJP;UNIDADE INTERNAÇÃO - CLÍNICA MÉDICA ALA A;2025;8;16;46;0,34782608695652173
HRJP;UNIDADE INTERNAÇÃO - CLÍNICA MÉDICA ALA A;2025;9;14;47;0,2978723404255319
HRJP;UNIDADE INTERNAÇÃO - CLÍNICA MÉDICA ALA A;2025;10;24;46;0,5217391304347826
HRJP;UNIDADE INTERNAÇÃO - CLÍNICA MÉDICA ALA A;2025;11;35;66;0,5303030303030303
HRJP;UNIDADE INTERNAÇÃO - CLÍNICA MÉDICA ALA A;2025;12;13;28;0,4642857142857143
HRJP;UNIDADE INTERNAÇÃO - CLÍNICA MÉDICA ALA A;2026;1;13;40;0,325
HRJP;UNIDADE INTERNAÇÃO - CLÍNICA MÉDICA ALA A;2026;2;29;52;0,5576923076923077
HRJP;UNIDADE INTERNAÇÃO - CLÍNICA MÉDICA ALA A;2026;3;50;108;0,46296296296296297
HRJP;UNIDADE INTERNAÇÃO - CLÍNICA MÉDICA ALA A;2026;4;48;102;0,47058823529411764
HRJP;UNIDADE INTERNAÇÃO - CLÍNICA MÉDICA ALA A;2026;5;29;52;0,5576923076923077
HRJP;UNIDADE INTERNAÇÃO - CLINICA MÉDICA ALA B;2019;1;27;51;0,5294117647058824
HRJP;UNIDADE INTERNAÇÃO - CLINICA MÉDICA ALA B;2019;2;25;56;0,44642857142857145
HRJP;UNIDADE INTERNAÇÃO - CLINICA MÉDICA ALA B;2019;3;21;58;0,3620689655172414
HRJP;UNIDADE INTERNAÇÃO - CLINICA MÉDICA ALA B;2019;4;24;62;0,3870967741935484
HRJP;UNIDADE INTERNAÇÃO - CLINICA MÉDICA ALA B;2019;5;32;79;0,4050632911392405
HRJP;UNIDADE INTERNAÇÃO - CLINICA MÉDICA ALA B;2019;6;25;66;0,3787878787878788
HRJP;UNIDADE INTERNAÇÃO - CLINICA MÉDICA ALA B;2019;7;45;85;0,5294117647058824
HRJP;UNIDADE INTERNAÇÃO - CLINICA MÉDICA ALA B;2019;8;33;76;0,4342105263157895
HRJP;UNIDADE INTERNAÇÃO - CLINICA MÉDICA ALA B;2019;9;40;71;0,5633802816901409
HRJP;UNIDADE INTERNAÇÃO - CLINICA MÉDICA ALA B;2019;10;51;91;0,5604395604395604
HRJP;UNIDADE INTERNAÇÃO - CLINICA MÉDICA ALA B;2019;11;45;89;0,5056179775280899
HRJP;UNIDADE INTERNAÇÃO - CLINICA MÉDICA ALA B;2019;12;56;101;0,5544554455445545
HRJP;UNIDADE INTERNAÇÃO - CLINICA MÉDICA ALA B;2020;1;51;71;0,7183098591549296
HRJP;UNIDADE INTERNAÇÃO - CLINICA MÉDICA ALA B;2020;2;43;82;0,524390243902439
HRJP;UNIDADE INTERNAÇÃO - CLINICA MÉDICA ALA B;2020;3;48;93;0,5161290322580645
HRJP;UNIDADE INTERNAÇÃO - CLINICA MÉDICA ALA B;2020;4;5;20;0,25
HRJP;UNIDADE INTERNAÇÃO - CLINICA MÉDICA ALA B;2020;5;6;37;0,16216216216216217
HRJP;UNIDADE INTERNAÇÃO - CLINICA MÉDICA ALA B;2020;6;4;30;0,13333333333333333
HRJP;UNIDADE INTERNAÇÃO - CLINICA MÉDICA ALA B;2020;7;11;44;0,25
HRJP;UNIDADE INTERNAÇÃO - CLINICA MÉDICA ALA B;2020;8;6;45;0,13333333333333333
HRJP;UNIDADE INTERNAÇÃO - CLINICA MÉDICA ALA B;2020;9;7;41;0,17073170731707318
HRJP;UNIDADE INTERNAÇÃO - CLINICA MÉDICA ALA B;2020;10;6;37;0,16216216216216217
HRJP;UNIDADE INTERNAÇÃO - CLINICA MÉDICA ALA B;2020;11;14;67;0,208955223880597
HRJP;UNIDADE INTERNAÇÃO - CLINICA MÉDICA ALA B;2020;12;29;99;0,29292929292929293
HRJP;UNIDADE INTERNAÇÃO - CLINICA MÉDICA ALA B;2021;1;6;52;0,11538461538461539
HRJP;UNIDADE INTERNAÇÃO - CLINICA MÉDICA ALA B;2021;2;11;43;0,2558139534883721
HRJP;UNIDADE INTERNAÇÃO - CLINICA MÉDICA ALA B;2021;3;27;90;0,3
HRJP;UNIDADE INTERNAÇÃO - CLINICA MÉDICA ALA B;2021;4;33;79;0,4177215189873418
HRJP;UNIDADE INTERNAÇÃO - CLINICA MÉDICA ALA B;2021;5;13;35;0,37142857142857144
HRJP;UNIDADE INTERNAÇÃO - CLINICA MÉDICA ALA B;2021;6;20;59;0,3389830508474576
HRJP;UNIDADE INTERNAÇÃO - CLINICA MÉDICA ALA B;2021;7;7;21;0,3333333333333333
HRJP;UNIDADE INTERNAÇÃO - CLINICA MÉDICA ALA B;2021;12;17;26;0,6538461538461539
HRJP;UNIDADE INTERNAÇÃO - CLINICA MÉDICA ALA B;2022;1;8;20;0,4
HRJP;UNIDADE INTERNAÇÃO - CLINICA MÉDICA ALA B;2022;2;10;36;0,2777777777777778
HRJP;UNIDADE INTERNAÇÃO - CLINICA MÉDICA ALA B;2022;3;13;46;0,2826086956521739
HRJP;UNIDADE INTERNAÇÃO - CLINICA MÉDICA ALA B;2022;4;8;40;0,2
HRJP;UNIDADE INTERNAÇÃO - CLINICA MÉDICA ALA B;2022;5;15;43;0,3488372093023256
HRJP;UNIDADE INTERNAÇÃO - CLINICA MÉDICA ALA B;2022;6;2;12;0,16666666666666666
HRJP;UNIDADE INTERNAÇÃO - CLINICA MÉDICA ALA B;2022;7;3;12;0,25
HRJP;UNIDADE INTERNAÇÃO - CLINICA MÉDICA ALA B;2022;8;6;11;0,5454545454545454
HRJP;UNIDADE INTERNAÇÃO - CLINICA MÉDICA ALA B;2022;9;3;11;0,2727272727272727
HRJP;UNIDADE INTERNAÇÃO - CLINICA MÉDICA ALA B;2022;10;2;10;0,2
HRJP;UNIDADE INTERNAÇÃO - CLINICA MÉDICA ALA B;2022;11;7;20;0,35
HRJP;UNIDADE INTERNAÇÃO - CLINICA MÉDICA ALA B;2022;12;4;7;0,5714285714285714
HRJP;UNIDADE INTERNAÇÃO - CLINICA MÉDICA ALA B;2023;1;2;4;0,5
HRJP;UNIDADE INTERNAÇÃO - CLINICA MÉDICA ALA B;2023;2;13;22;0,5909090909090909
HRJP;UNIDADE INTERNAÇÃO - CLINICA MÉDICA ALA B;2023;3;5;26;0,19230769230769232
HRJP;UNIDADE INTERNAÇÃO - CLINICA MÉDICA ALA B;2023;4;5;19;0,2631578947368421
HRJP;UNIDADE INTERNAÇÃO - CLINICA MÉDICA ALA B;2023;5;14;23;0,6086956521739131
HRJP;UNIDADE INTERNAÇÃO - CLINICA MÉDICA ALA B;2023;6;13;22;0,5909090909090909
HRJP;UNIDADE INTERNAÇÃO - CLINICA MÉDICA ALA B;2023;7;9;19;0,47368421052631576
HRJP;UNIDADE INTERNAÇÃO - CLINICA MÉDICA ALA B;2023;8;7;11;0,6363636363636364
HRJP;UNIDADE INTERNAÇÃO - CLINICA MÉDICA ALA B;2023;9;9;18;0,5
HRJP;UNIDADE INTERNAÇÃO - CLINICA MÉDICA ALA B;2023;10;12;14;0,8571428571428571
HRJP;UNIDADE INTERNAÇÃO - CLINICA MÉDICA ALA B;2023;11;7;19;0,3684210526315789
HRJP;UNIDADE INTERNAÇÃO - CLINICA MÉDICA ALA B;2023;12;14;21;0,6666666666666666
HRJP;UNIDADE INTERNAÇÃO - CLINICA MÉDICA ALA B;2024;1;3;8;0,375
HRJP;UNIDADE INTERNAÇÃO - CLINICA MÉDICA ALA B;2024;2;6;12;0,5
HRJP;UNIDADE INTERNAÇÃO - CLINICA MÉDICA ALA B;2024;3;8;19;0,42105263157894735
HRJP;UNIDADE INTERNAÇÃO - CLINICA MÉDICA ALA B;2024;4;12;22;0,5454545454545454
HRJP;UNIDADE INTERNAÇÃO - CLINICA MÉDICA ALA B;2024;5;9;22;0,4090909090909091
HRJP;UNIDADE INTERNAÇÃO - CLINICA MÉDICA ALA B;2024;6;10;20;0,5
HRJP;UNIDADE INTERNAÇÃO - CLINICA MÉDICA ALA B;2024;7;9;17;0,5294117647058824
HRJP;UNIDADE INTERNAÇÃO - CLINICA MÉDICA ALA B;2024;8;8;23;0,34782608695652173
HRJP;UNIDADE INTERNAÇÃO - CLINICA MÉDICA ALA B;2024;9;12;20;0,6
HRJP;UNIDADE INTERNAÇÃO - CLINICA MÉDICA ALA B;2024;10;12;26;0,46153846153846156
HRJP;UNIDADE INTERNAÇÃO - CLINICA MÉDICA ALA B;2024;11;3;4;0,75
HRJP;UNIDADE INTERNAÇÃO - CLÍNICA MÉDICA ALA B;2024;11;14;29;0,4827586206896552
HRJP;UNIDADE INTERNAÇÃO - CLÍNICA MÉDICA ALA B;2024;12;10;29;0,3448275862068966
HRJP;UNIDADE INTERNAÇÃO - CLÍNICA MÉDICA ALA B;2025;1;10;32;0,3125
HRJP;UNIDADE INTERNAÇÃO - CLÍNICA MÉDICA ALA B;2025;2;15;34;0,4411764705882353
HRJP;UNIDADE INTERNAÇÃO - CLÍNICA MÉDICA ALA B;2025;3;13;42;0,30952380952380953
HRJP;UNIDADE INTERNAÇÃO - CLÍNICA MÉDICA ALA B;2025;4;16;34;0,47058823529411764
HRJP;UNIDADE INTERNAÇÃO - CLÍNICA MÉDICA ALA B;2025;5;20;41;0,4878048780487805
HRJP;UNIDADE INTERNAÇÃO - CLÍNICA MÉDICA ALA B;2025;6;16;37;0,43243243243243246
HRJP;UNIDADE INTERNAÇÃO - CLÍNICA MÉDICA ALA B;2025;7;11;29;0,3793103448275862
HRJP;UNIDADE INTERNAÇÃO - CLÍNICA MÉDICA ALA B;2025;8;10;28;0,35714285714285715
HRJP;UNIDADE INTERNAÇÃO - CLÍNICA MÉDICA ALA B;2025;9;15;46;0,32608695652173914
HRJP;UNIDADE INTERNAÇÃO - CLÍNICA MÉDICA ALA B;2025;10;18;47;0,3829787234042553
HRJP;UNIDADE INTERNAÇÃO - CLÍNICA MÉDICA ALA B;2025;11;7;13;0,5384615384615384
HRJP;UNIDADE INTERNAÇÃO - CLÍNICA MÉDICA ALA B;2025;12;40;67;0,5970149253731343
HRJP;UNIDADE INTERNAÇÃO - CLÍNICA MÉDICA ALA B;2026;1;28;53;0,5283018867924528
HRJP;UNIDADE INTERNAÇÃO - CLÍNICA MÉDICA ALA B;2026;2;37;83;0,4457831325301205
HRJP;UNIDADE INTERNAÇÃO - CLÍNICA MÉDICA ALA B;2026;3;32;79;0,4050632911392405
HRJP;UNIDADE INTERNAÇÃO - CLÍNICA MÉDICA ALA B;2026;4;37;84;0,44047619047619047
HRJP;UNIDADE INTERNAÇÃO - CLÍNICA MÉDICA ALA B;2026;5;49;81;0,6049382716049383
HRJP;UNIDADE INTERNAÇÃO - CLINICA MÉDICA ALA C;2022;6;18;34;0,5294117647058824
HRJP;UNIDADE INTERNAÇÃO - CLINICA MÉDICA ALA C;2022;7;21;42;0,5
HRJP;UNIDADE INTERNAÇÃO - CLINICA MÉDICA ALA C;2022;8;20;33;0,6060606060606061
HRJP;UNIDADE INTERNAÇÃO - CLINICA MÉDICA ALA C;2022;9;9;34;0,2647058823529412
HRJP;UNIDADE INTERNAÇÃO - CLINICA MÉDICA ALA C;2022;10;8;27;0,2962962962962963
HRJP;UNIDADE INTERNAÇÃO - CLINICA MÉDICA ALA C;2022;11;10;29;0,3448275862068966
HRJP;UNIDADE INTERNAÇÃO - CLINICA MÉDICA ALA C;2022;12;16;37;0,43243243243243246
HRJP;UNIDADE INTERNAÇÃO - CLINICA MÉDICA ALA C;2023;1;11;21;0,5238095238095238
HRJP;UNIDADE INTERNAÇÃO - CLINICA MÉDICA ALA C;2023;2;10;29;0,3448275862068966
HRJP;UNIDADE INTERNAÇÃO - CLINICA MÉDICA ALA C;2023;3;14;55;0,2545454545454545
HRJP;UNIDADE INTERNAÇÃO - CLINICA MÉDICA ALA C;2023;4;17;34;0,5
HRJP;UNIDADE INTERNAÇÃO - CLINICA MÉDICA ALA C;2023;5;14;39;0,358974358974359
HRJP;UNIDADE INTERNAÇÃO - CLINICA MÉDICA ALA C;2023;6;34;58;0,5862068965517241
HRJP;UNIDADE INTERNAÇÃO - CLINICA MÉDICA ALA C;2023;7;19;36;0,5277777777777778
HRJP;UNIDADE INTERNAÇÃO - CLINICA MÉDICA ALA C;2023;8;22;39;0,5641025641025641
HRJP;UNIDADE INTERNAÇÃO - CLINICA MÉDICA ALA C;2023;9;27;41;0,6585365853658537
HRJP;UNIDADE INTERNAÇÃO - CLINICA MÉDICA ALA C;2023;10;24;30;0,8
HRJP;UNIDADE INTERNAÇÃO - CLINICA MÉDICA ALA C;2023;11;28;40;0,7
HRJP;UNIDADE INTERNAÇÃO - CLINICA MÉDICA ALA C;2023;12;26;39;0,6666666666666666
HRJP;UNIDADE INTERNAÇÃO - CLINICA MÉDICA ALA C;2024;1;19;41;0,4634146341463415
HRJP;UNIDADE INTERNAÇÃO - CLINICA MÉDICA ALA C;2024;2;9;19;0,47368421052631576
HRJP;UNIDADE INTERNAÇÃO - CLINICA MÉDICA ALA C;2024;3;31;55;0,5636363636363636
HRJP;UNIDADE INTERNAÇÃO - CLINICA MÉDICA ALA C;2024;4;43;71;0,6056338028169014
HRJP;UNIDADE INTERNAÇÃO - CLINICA MÉDICA ALA C;2024;5;27;49;0,5510204081632653
HRJP;UNIDADE INTERNAÇÃO - CLINICA MÉDICA ALA C;2024;6;14;26;0,5384615384615384
HRJP;UNIDADE INTERNAÇÃO - CLINICA MÉDICA ALA C;2024;7;25;39;0,6410256410256411
HRJP;UNIDADE INTERNAÇÃO - CLINICA MÉDICA ALA C;2024;8;15;34;0,4411764705882353
HRJP;UNIDADE INTERNAÇÃO - CLINICA MÉDICA ALA C;2024;9;14;26;0,5384615384615384
HRJP;UNIDADE INTERNAÇÃO - CLINICA MÉDICA ALA C;2024;10;28;49;0,5714285714285714
HRJP;UNIDADE INTERNAÇÃO - CLINICA MÉDICA ALA C;2024;11;4;6;0,6666666666666666
HRJP;UNIDADE INTERNAÇÃO - CLÍNICA MÉDICA ALA C;2024;11;12;18;0,6666666666666666
HRJP;UNIDADE INTERNAÇÃO - CLÍNICA MÉDICA ALA C;2024;12;14;22;0,6363636363636364
HRJP;UNIDADE INTERNAÇÃO - CLÍNICA MÉDICA ALA C;2025;1;8;9;0,8888888888888888
HRJP;UNIDADE INTERNAÇÃO - CLÍNICA MÉDICA ALA C;2025;2;12;23;0,5217391304347826
HRJP;UNIDADE INTERNAÇÃO - CLÍNICA MÉDICA ALA C;2025;3;12;25;0,48
HRJP;UNIDADE INTERNAÇÃO - CLÍNICA MÉDICA ALA C;2025;4;6;21;0,2857142857142857
HRJP;UNIDADE INTERNAÇÃO - CLÍNICA MÉDICA ALA C;2025;5;9;23;0,391304347826087
HRJP;UNIDADE INTERNAÇÃO - CLÍNICA MÉDICA ALA C;2025;6;7;18;0,3888888888888889
HRJP;UNIDADE INTERNAÇÃO - CLÍNICA MÉDICA ALA C;2025;7;12;22;0,5454545454545454
HRJP;UNIDADE INTERNAÇÃO - CLÍNICA MÉDICA ALA C;2025;8;10;23;0,43478260869565216
HRJP;UNIDADE INTERNAÇÃO - CLÍNICA MÉDICA ALA C;2025;9;12;24;0,5
HRJP;UNIDADE INTERNAÇÃO - CLÍNICA MÉDICA ALA C;2025;10;11;28;0,39285714285714285
HRJP;UNIDADE INTERNAÇÃO - CLÍNICA MÉDICA ALA C;2025;11;8;15;0,5333333333333333
HRJP;UNIDADE INTERNAÇÃO - CLÍNICA MÉDICA ALA C;2025;12;10;13;0,7692307692307693
HRJP;UNIDADE INTERNAÇÃO - CLÍNICA MÉDICA ALA C;2026;2;0;2;0,0
HRJP;UNIDADE INTERNAÇÃO - CLÍNICA MÉDICA ALA C;2026;3;2;16;0,125
HRJP;UNIDADE INTERNAÇÃO - CLÍNICA MÉDICA ALA C;2026;4;1;6;0,16666666666666666
HRJP;UNIDADE INTERNAÇÃO - CLÍNICA MÉDICA ALA C;2026;5;9;19;0,47368421052631576
HRJP;UNIDADE INTERNAÇÃO - CLINICA MÉDICA COVID 19;2021;7;2;3;0,6666666666666666
HRJP;UNIDADE INTERNAÇÃO - CLINICA MÉDICA COVID 19;2021;8;8;25;0,32
HRJP;UNIDADE INTERNAÇÃO - CLINICA MÉDICA COVID 19;2021;9;5;18;0,2777777777777778
HRJP;UNIDADE INTERNAÇÃO - CLINICA MÉDICA COVID 19;2021;10;8;21;0,38095238095238093
HRJP;UNIDADE INTERNAÇÃO - CLINICA MÉDICA COVID 19;2021;11;26;56;0,4642857142857143
HRJP;UNIDADE INTERNAÇÃO - CLINICA MÉDICA COVID 19;2021;12;5;10;0,5
HRJP;UNIDADE INTERNAÇÃO - CLINICA MÉDICA MASCULINA;2019;1;28;54;0,5185185185185185
HRJP;UNIDADE INTERNAÇÃO - CLINICA MÉDICA MASCULINA;2019;2;24;62;0,3870967741935484
HRJP;UNIDADE INTERNAÇÃO - CLINICA MÉDICA MASCULINA;2019;3;27;47;0,574468085106383
HRJP;UNIDADE INTERNAÇÃO - CLINICA MÉDICA MASCULINA;2019;4;23;55;0,41818181818181815
HRJP;UNIDADE INTERNAÇÃO - CLINICA MÉDICA MASCULINA;2019;5;26;64;0,40625
HRJP;UNIDADE INTERNAÇÃO - CLINICA MÉDICA MASCULINA;2019;6;27;58;0,46551724137931033
HRJP;UNIDADE INTERNAÇÃO - CLINICA MÉDICA MASCULINA;2019;7;41;65;0,6307692307692307
HRJP;UNIDADE INTERNAÇÃO - CLINICA MÉDICA MASCULINA;2019;8;35;59;0,5932203389830508
HRJP;UNIDADE INTERNAÇÃO - CLINICA MÉDICA MASCULINA;2019;9;29;52;0,5576923076923077
HRJP;UNIDADE INTERNAÇÃO - CLINICA MÉDICA MASCULINA;2019;10;31;56;0,5535714285714286
HRJP;UNIDADE INTERNAÇÃO - CLINICA MÉDICA MASCULINA;2019;11;34;70;0,4857142857142857
HRJP;UNIDADE INTERNAÇÃO - CLINICA MÉDICA MASCULINA;2019;12;28;57;0,49122807017543857
HRJP;UNIDADE INTERNAÇÃO - CLINICA MÉDICA MASCULINA;2020;1;25;55;0,45454545454545453
HRJP;UNIDADE INTERNAÇÃO - CLINICA MÉDICA MASCULINA;2020;2;31;61;0,5081967213114754
HRJP;UNIDADE INTERNAÇÃO - CLINICA MÉDICA MASCULINA;2020;3;28;69;0,4057971014492754
HRJP;UNIDADE INTERNAÇÃO - CLINICA MÉDICA MASCULINA;2020;4;0;1;0,0
HRJP;UNIDADE INTERNAÇÃO - CLINICA MÉDICA MASCULINA;2021;7;7;16;0,4375
HRJP;UNIDADE INTERNAÇÃO - CLINICA PEDIÁTRICA;2019;1;32;71;0,4507042253521127
HRJP;UNIDADE INTERNAÇÃO - CLINICA PEDIÁTRICA;2019;2;13;78;0,16666666666666666
HRJP;UNIDADE INTERNAÇÃO - CLINICA PEDIÁTRICA;2019;3;17;72;0,2361111111111111
HRJP;UNIDADE INTERNAÇÃO - CLINICA PEDIÁTRICA;2019;4;8;77;0,1038961038961039
HRJP;UNIDADE INTERNAÇÃO - CLINICA PEDIÁTRICA;2019;5;19;97;0,1958762886597938
HRJP;UNIDADE INTERNAÇÃO - CLINICA PEDIÁTRICA;2019;6;17;70;0,24285714285714285
HRJP;UNIDADE INTERNAÇÃO - CLINICA PEDIÁTRICA;2019;7;18;69;0,2608695652173913
HRJP;UNIDADE INTERNAÇÃO - CLINICA PEDIÁTRICA;2019;8;25;66;0,3787878787878788
HRJP;UNIDADE INTERNAÇÃO - CLINICA PEDIÁTRICA;2019;9;15;63;0,23809523809523808
HRJP;UNIDADE INTERNAÇÃO - CLINICA PEDIÁTRICA;2019;10;28;79;0,35443037974683544
HRJP;UNIDADE INTERNAÇÃO - CLINICA PEDIÁTRICA;2019;11;10;63;0,15873015873015872
HRJP;UNIDADE INTERNAÇÃO - CLINICA PEDIÁTRICA;2019;12;21;60;0,35
HRJP;UNIDADE INTERNAÇÃO - CLINICA PEDIÁTRICA;2020;1;24;74;0,32432432432432434
HRJP;UNIDADE INTERNAÇÃO - CLINICA PEDIÁTRICA;2020;2;19;66;0,2878787878787879
HRJP;UNIDADE INTERNAÇÃO - CLINICA PEDIÁTRICA;2020;3;22;65;0,3384615384615385
HRJP;UNIDADE INTERNAÇÃO - CLINICA PEDIÁTRICA;2020;4;12;29;0,41379310344827586
HRJP;UNIDADE INTERNAÇÃO - CLINICA PEDIÁTRICA;2020;5;9;41;0,21951219512195122
HRJP;UNIDADE INTERNAÇÃO - CLINICA PEDIÁTRICA;2020;6;13;38;0,34210526315789475
HRJP;UNIDADE INTERNAÇÃO - CLINICA PEDIÁTRICA;2020;7;14;67;0,208955223880597
HRJP;UNIDADE INTERNAÇÃO - CLINICA PEDIÁTRICA;2020;8;16;52;0,3076923076923077
HRJP;UNIDADE INTERNAÇÃO - CLINICA PEDIÁTRICA;2020;9;21;51;0,4117647058823529
HRJP;UNIDADE INTERNAÇÃO - CLINICA PEDIÁTRICA;2020;10;23;62;0,3709677419354839
HRJP;UNIDADE INTERNAÇÃO - CLINICA PEDIÁTRICA;2020;11;13;44;0,29545454545454547
HRJP;UNIDADE INTERNAÇÃO - CLINICA PEDIÁTRICA;2020;12;11;47;0,23404255319148937
HRJP;UNIDADE INTERNAÇÃO - CLINICA PEDIÁTRICA;2021;1;16;51;0,3137254901960784
HRJP;UNIDADE INTERNAÇÃO - CLINICA PEDIÁTRICA;2021;2;10;45;0,2222222222222222
HRJP;UNIDADE INTERNAÇÃO - CLINICA PEDIÁTRICA;2021;3;22;81;0,2716049382716049
HRJP;UNIDADE INTERNAÇÃO - CLINICA PEDIÁTRICA;2021;4;24;65;0,36923076923076925
HRJP;UNIDADE INTERNAÇÃO - CLINICA PEDIÁTRICA;2021;5;23;73;0,3150684931506849
HRJP;UNIDADE INTERNAÇÃO - CLINICA PEDIÁTRICA;2021;6;11;59;0,1864406779661017
HRJP;UNIDADE INTERNAÇÃO - CLINICA PEDIÁTRICA;2021;7;14;68;0,20588235294117646
HRJP;UNIDADE INTERNAÇÃO - CLINICA PEDIÁTRICA;2021;8;21;67;0,31343283582089554
HRJP;UNIDADE INTERNAÇÃO - CLINICA PEDIÁTRICA;2021;9;18;57;0,3157894736842105
HRJP;UNIDADE INTERNAÇÃO - CLINICA PEDIÁTRICA;2021;10;20;49;0,40816326530612246
HRJP;UNIDADE INTERNAÇÃO - CLINICA PEDIÁTRICA;2021;11;15;54;0,2777777777777778
HRJP;UNIDADE INTERNAÇÃO - CLINICA PEDIÁTRICA;2021;12;13;59;0,22033898305084745
HRJP;UNIDADE INTERNAÇÃO - CLINICA PEDIÁTRICA;2022;1;14;74;0,1891891891891892
HRJP;UNIDADE INTERNAÇÃO - CLINICA PEDIÁTRICA;2022;2;10;65;0,15384615384615385
HRJP;UNIDADE INTERNAÇÃO - CLINICA PEDIÁTRICA;2022;3;20;90;0,2222222222222222
HRJP;UNIDADE INTERNAÇÃO - CLINICA PEDIÁTRICA;2022;4;20;107;0,18691588785046728
HRJP;UNIDADE INTERNAÇÃO - CLINICA PEDIÁTRICA;2022;5;18;107;0,16822429906542055
HRJP;UNIDADE INTERNAÇÃO - CLINICA PEDIÁTRICA;2022;6;18;77;0,23376623376623376
HRJP;UNIDADE INTERNAÇÃO - CLINICA PEDIÁTRICA;2022;7;15;75;0,2
HRJP;UNIDADE INTERNAÇÃO - CLINICA PEDIÁTRICA;2022;8;13;89;0,14606741573033707
HRJP;UNIDADE INTERNAÇÃO - CLINICA PEDIÁTRICA;2022;9;24;71;0,3380281690140845
HRJP;UNIDADE INTERNAÇÃO - CLINICA PEDIÁTRICA;2022;10;26;72;0,3611111111111111
HRJP;UNIDADE INTERNAÇÃO - CLINICA PEDIÁTRICA;2022;11;38;81;0,4691358024691358
HRJP;UNIDADE INTERNAÇÃO - CLINICA PEDIÁTRICA;2022;12;25;71;0,352112676056338
HRJP;UNIDADE INTERNAÇÃO - CLINICA PEDIÁTRICA;2023;1;19;66;0,2878787878787879
HRJP;UNIDADE INTERNAÇÃO - CLINICA PEDIÁTRICA;2023;2;21;65;0,3230769230769231
HRJP;UNIDADE INTERNAÇÃO - CLINICA PEDIÁTRICA;2023;3;48;95;0,5052631578947369
HRJP;UNIDADE INTERNAÇÃO - CLINICA PEDIÁTRICA;2023;4;40;88;0,45454545454545453
HRJP;UNIDADE INTERNAÇÃO - CLINICA PEDIÁTRICA;2023;5;40;90;0,4444444444444444
HRJP;UNIDADE INTERNAÇÃO - CLINICA PEDIÁTRICA;2023;6;44;100;0,44
HRJP;UNIDADE INTERNAÇÃO - CLINICA PEDIÁTRICA;2023;7;30;74;0,40540540540540543
HRJP;UNIDADE INTERNAÇÃO - CLINICA PEDIÁTRICA;2023;8;45;77;0,5844155844155844
HRJP;UNIDADE INTERNAÇÃO - CLINICA PEDIÁTRICA;2023;9;54;73;0,7397260273972602
HRJP;UNIDADE INTERNAÇÃO - CLINICA PEDIÁTRICA;2023;10;67;86;0,7790697674418605
HRJP;UNIDADE INTERNAÇÃO - CLINICA PEDIÁTRICA;2023;11;68;87;0,7816091954022989
HRJP;UNIDADE INTERNAÇÃO - CLINICA PEDIÁTRICA;2023;12;59;72;0,8194444444444444
HRJP;UNIDADE INTERNAÇÃO - CLINICA PEDIÁTRICA;2024;1;34;54;0,6296296296296297
HRJP;UNIDADE INTERNAÇÃO - CLINICA PEDIÁTRICA;2024;2;42;72;0,5833333333333334
HRJP;UNIDADE INTERNAÇÃO - CLINICA PEDIÁTRICA;2024;3;42;66;0,6363636363636364
HRJP;UNIDADE INTERNAÇÃO - CLINICA PEDIÁTRICA;2024;4;39;80;0,4875
HRJP;UNIDADE INTERNAÇÃO - CLINICA PEDIÁTRICA;2024;5;48;90;0,5333333333333333
HRJP;UNIDADE INTERNAÇÃO - CLINICA PEDIÁTRICA;2024;6;52;87;0,5977011494252874
HRJP;UNIDADE INTERNAÇÃO - CLINICA PEDIÁTRICA;2024;7;32;69;0,463768115942029
HRJP;UNIDADE INTERNAÇÃO - CLINICA PEDIÁTRICA;2024;8;35;66;0,5303030303030303
HRJP;UNIDADE INTERNAÇÃO - CLINICA PEDIÁTRICA;2024;9;47;88;0,5340909090909091
HRJP;UNIDADE INTERNAÇÃO - CLINICA PEDIÁTRICA;2024;10;54;102;0,5294117647058824
HRJP;UNIDADE INTERNAÇÃO - CLINICA PEDIÁTRICA;2024;11;2;12;0,16666666666666666
HRJP;UNIDADE INTERNAÇÃO - CLÍNICA PEDIÁTRICA;2024;11;21;61;0,3442622950819672
HRJP;UNIDADE INTERNAÇÃO - CLÍNICA PEDIÁTRICA;2024;12;22;66;0,3333333333333333
HRJP;UNIDADE INTERNAÇÃO - CLÍNICA PEDIÁTRICA;2025;1;23;65;0,35384615384615387
HRJP;UNIDADE INTERNAÇÃO - CLÍNICA PEDIÁTRICA;2025;2;23;70;0,32857142857142857
HRJP;UNIDADE INTERNAÇÃO - CLÍNICA PEDIÁTRICA;2025;3;25;66;0,3787878787878788
HRJP;UNIDADE INTERNAÇÃO - CLÍNICA PEDIÁTRICA;2025;4;24;83;0,2891566265060241
HRJP;UNIDADE INTERNAÇÃO - CLÍNICA PEDIÁTRICA;2025;5;41;110;0,37272727272727274
HRJP;UNIDADE INTERNAÇÃO - CLÍNICA PEDIÁTRICA;2025;6;18;83;0,21686746987951808
HRJP;UNIDADE INTERNAÇÃO - CLÍNICA PEDIÁTRICA;2025;7;31;94;0,32978723404255317
HRJP;UNIDADE INTERNAÇÃO - CLÍNICA PEDIÁTRICA;2025;8;29;71;0,4084507042253521
HRJP;UNIDADE INTERNAÇÃO - CLÍNICA PEDIÁTRICA;2025;9;20;71;0,28169014084507044
HRJP;UNIDADE INTERNAÇÃO - CLÍNICA PEDIÁTRICA;2025;10;19;70;0,2714285714285714
HRJP;UNIDADE INTERNAÇÃO - CLÍNICA PEDIÁTRICA;2025;11;23;64;0,359375
HRJP;UNIDADE INTERNAÇÃO - CLÍNICA PEDIÁTRICA;2025;12;24;54;0,4444444444444444
HRJP;UNIDADE INTERNAÇÃO - CLÍNICA PEDIÁTRICA;2026;1;19;62;0,3064516129032258
HRJP;UNIDADE INTERNAÇÃO - CLÍNICA PEDIÁTRICA;2026;2;11;55;0,2
HRJP;UNIDADE INTERNAÇÃO - CLÍNICA PEDIÁTRICA;2026;3;10;72;0,1388888888888889
HRJP;UNIDADE INTERNAÇÃO - CLÍNICA PEDIÁTRICA;2026;4;6;60;0,1
HRJP;UNIDADE INTERNAÇÃO - CLÍNICA PEDIÁTRICA;2026;5;7;57;0,12280701754385964
HRJP;UNIDADE INTERNAÇÃO - CLÍNICA PSIQUIÁTRICA ALA A;2024;11;9;11;0,8181818181818182
HRJP;UNIDADE INTERNAÇÃO - CLÍNICA PSIQUIÁTRICA ALA A;2024;12;1;6;0,16666666666666666
HRJP;UNIDADE INTERNAÇÃO - CLÍNICA PSIQUIÁTRICA ALA A;2025;1;1;4;0,25
HRJP;UNIDADE INTERNAÇÃO - CLÍNICA PSIQUIÁTRICA ALA A;2025;2;4;8;0,5
HRJP;UNIDADE INTERNAÇÃO - CLÍNICA PSIQUIÁTRICA ALA A;2025;3;2;4;0,5
HRJP;UNIDADE INTERNAÇÃO - CLÍNICA PSIQUIÁTRICA ALA A;2025;4;8;9;0,8888888888888888
HRJP;UNIDADE INTERNAÇÃO - CLÍNICA PSIQUIÁTRICA ALA A;2025;5;11;15;0,7333333333333333
HRJP;UNIDADE INTERNAÇÃO - CLÍNICA PSIQUIÁTRICA ALA A;2025;6;4;5;0,8
HRJP;UNIDADE INTERNAÇÃO - CLÍNICA PSIQUIÁTRICA ALA A;2025;7;5;7;0,7142857142857143
HRJP;UNIDADE INTERNAÇÃO - CLÍNICA PSIQUIÁTRICA ALA A;2025;8;3;4;0,75
HRJP;UNIDADE INTERNAÇÃO - CLÍNICA PSIQUIÁTRICA ALA A;2025;9;4;5;0,8
HRJP;UNIDADE INTERNAÇÃO - CLÍNICA PSIQUIÁTRICA ALA A;2025;10;8;10;0,8
HRJP;UNIDADE INTERNAÇÃO - CLÍNICA PSIQUIÁTRICA ALA A;2025;11;11;17;0,6470588235294118
HRJP;UNIDADE INTERNAÇÃO - CLÍNICA PSIQUIÁTRICA ALA A;2025;12;4;1;4,0
HRJP;UNIDADE INTERNAÇÃO - CLÍNICA PSIQUIÁTRICA ALA A;2026;3;2;4;0,5
HRJP;UNIDADE INTERNAÇÃO - CLÍNICA PSIQUIÁTRICA ALA A;2026;4;2;2;1,0
HRJP;UNIDADE INTERNAÇÃO - CLÍNICA PSIQUIÁTRICA ALA A;2026;5;2;2;1,0
HRJP;UNIDADE INTERNAÇÃO - CLÍNICA PSIQUIÁTRICA ALA C;2024;11;3;4;0,75
HRJP;UNIDADE INTERNAÇÃO - CLÍNICA PSIQUIÁTRICA ALA C;2024;12;1;2;0,5
HRJP;UNIDADE INTERNAÇÃO - CLÍNICA PSIQUIÁTRICA ALA C;2025;1;3;3;1,0
HRJP;UNIDADE INTERNAÇÃO - CLÍNICA PSIQUIÁTRICA ALA C;2025;2;1;1;1,0
HRJP;UNIDADE INTERNAÇÃO - CLÍNICA PSIQUIÁTRICA ALA C;2025;3;4;4;1,0
HRJP;UNIDADE INTERNAÇÃO - CLÍNICA PSIQUIÁTRICA ALA C;2025;4;3;3;1,0
HRJP;UNIDADE INTERNAÇÃO - CLÍNICA PSIQUIÁTRICA ALA C;2025;5;3;3;1,0
HRJP;UNIDADE INTERNAÇÃO - CLÍNICA PSIQUIÁTRICA ALA C;2025;6;5;5;1,0
HRJP;UNIDADE INTERNAÇÃO - CLÍNICA PSIQUIÁTRICA ALA C;2025;7;3;3;1,0
HRJP;UNIDADE INTERNAÇÃO - CLÍNICA PSIQUIÁTRICA ALA C;2025;8;1;1;1,0
HRJP;UNIDADE INTERNAÇÃO - CLÍNICA PSIQUIÁTRICA ALA C;2025;9;2;3;0,6666666666666666
HRJP;UNIDADE INTERNAÇÃO - CLÍNICA PSIQUIÁTRICA ALA C;2025;10;4;6;0,6666666666666666
HRJP;UNIDADE INTERNAÇÃO - CLÍNICA PSIQUIÁTRICA ALA C;2025;11;5;12;0,4166666666666667
HRJP;UNIDADE INTERNAÇÃO - CLÍNICA PSIQUIÁTRICA ALA C;2025;12;4;5;0,8
HRJP;UNIDADE INTERNAÇÃO - CLÍNICA PSIQUIÁTRICA ALA C;2026;3;0;1;0,0
HRJP;UNIDADE INTERNAÇÃO - CLÍNICA PSIQUIÁTRICA ALA C;2026;5;2;3;0,6666666666666666
HRJP;UNIDADE INTERNAÇÃO - CLINICA TISIOLÓGICA ALA B;2022;6;2;10;0,2
HRJP;UNIDADE INTERNAÇÃO - CLINICA TISIOLÓGICA ALA B;2022;7;3;3;1,0
HRJP;UNIDADE INTERNAÇÃO - CLINICA TISIOLÓGICA ALA B;2022;11;0;1;0,0
HRJP;UNIDADE INTERNAÇÃO - CLINICA TISIOLÓGICA ALA B;2022;12;1;3;0,3333333333333333
HRJP;UNIDADE INTERNAÇÃO - CLINICA TISIOLÓGICA ALA B;2023;1;0;3;0,0
HRJP;UNIDADE INTERNAÇÃO - CLINICA TISIOLÓGICA ALA B;2023;2;0;5;0,0
HRJP;UNIDADE INTERNAÇÃO - CLINICA TISIOLÓGICA ALA B;2023;3;1;2;0,5
HRJP;UNIDADE INTERNAÇÃO - CLINICA TISIOLÓGICA ALA B;2023;4;0;1;0,0
HRJP;UNIDADE INTERNAÇÃO - CLINICA TISIOLÓGICA ALA B;2023;5;2;3;0,6666666666666666
HRJP;UNIDADE INTERNAÇÃO - CLINICA TISIOLÓGICA ALA B;2023;6;0;1;0,0
HRJP;UNIDADE INTERNAÇÃO - CLINICA TISIOLÓGICA ALA B;2023;7;2;2;1,0
HRJP;UNIDADE INTERNAÇÃO - CLINICA TISIOLÓGICA ALA B;2023;8;1;4;0,25
HRJP;UNIDADE INTERNAÇÃO - CLINICA TISIOLÓGICA ALA B;2023;9;1;3;0,3333333333333333
HRJP;UNIDADE INTERNAÇÃO - CLINICA TISIOLÓGICA ALA B;2023;10;0;1;0,0
HRJP;UNIDADE INTERNAÇÃO - CLINICA TISIOLÓGICA ALA B;2023;11;0;1;0,0
HRJP;UNIDADE INTERNAÇÃO - CLINICA TISIOLÓGICA ALA B;2023;12;0;2;0,0
HRJP;UNIDADE INTERNAÇÃO - CLINICA TISIOLÓGICA ALA B;2024;1;3;4;0,75
HRJP;UNIDADE INTERNAÇÃO - CLINICA TISIOLÓGICA ALA B;2024;2;0;1;0,0
HRJP;UNIDADE INTERNAÇÃO - CLINICA TISIOLÓGICA ALA B;2024;3;0;1;0,0
HRJP;UNIDADE INTERNAÇÃO - CLINICA TISIOLÓGICA ALA B;2024;4;0;1;0,0
HRJP;UNIDADE INTERNAÇÃO - CLINICA TISIOLÓGICA ALA B;2024;5;0;1;0,0
HRJP;UNIDADE INTERNAÇÃO - CLINICA TISIOLÓGICA ALA B;2024;7;2;3;0,6666666666666666
HRJP;UNIDADE INTERNAÇÃO - CLINICA TISIOLÓGICA ALA B;2024;8;1;1;1,0
HRJP;UNIDADE INTERNAÇÃO - CLINICA TISIOLÓGICA ALA B;2024;9;2;2;1,0
HRJP;UNIDADE INTERNAÇÃO - CLINICA TISIOLÓGICA ALA B;2024;10;2;2;1,0
HRJP;UNIDADE INTERNAÇÃO - CLÍNICA TISIOLÓGICA ALA B;2024;11;2;4;0,5
HRJP;UNIDADE INTERNAÇÃO - CLÍNICA TISIOLÓGICA ALA B;2024;12;1;3;0,3333333333333333
HRJP;UNIDADE INTERNAÇÃO - CLÍNICA TISIOLÓGICA ALA B;2025;1;2;3;0,6666666666666666
HRJP;UNIDADE INTERNAÇÃO - CLÍNICA TISIOLÓGICA ALA B;2025;2;0;2;0,0
HRJP;UNIDADE INTERNAÇÃO - CLÍNICA TISIOLÓGICA ALA B;2025;3;3;3;1,0
HRJP;UNIDADE INTERNAÇÃO - CLÍNICA TISIOLÓGICA ALA B;2025;4;1;1;1,0
HRJP;UNIDADE INTERNAÇÃO - CLÍNICA TISIOLÓGICA ALA B;2025;5;1;1;1,0
HRJP;UNIDADE INTERNAÇÃO - CLÍNICA TISIOLÓGICA ALA B;2025;6;4;3;1,3333333333333333
HRJP;UNIDADE INTERNAÇÃO - CLÍNICA TISIOLÓGICA ALA B;2025;7;2;3;0,6666666666666666
HRJP;UNIDADE INTERNAÇÃO - CLÍNICA TISIOLÓGICA ALA B;2025;9;3;3;1,0
HRJP;UNIDADE INTERNAÇÃO - CLÍNICA TISIOLÓGICA ALA B;2025;10;3;3;1,0
HRJP;UNIDADE INTERNAÇÃO - CLÍNICA TISIOLÓGICA ALA B;2025;12;3;5;0,6
HRJP;UNIDADE INTERNAÇÃO - CLÍNICA TISIOLÓGICA ALA B;2026;1;1;2;0,5
HRJP;UNIDADE INTERNAÇÃO - CLÍNICA TISIOLÓGICA ALA B;2026;2;1;2;0,5
HRJP;UNIDADE INTERNAÇÃO - CLÍNICA TISIOLÓGICA ALA B;2026;3;0;2;0,0
HRJP;UNIDADE INTERNAÇÃO - CLÍNICA TISIOLÓGICA ALA B;2026;5;1;1;1,0
HRJP;UNIDADE INTERNAÇÃO - CLINICA TISIOLÓGICA ALA C;2019;1;15;28;0,5357142857142857
HRJP;UNIDADE INTERNAÇÃO - CLINICA TISIOLÓGICA ALA C;2019;2;11;22;0,5
HRJP;UNIDADE INTERNAÇÃO - CLINICA TISIOLÓGICA ALA C;2019;3;19;31;0,6129032258064516
HRJP;UNIDADE INTERNAÇÃO - CLINICA TISIOLÓGICA ALA C;2019;4;19;30;0,6333333333333333
HRJP;UNIDADE INTERNAÇÃO - CLINICA TISIOLÓGICA ALA C;2019;5;16;35;0,45714285714285713
HRJP;UNIDADE INTERNAÇÃO - CLINICA TISIOLÓGICA ALA C;2019;6;21;35;0,6
HRJP;UNIDADE INTERNAÇÃO - CLINICA TISIOLÓGICA ALA C;2019;7;18;31;0,5806451612903226
HRJP;UNIDADE INTERNAÇÃO - CLINICA TISIOLÓGICA ALA C;2019;8;12;27;0,4444444444444444
HRJP;UNIDADE INTERNAÇÃO - CLINICA TISIOLÓGICA ALA C;2019;9;14;39;0,358974358974359
HRJP;UNIDADE INTERNAÇÃO - CLINICA TISIOLÓGICA ALA C;2019;10;14;35;0,4
HRJP;UNIDADE INTERNAÇÃO - CLINICA TISIOLÓGICA ALA C;2019;11;9;33;0,2727272727272727
HRJP;UNIDADE INTERNAÇÃO - CLINICA TISIOLÓGICA ALA C;2019;12;16;38;0,42105263157894735
HRJP;UNIDADE INTERNAÇÃO - CLINICA TISIOLÓGICA ALA C;2020;1;21;34;0,6176470588235294
HRJP;UNIDADE INTERNAÇÃO - CLINICA TISIOLÓGICA ALA C;2020;2;7;21;0,3333333333333333
HRJP;UNIDADE INTERNAÇÃO - CLINICA TISIOLÓGICA ALA C;2020;3;21;44;0,4772727272727273
HRJP;UNIDADE INTERNAÇÃO - CLINICA TISIOLÓGICA ALA C;2020;4;6;17;0,35294117647058826
HRJP;UNIDADE INTERNAÇÃO - CLINICA TISIOLÓGICA ALA C;2020;5;16;28;0,5714285714285714
HRJP;UNIDADE INTERNAÇÃO - CLINICA TISIOLÓGICA ALA C;2020;6;20;34;0,5882352941176471
HRJP;UNIDADE INTERNAÇÃO - CLINICA TISIOLÓGICA ALA C;2020;7;20;39;0,5128205128205128
HRJP;UNIDADE INTERNAÇÃO - CLINICA TISIOLÓGICA ALA C;2020;8;12;33;0,36363636363636365
HRJP;UNIDADE INTERNAÇÃO - CLINICA TISIOLÓGICA ALA C;2020;9;16;36;0,4444444444444444
HRJP;UNIDADE INTERNAÇÃO - CLINICA TISIOLÓGICA ALA C;2020;10;24;43;0,5581395348837209
HRJP;UNIDADE INTERNAÇÃO - CLINICA TISIOLÓGICA ALA C;2020;11;8;30;0,26666666666666666
HRJP;UNIDADE INTERNAÇÃO - CLINICA TISIOLÓGICA ALA C;2020;12;5;25;0,2
HRJP;UNIDADE INTERNAÇÃO - CLINICA TISIOLÓGICA ALA C;2021;1;16;31;0,5161290322580645
HRJP;UNIDADE INTERNAÇÃO - CLINICA TISIOLÓGICA ALA C;2021;2;9;32;0,28125
HRJP;UNIDADE INTERNAÇÃO - CLINICA TISIOLÓGICA ALA C;2021;3;12;30;0,4
HRJP;UNIDADE INTERNAÇÃO - CLINICA TISIOLÓGICA ALA C;2021;4;20;32;0,625
HRJP;UNIDADE INTERNAÇÃO - CLINICA TISIOLÓGICA ALA C;2021;5;10;24;0,4166666666666667
HRJP;UNIDADE INTERNAÇÃO - CLINICA TISIOLÓGICA ALA C;2021;6;16;24;0,6666666666666666
HRJP;UNIDADE INTERNAÇÃO - CLINICA TISIOLÓGICA ALA C;2021;7;1;7;0,14285714285714285
HRJP;UNIDADE INTERNAÇÃO - CLINICA TISIOLÓGICA ALA C;2021;12;11;30;0,36666666666666664
HRJP;UNIDADE INTERNAÇÃO - CLINICA TISIOLÓGICA ALA C;2022;1;15;35;0,42857142857142855
HRJP;UNIDADE INTERNAÇÃO - CLINICA TISIOLÓGICA ALA C;2022;2;15;37;0,40540540540540543
HRJP;UNIDADE INTERNAÇÃO - CLINICA TISIOLÓGICA ALA C;2022;3;12;41;0,2926829268292683
HRJP;UNIDADE INTERNAÇÃO - CLINICA TISIOLÓGICA ALA C;2022;4;17;33;0,5151515151515151
HRJP;UNIDADE INTERNAÇÃO - CLINICA TISIOLÓGICA ALA C;2022;5;20;39;0,5128205128205128
HRJP;UNIDADE INTERNAÇÃO - CLINICA TISIOLÓGICA ALA C;2022;6;6;8;0,75
HRJP;UNIDADE INTERNAÇÃO - CLINICA TISIOLÓGICA ALA C;2022;7;4;4;1,0
HRJP;UNIDADE INTERNAÇÃO - CLINICA TISIOLÓGICA ALA C;2022;8;6;6;1,0
HRJP;UNIDADE INTERNAÇÃO - CLINICA TISIOLÓGICA ALA C;2022;9;2;3;0,6666666666666666
HRJP;UNIDADE INTERNAÇÃO - CLINICA TISIOLÓGICA ALA C;2022;10;1;1;1,0
HRJP;UNIDADE INTERNAÇÃO - CLINICA TISIOLÓGICA ALA C;2022;11;1;2;0,5
HRJP;UNIDADE INTERNAÇÃO - CLINICA TISIOLÓGICA ALA C;2022;12;3;3;1,0
HRJP;UNIDADE INTERNAÇÃO - CLINICA TISIOLÓGICA ALA C;2023;1;3;3;1,0
HRJP;UNIDADE INTERNAÇÃO - CLINICA TISIOLÓGICA ALA C;2023;2;1;4;0,25
HRJP;UNIDADE INTERNAÇÃO - CLINICA TISIOLÓGICA ALA C;2023;3;2;8;0,25
HRJP;UNIDADE INTERNAÇÃO - CLINICA TISIOLÓGICA ALA C;2023;4;2;2;1,0
HRJP;UNIDADE INTERNAÇÃO - CLINICA TISIOLÓGICA ALA C;2023;5;3;3;1,0
HRJP;UNIDADE INTERNAÇÃO - CLINICA TISIOLÓGICA ALA C;2023;6;5;7;0,7142857142857143
HRJP;UNIDADE INTERNAÇÃO - CLINICA TISIOLÓGICA ALA C;2023;7;1;3;0,3333333333333333
HRJP;UNIDADE INTERNAÇÃO - CLINICA TISIOLÓGICA ALA C;2023;8;1;5;0,2
HRJP;UNIDADE INTERNAÇÃO - CLINICA TISIOLÓGICA ALA C;2023;9;5;5;1,0
HRJP;UNIDADE INTERNAÇÃO - CLINICA TISIOLÓGICA ALA C;2023;10;5;8;0,625
HRJP;UNIDADE INTERNAÇÃO - CLINICA TISIOLÓGICA ALA C;2023;11;3;4;0,75
HRJP;UNIDADE INTERNAÇÃO - CLINICA TISIOLÓGICA ALA C;2023;12;4;6;0,6666666666666666
HRJP;UNIDADE INTERNAÇÃO - CLINICA TISIOLÓGICA ALA C;2024;1;3;4;0,75
HRJP;UNIDADE INTERNAÇÃO - CLINICA TISIOLÓGICA ALA C;2024;2;2;3;0,6666666666666666
HRJP;UNIDADE INTERNAÇÃO - CLINICA TISIOLÓGICA ALA C;2024;3;8;11;0,7272727272727273
HRJP;UNIDADE INTERNAÇÃO - CLINICA TISIOLÓGICA ALA C;2024;4;7;12;0,5833333333333334
HRJP;UNIDADE INTERNAÇÃO - CLINICA TISIOLÓGICA ALA C;2024;5;5;7;0,7142857142857143
HRJP;UNIDADE INTERNAÇÃO - CLINICA TISIOLÓGICA ALA C;2024;6;1;4;0,25
HRJP;UNIDADE INTERNAÇÃO - CLINICA TISIOLÓGICA ALA C;2024;7;2;3;0,6666666666666666
HRJP;UNIDADE INTERNAÇÃO - CLINICA TISIOLÓGICA ALA C;2024;8;5;6;0,8333333333333334
HRJP;UNIDADE INTERNAÇÃO - CLINICA TISIOLÓGICA ALA C;2024;9;3;3;1,0
HRJP;UNIDADE INTERNAÇÃO - CLINICA TISIOLÓGICA ALA C;2024;10;2;2;1,0
HRJP;UNIDADE INTERNAÇÃO - CLÍNICA TISIOLÓGICA ALA C;2024;11;3;3;1,0
HRJP;UNIDADE INTERNAÇÃO - CLÍNICA TISIOLÓGICA ALA C;2024;12;6;7;0,8571428571428571
HRJP;UNIDADE INTERNAÇÃO - CLÍNICA TISIOLÓGICA ALA C;2025;1;9;10;0,9
HRJP;UNIDADE INTERNAÇÃO - CLÍNICA TISIOLÓGICA ALA C;2025;2;2;2;1,0
HRJP;UNIDADE INTERNAÇÃO - CLÍNICA TISIOLÓGICA ALA C;2025;3;3;11;0,2727272727272727
HRJP;UNIDADE INTERNAÇÃO - CLÍNICA TISIOLÓGICA ALA C;2025;4;3;5;0,6
HRJP;UNIDADE INTERNAÇÃO - CLÍNICA TISIOLÓGICA ALA C;2025;5;2;5;0,4
HRJP;UNIDADE INTERNAÇÃO - CLÍNICA TISIOLÓGICA ALA C;2025;6;3;6;0,5
HRJP;UNIDADE INTERNAÇÃO - CLÍNICA TISIOLÓGICA ALA C;2025;7;2;3;0,6666666666666666
HRJP;UNIDADE INTERNAÇÃO - CLÍNICA TISIOLÓGICA ALA C;2025;8;3;5;0,6
HRJP;UNIDADE INTERNAÇÃO - CLÍNICA TISIOLÓGICA ALA C;2025;10;4;6;0,6666666666666666
HRJP;UNIDADE INTERNAÇÃO - CLÍNICA TISIOLÓGICA ALA C;2025;11;4;5;0,8
HRJP;UNIDADE INTERNAÇÃO - CLÍNICA TISIOLÓGICA ALA C;2025;12;3;4;0,75
HRJP;UNIDADE INTERNAÇÃO - CLÍNICA TISIOLÓGICA ALA C;2026;5;1;1;1,0
HRJP;UNIDADE INTERNAÇÃO - PSIQUIATRIA ALA A;2022;6;5;6;0,8333333333333334
HRJP;UNIDADE INTERNAÇÃO - PSIQUIATRIA ALA A;2022;7;8;11;0,7272727272727273
HRJP;UNIDADE INTERNAÇÃO - PSIQUIATRIA ALA A;2022;8;6;8;0,75
HRJP;UNIDADE INTERNAÇÃO - PSIQUIATRIA ALA A;2022;9;12;16;0,75
HRJP;UNIDADE INTERNAÇÃO - PSIQUIATRIA ALA A;2022;10;10;14;0,7142857142857143
HRJP;UNIDADE INTERNAÇÃO - PSIQUIATRIA ALA A;2022;11;12;13;0,9230769230769231
HRJP;UNIDADE INTERNAÇÃO - PSIQUIATRIA ALA A;2022;12;7;14;0,5
HRJP;UNIDADE INTERNAÇÃO - PSIQUIATRIA ALA A;2023;1;7;11;0,6363636363636364
HRJP;UNIDADE INTERNAÇÃO - PSIQUIATRIA ALA A;2023;2;9;14;0,6428571428571429
HRJP;UNIDADE INTERNAÇÃO - PSIQUIATRIA ALA A;2023;3;13;18;0,7222222222222222
HRJP;UNIDADE INTERNAÇÃO - PSIQUIATRIA ALA A;2023;4;8;10;0,8
HRJP;UNIDADE INTERNAÇÃO - PSIQUIATRIA ALA A;2023;5;5;7;0,7142857142857143
HRJP;UNIDADE INTERNAÇÃO - PSIQUIATRIA ALA A;2023;6;17;23;0,7391304347826086
HRJP;UNIDADE INTERNAÇÃO - PSIQUIATRIA ALA A;2023;7;15;17;0,8823529411764706
HRJP;UNIDADE INTERNAÇÃO - PSIQUIATRIA ALA A;2023;8;13;12;1,0833333333333333
HRJP;UNIDADE INTERNAÇÃO - PSIQUIATRIA ALA A;2023;9;11;13;0,8461538461538461
HRJP;UNIDADE INTERNAÇÃO - PSIQUIATRIA ALA A;2023;10;14;20;0,7
HRJP;UNIDADE INTERNAÇÃO - PSIQUIATRIA ALA A;2023;11;9;12;0,75
HRJP;UNIDADE INTERNAÇÃO - PSIQUIATRIA ALA A;2023;12;8;22;0,36363636363636365
HRJP;UNIDADE INTERNAÇÃO - PSIQUIATRIA ALA A;2024;1;6;15;0,4
HRJP;UNIDADE INTERNAÇÃO - PSIQUIATRIA ALA A;2024;2;19;26;0,7307692307692307
HRJP;UNIDADE INTERNAÇÃO - PSIQUIATRIA ALA A;2024;3;11;31;0,3548387096774194
HRJP;UNIDADE INTERNAÇÃO - PSIQUIATRIA ALA A;2024;4;13;38;0,34210526315789475
HRJP;UNIDADE INTERNAÇÃO - PSIQUIATRIA ALA A;2024;5;11;12;0,9166666666666666
HRJP;UNIDADE INTERNAÇÃO - PSIQUIATRIA ALA A;2024;6;7;8;0,875
HRJP;UNIDADE INTERNAÇÃO - PSIQUIATRIA ALA A;2024;7;7;14;0,5
HRJP;UNIDADE INTERNAÇÃO - PSIQUIATRIA ALA A;2024;8;10;11;0,9090909090909091
HRJP;UNIDADE INTERNAÇÃO - PSIQUIATRIA ALA A;2024;9;6;9;0,6666666666666666
HRJP;UNIDADE INTERNAÇÃO - PSIQUIATRIA ALA A;2024;10;15;21;0,7142857142857143
HRJP;UNIDADE INTERNAÇÃO - PSIQUIATRIA ALA A;2024;11;0;1;0,0
HRJP;UNIDADE INTERNAÇÃO - PSIQUIATRIA ALA C;2022;6;1;5;0,2
HRJP;UNIDADE INTERNAÇÃO - PSIQUIATRIA ALA C;2022;7;1;5;0,2
HRJP;UNIDADE INTERNAÇÃO - PSIQUIATRIA ALA C;2022;8;1;5;0,2
HRJP;UNIDADE INTERNAÇÃO - PSIQUIATRIA ALA C;2022;9;0;10;0,0
HRJP;UNIDADE INTERNAÇÃO - PSIQUIATRIA ALA C;2022;10;0;8;0,0
HRJP;UNIDADE INTERNAÇÃO - PSIQUIATRIA ALA C;2022;11;4;11;0,36363636363636365
HRJP;UNIDADE INTERNAÇÃO - PSIQUIATRIA ALA C;2022;12;4;9;0,4444444444444444
HRJP;UNIDADE INTERNAÇÃO - PSIQUIATRIA ALA C;2023;1;1;5;0,2
HRJP;UNIDADE INTERNAÇÃO - PSIQUIATRIA ALA C;2023;2;2;5;0,4
HRJP;UNIDADE INTERNAÇÃO - PSIQUIATRIA ALA C;2023;3;2;16;0,125
HRJP;UNIDADE INTERNAÇÃO - PSIQUIATRIA ALA C;2023;4;1;3;0,3333333333333333
HRJP;UNIDADE INTERNAÇÃO - PSIQUIATRIA ALA C;2023;5;0;7;0,0
HRJP;UNIDADE INTERNAÇÃO - PSIQUIATRIA ALA C;2023;6;0;5;0,0
HRJP;UNIDADE INTERNAÇÃO - PSIQUIATRIA ALA C;2023;7;0;7;0,0
HRJP;UNIDADE INTERNAÇÃO - PSIQUIATRIA ALA C;2023;8;0;5;0,0
HRJP;UNIDADE INTERNAÇÃO - PSIQUIATRIA ALA C;2023;9;1;5;0,2
HRJP;UNIDADE INTERNAÇÃO - PSIQUIATRIA ALA C;2023;10;2;4;0,5
HRJP;UNIDADE INTERNAÇÃO - PSIQUIATRIA ALA C;2023;11;3;4;0,75
HRJP;UNIDADE INTERNAÇÃO - PSIQUIATRIA ALA C;2023;12;2;2;1,0
HRJP;UNIDADE INTERNAÇÃO - PSIQUIATRIA ALA C;2024;1;0;1;0,0
HRJP;UNIDADE INTERNAÇÃO - PSIQUIATRIA ALA C;2024;2;3;4;0,75
HRJP;UNIDADE INTERNAÇÃO - PSIQUIATRIA ALA C;2024;3;3;5;0,6
HRJP;UNIDADE INTERNAÇÃO - PSIQUIATRIA ALA C;2024;4;8;11;0,7272727272727273
HRJP;UNIDADE INTERNAÇÃO - PSIQUIATRIA ALA C;2024;5;2;2;1,0
HRJP;UNIDADE INTERNAÇÃO - PSIQUIATRIA ALA C;2024;6;4;4;1,0
HRJP;UNIDADE INTERNAÇÃO - PSIQUIATRIA ALA C;2024;7;3;3;1,0
HRJP;UNIDADE INTERNAÇÃO - PSIQUIATRIA ALA C;2024;8;1;2;0,5
HRJP;UNIDADE INTERNAÇÃO - PSIQUIATRIA ALA C;2024;9;3;3;1,0
HRJP;UNIDADE INTERNAÇÃO - PSIQUIATRIA ALA C;2024;10;4;4;1,0
HRJP;UNIDADE INTERNAÇÃO - PSIQUIATRIA ALA C;2024;11;1;1;1,0
HRJP;UTI;2019;1;3;9;0,3333333333333333
HRJP;UTI;2019;2;4;6;0,6666666666666666
HRJP;UTI;2019;3;2;5;0,4
HRJP;UTI;2019;4;2;8;0,25
HRJP;UTI;2019;5;0;2;0,0
HRJP;UTI;2019;6;3;5;0,6
HRJP;UTI;2019;7;1;6;0,16666666666666666
HRJP;UTI;2019;8;1;7;0,14285714285714285
HRJP;UTI;2019;9;4;10;0,4
HRJP;UTI;2019;10;3;4;0,75
HRJP;UTI;2019;11;2;5;0,4
HRJP;UTI;2019;12;1;7;0,14285714285714285
HRJP;UTI;2020;1;3;10;0,3
HRJP;UTI;2020;2;2;8;0,25
HRJP;UTI;2020;3;2;11;0,18181818181818182
HRJP;UTI;2020;4;0;7;0,0
HRJP;UTI;2020;5;6;16;0,375
HRJP;UTI;2020;6;4;11;0,36363636363636365
HRJP;UTI;2020;7;4;22;0,18181818181818182
HRJP;UTI;2020;8;3;17;0,17647058823529413
HRJP;UTI;2020;9;3;11;0,2727272727272727
HRJP;UTI;2020;10;7;18;0,3888888888888889
HRJP;UTI;2020;11;5;19;0,2631578947368421
HRJP;UTI;2020;12;6;18;0,3333333333333333
HRJP;UTI;2021;1;4;18;0,2222222222222222
HRJP;UTI;2021;2;7;16;0,4375
HRJP;UTI;2021;3;4;12;0,3333333333333333
HRJP;UTI;2021;4;3;12;0,25
HRJP;UTI;2021;5;3;7;0,42857142857142855
HRJP;UTI;2021;6;2;8;0,25
HRJP;UTI;2021;7;3;9;0,3333333333333333
HRJP;UTI -  PEDIATRICO;2022;11;1;4;0,25
HRJP;UTI -  PEDIATRICO;2023;1;1;2;0,5
HRJP;UTI -  PEDIATRICO;2023;2;0;1;0,0
HRJP;UTI -  PEDIATRICO;2023;3;0;1;0,0
HRJP;UTI -  PEDIATRICO;2023;4;0;1;0,0
HRJP;UTI -  PEDIATRICO;2023;5;0;3;0,0
HRJP;UTI -  PEDIATRICO;2023;6;1;1;1,0
HRJP;UTI -  PEDIATRICO;2023;7;1;4;0,25
HRJP;UTI -  PEDIATRICO;2023;8;1;2;0,5
HRJP;UTI -  PEDIATRICO;2023;9;0;1;0,0
HRJP;UTI -  PEDIATRICO;2023;10;0;1;0,0
HRJP;UTI -  PEDIATRICO;2023;11;1;2;0,5
HRJP;UTI -  PEDIATRICO;2023;12;0;1;0,0
HRJP;UTI -  PEDIATRICO;2024;1;0;1;0,0
HRJP;UTI -  PEDIATRICO;2024;2;0;1;0,0
HRJP;UTI -  PEDIATRICO;2024;3;1;5;0,2
HRJP;UTI -  PEDIATRICO;2024;4;1;3;0,3333333333333333
HRJP;UTI -  PEDIATRICO;2024;5;0;3;0,0
HRJP;UTI -  PEDIATRICO;2024;6;1;3;0,3333333333333333
HRJP;UTI -  PEDIATRICO;2024;7;1;1;1,0
HRJP;UTI -  PEDIATRICO;2024;8;0;3;0,0
HRJP;UTI -  PEDIATRICO;2024;9;0;3;0,0
HRJP;UTI -  PEDIATRICO;2024;10;0;4;0,0
HRJP;UTI - ADULTO;2021;7;0;2;0,0
HRJP;UTI - ADULTO;2021;8;1;8;0,125
HRJP;UTI - ADULTO;2021;9;2;11;0,18181818181818182
HRJP;UTI - ADULTO;2021;10;1;6;0,16666666666666666
HRJP;UTI - ADULTO;2021;11;4;5;0,8
HRJP;UTI - ADULTO;2021;12;2;4;0,5
HRJP;UTI - ADULTO;2022;1;3;6;0,5
HRJP;UTI - ADULTO;2022;2;0;3;0,0
HRJP;UTI - ADULTO;2022;3;5;10;0,5
HRJP;UTI - ADULTO;2022;4;8;16;0,5
HRJP;UTI - ADULTO;2022;5;3;6;0,5
HRJP;UTI - ADULTO;2022;6;2;10;0,2
HRJP;UTI - ADULTO;2022;7;2;9;0,2222222222222222
HRJP;UTI - ADULTO;2022;8;6;11;0,5454545454545454
HRJP;UTI - ADULTO;2022;9;0;3;0,0
HRJP;UTI - ADULTO;2022;10;1;9;0,1111111111111111
HRJP;UTI - ADULTO;2022;11;4;10;0,4
HRJP;UTI - ADULTO;2022;12;0;6;0,0
HRJP;UTI - ADULTO;2023;1;2;6;0,3333333333333333
HRJP;UTI - ADULTO;2023;2;1;12;0,08333333333333333
HRJP;UTI - ADULTO;2023;3;3;18;0,16666666666666666
HRJP;UTI - ADULTO;2023;4;6;18;0,3333333333333333
HRJP;UTI - ADULTO;2023;5;5;15;0,3333333333333333
HRJP;UTI - ADULTO;2023;6;5;19;0,2631578947368421
HRJP;UTI - ADULTO;2023;7;5;15;0,3333333333333333
HRJP;UTI - ADULTO;2023;8;4;13;0,3076923076923077
HRJP;UTI - ADULTO;2023;9;4;12;0,3333333333333333
HRJP;UTI - ADULTO;2023;10;4;14;0,2857142857142857
HRJP;UTI - ADULTO;2023;11;1;9;0,1111111111111111
HRJP;UTI - ADULTO;2023;12;9;14;0,6428571428571429
HRJP;UTI - ADULTO;2024;1;5;14;0,35714285714285715
HRJP;UTI - ADULTO;2024;2;4;13;0,3076923076923077
HRJP;UTI - ADULTO;2024;3;6;18;0,3333333333333333
HRJP;UTI - ADULTO;2024;4;3;10;0,3
HRJP;UTI - ADULTO;2024;5;10;17;0,5882352941176471
HRJP;UTI - ADULTO;2024;6;4;11;0,36363636363636365
HRJP;UTI - ADULTO;2024;7;8;15;0,5333333333333333
HRJP;UTI - ADULTO;2024;8;8;12;0,6666666666666666
HRJP;UTI - ADULTO;2024;9;3;14;0,21428571428571427
HRJP;UTI - ADULTO;2024;10;5;13;0,38461538461538464
HRJP;UTI - ADULTO;2024;11;6;9;0,6666666666666666
HRJP;UTI - ADULTO;2024;12;11;20;0,55
HRJP;UTI - ADULTO;2025;1;6;4;1,5
HRJP;UTI - ADULTO;2025;2;1;4;0,25
HRJP;UTI - ADULTO;2025;3;10;13;0,7692307692307693
HRJP;UTI - ADULTO;2025;4;10;10;1,0
HRJP;UTI - ADULTO;2025;5;6;10;0,6
HRJP;UTI - ADULTO;2025;6;3;7;0,42857142857142855
HRJP;UTI - ADULTO;2025;7;4;6;0,6666666666666666
HRJP;UTI - ADULTO;2025;8;6;2;3,0
HRJP;UTI - ADULTO;2025;9;9;8;1,125
HRJP;UTI - ADULTO;2025;10;11;17;0,6470588235294118
HRJP;UTI - ADULTO;2025;11;10;9;1,1111111111111112
HRJP;UTI - ADULTO;2025;12;9;11;0,8181818181818182
HRJP;UTI - ADULTO;2026;1;4;11;0,36363636363636365
HRJP;UTI - ADULTO;2026;2;6;11;0,5454545454545454
HRJP;UTI - ADULTO;2026;3;14;12;1,1666666666666667
HRJP;UTI - ADULTO;2026;4;17;17;1,0
HRJP;UTI - ADULTO;2026;5;13;17;0,7647058823529411
HRJP;UTI - NEONATAL;2019;1;1;11;0,09090909090909091
HRJP;UTI - NEONATAL;2019;2;1;7;0,14285714285714285
HRJP;UTI - NEONATAL;2019;3;0;4;0,0
HRJP;UTI - NEONATAL;2019;4;1;10;0,1
HRJP;UTI - NEONATAL;2019;5;0;2;0,0
HRJP;UTI - NEONATAL;2019;6;2;13;0,15384615384615385
HRJP;UTI - NEONATAL;2019;7;0;4;0,0
HRJP;UTI - NEONATAL;2019;8;0;4;0,0
HRJP;UTI - NEONATAL;2019;9;2;6;0,3333333333333333
HRJP;UTI - NEONATAL;2019;10;1;10;0,1
HRJP;UTI - NEONATAL;2019;11;0;5;0,0
HRJP;UTI - NEONATAL;2019;12;2;5;0,4
HRJP;UTI - NEONATAL;2020;1;0;3;0,0
HRJP;UTI - NEONATAL;2020;2;0;5;0,0
HRJP;UTI - NEONATAL;2020;3;1;8;0,125
HRJP;UTI - NEONATAL;2020;4;0;17;0,0
HRJP;UTI - NEONATAL;2020;5;0;16;0,0
HRJP;UTI - NEONATAL;2020;6;0;15;0,0
HRJP;UTI - NEONATAL;2020;7;1;10;0,1
HRJP;UTI - NEONATAL;2020;8;1;17;0,058823529411764705
HRJP;UTI - NEONATAL;2020;9;0;13;0,0
HRJP;UTI - NEONATAL;2020;10;0;7;0,0
HRJP;UTI - NEONATAL;2020;11;2;17;0,11764705882352941
HRJP;UTI - NEONATAL;2020;12;3;14;0,21428571428571427
HRJP;UTI - NEONATAL;2021;1;2;12;0,16666666666666666
HRJP;UTI - NEONATAL;2021;2;3;9;0,3333333333333333
HRJP;UTI - NEONATAL;2021;3;3;9;0,3333333333333333
HRJP;UTI - NEONATAL;2021;4;1;9;0,1111111111111111
HRJP;UTI - NEONATAL;2021;5;0;6;0,0
HRJP;UTI - NEONATAL;2021;6;0;7;0,0
HRJP;UTI - NEONATAL;2021;7;1;6;0,16666666666666666
HRJP;UTI - NEONATAL;2021;8;1;1;1,0
HRJP;UTI - NEONATAL;2021;9;1;2;0,5
HRJP;UTI - NEONATAL;2021;10;1;3;0,3333333333333333
HRJP;UTI - NEONATAL;2021;11;1;4;0,25
HRJP;UTI - NEONATAL;2021;12;0;4;0,0
HRJP;UTI - NEONATAL;2022;1;2;4;0,5
HRJP;UTI - NEONATAL;2022;2;1;21;0,047619047619047616
HRJP;UTI - NEONATAL;2022;3;1;11;0,09090909090909091
HRJP;UTI - NEONATAL;2022;4;1;2;0,5
HRJP;UTI - NEONATAL;2022;5;0;4;0,0
HRJP;UTI - NEONATAL;2022;6;2;5;0,4
HRJP;UTI - NEONATAL;2022;7;1;3;0,3333333333333333
HRJP;UTI - NEONATAL;2022;8;0;1;0,0
HRJP;UTI - NEONATAL;2022;9;0;5;0,0
HRJP;UTI - NEONATAL;2022;10;1;5;0,2
HRJP;UTI - NEONATAL;2022;11;1;2;0,5
HRJP;UTI - NEONATAL;2022;12;1;2;0,5
HRJP;UTI - NEONATAL;2023;1;0;3;0,0
HRJP;UTI - NEONATAL;2023;2;1;3;0,3333333333333333
HRJP;UTI - NEONATAL;2023;3;1;2;0,5
HRJP;UTI - NEONATAL;2023;4;0;1;0,0
HRJP;UTI - NEONATAL;2023;5;0;1;0,0
HRJP;UTI - NEONATAL;2023;6;0;1;0,0
HRJP;UTI - NEONATAL;2023;7;1;3;0,3333333333333333
HRJP;UTI - NEONATAL;2023;8;1;2;0,5
HRJP;UTI - NEONATAL;2023;10;0;3;0,0
HRJP;UTI - NEONATAL;2023;11;0;2;0,0
HRJP;UTI - NEONATAL;2023;12;2;3;0,6666666666666666
HRJP;UTI - NEONATAL;2024;1;0;4;0,0
HRJP;UTI - NEONATAL;2024;2;1;1;1,0
HRJP;UTI - NEONATAL;2024;3;2;4;0,5
HRJP;UTI - NEONATAL;2024;4;0;1;0,0
HRJP;UTI - NEONATAL;2024;5;1;1;1,0
HRJP;UTI - NEONATAL;2024;6;1;3;0,3333333333333333
HRJP;UTI - NEONATAL;2024;8;2;2;1,0
HRJP;UTI - NEONATAL;2024;9;2;2;1,0
HRJP;UTI - NEONATAL;2024;10;2;4;0,5
HRJP;UTI - NEONATAL I;2024;11;0;2;0,0
HRJP;UTI - NEONATAL I;2025;1;0;2;0,0
HRJP;UTI - NEONATAL I;2025;3;1;4;0,25
HRJP;UTI - NEONATAL I;2025;4;0;1;0,0
HRJP;UTI - NEONATAL I;2025;5;0;1;0,0
HRJP;UTI - NEONATAL I;2025;6;0;3;0,0
HRJP;UTI - NEONATAL I;2025;7;0;2;0,0
HRJP;UTI - NEONATAL I;2025;8;0;2;0,0
HRJP;UTI - NEONATAL I;2025;9;0;8;0,0
HRJP;UTI - NEONATAL I;2025;10;2;11;0,18181818181818182
HRJP;UTI - NEONATAL I;2025;11;0;5;0,0
HRJP;UTI - NEONATAL I;2025;12;1;8;0,125
HRJP;UTI - NEONATAL I;2026;1;1;6;0,16666666666666666
HRJP;UTI - NEONATAL I;2026;3;0;2;0,0
HRJP;UTI - NEONATAL I;2026;4;0;1;0,0
HRJP;UTI - NEONATAL I;2026;5;0;2;0,0
HRJP;UTI - NEONATAL II;2025;4;0;1;0,0
HRJP;UTI - NEONATAL II;2025;5;1;1;1,0
HRJP;UTI - NEONATAL II;2025;6;0;1;0,0
HRJP;UTI - NEONATAL II;2025;7;0;1;0,0
HRJP;UTI - NEONATAL II;2025;8;0;6;0,0
HRJP;UTI - NEONATAL II;2025;9;0;2;0,0
HRJP;UTI - NEONATAL II;2025;10;0;5;0,0
HRJP;UTI - PEDIÁTRICO;2024;12;1;2;0,5
HRJP;UTI - PEDIÁTRICO;2025;1;0;4;0,0
HRJP;UTI - PEDIÁTRICO;2025;2;0;2;0,0
HRJP;UTI - PEDIÁTRICO;2025;3;0;2;0,0
HRJP;UTI - PEDIÁTRICO;2025;4;0;3;0,0
HRJP;UTI - PEDIÁTRICO;2025;5;1;3;0,3333333333333333
HRJP;UTI - PEDIÁTRICO;2025;6;0;2;0,0
HRJP;UTI - PEDIÁTRICO;2025;7;1;2;0,5
HRJP;UTI - PEDIÁTRICO;2025;8;0;3;0,0
HRJP;UTI - PEDIÁTRICO;2025;9;0;3;0,0
HRJP;UTI - PEDIÁTRICO;2025;10;0;2;0,0
HRJP;UTI - PEDIÁTRICO;2025;11;2;7;0,2857142857142857
HRJP;UTI - PEDIÁTRICO;2025;12;2;8;0,25
HRJP;UTI - PEDIÁTRICO;2026;1;0;2;0,0
HRJP;UTI - PEDIÁTRICO;2026;2;1;4;0,25
HRJP;UTI - PEDIÁTRICO;2026;3;2;2;1,0
HRJP;UTI - PEDIÁTRICO;2026;4;0;6;0,0
HRJP;UTI - PEDIÁTRICO;2026;5;1;1;1,0
HRJP;UTI PEDIATRICA;2019;1;1;7;0,14285714285714285
HRJP;UTI PEDIATRICA;2019;3;0;5;0,0
HRJP;UTI PEDIATRICA;2019;4;1;5;0,2
HRJP;UTI PEDIATRICA;2019;5;0;3;0,0
HRJP;UTI PEDIATRICA;2019;6;0;6;0,0
HRJP;UTI PEDIATRICA;2019;7;0;4;0,0
HRJP;UTI PEDIATRICA;2019;8;0;2;0,0
HRJP;UTI PEDIATRICA;2019;9;0;1;0,0
HRJP;UTI PEDIATRICA;2019;10;1;2;0,5
HRJP;UTI PEDIATRICA;2019;11;0;3;0,0
HRJP;UTI PEDIATRICA;2019;12;1;3;0,3333333333333333
HRJP;UTI PEDIATRICA;2020;1;0;3;0,0
HRJP;UTI PEDIATRICA;2020;2;3;3;1,0
HRJP;UTI PEDIATRICA;2020;3;0;2;0,0
HRJP;UTI PEDIATRICA;2020;4;0;3;0,0
HRJP;UTI PEDIATRICA;2020;5;0;2;0,0
HRJP;UTI PEDIATRICA;2020;6;0;1;0,0
HRJP;UTI PEDIATRICA;2020;7;0;2;0,0
HRJP;UTI PEDIATRICA;2020;8;1;3;0,3333333333333333
HRJP;UTI PEDIATRICA;2020;9;1;4;0,25
HRJP;UTI PEDIATRICA;2020;10;1;2;0,5
HRJP;UTI PEDIATRICA;2020;11;0;1;0,0
HRJP;UTI PEDIATRICA;2020;12;0;1;0,0
HRJP;UTI PEDIATRICA;2021;1;2;4;0,5
HRJP;UTI PEDIATRICA;2021;2;1;2;0,5
HRJP;UTI PEDIATRICA;2021;4;2;7;0,2857142857142857
HRJP;UTI PEDIATRICA;2021;5;0;2;0,0
HRJP;UTI PEDIATRICA;2021;6;0;1;0,0
HRJP;UTI PEDIATRICA;2021;7;0;1;0,0
HRJP;UTI PEDIATRICA;2021;8;0;1;0,0
HRJP;UTI PEDIATRICA;2021;9;1;2;0,5
HRJP;UTI PEDIATRICA;2021;10;0;3;0,0
HRJP;UTI PEDIATRICA;2021;11;1;4;0,25
HRJP;UTI PEDIATRICA;2021;12;0;6;0,0
HRJP;UTI PEDIATRICA;2022;1;0;3;0,0
HRJP;UTI PEDIATRICA;2022;2;1;5;0,2
HRJP;UTI PEDIATRICA;2022;3;0;3;0,0
HRJP;UTI PEDIATRICA;2022;4;1;5;0,2
HRJP;UTI PEDIATRICA;2022;5;0;2;0,0
HRJP;UTI PEDIATRICA;2022;6;1;1;1,0
HRJP;UTI PEDIATRICA;2022;7;1;1;1,0
HRJP;UTI PEDIATRICA;2022;8;0;2;0,0
HRJP;UTI PEDIATRICA;2022;9;0;1;0,0
IRS;ALA A;2023;8;5;14;0,35714285714285715
IRS;ALA A;2023;9;2;17;0,11764705882352941
IRS;ALA A;2023;10;3;21;0,14285714285714285
IRS;ALA A;2023;11;7;19;0,3684210526315789
IRS;ALA A;2023;12;9;19;0,47368421052631576
IRS;ALA A;2024;1;7;14;0,5
IRS;ALA A;2024;2;14;22;0,6363636363636364
IRS;ALA A;2024;3;7;11;0,6363636363636364
IRS;ALA A;2024;4;2;15;0,13333333333333333
IRS;ALA A;2024;5;6;14;0,42857142857142855
IRS;ALA A;2024;6;5;12;0,4166666666666667
IRS;ALA A;2024;7;9;16;0,5625
IRS;ALA A;2024;8;7;13;0,5384615384615384
IRS;ALA A;2024;9;3;10;0,3
IRS;ALA A;2024;10;9;17;0,5294117647058824
IRS;ALA A;2024;11;5;13;0,38461538461538464
IRS;ALA A;2024;12;10;14;0,7142857142857143
IRS;ALA A;2025;1;7;10;0,7
IRS;ALA A;2025;2;4;14;0,2857142857142857
IRS;ALA A;2025;3;3;15;0,2
IRS;ALA A;2025;4;2;11;0,18181818181818182
IRS;ALA A;2025;5;9;20;0,45
IRS;ALA A;2025;6;3;15;0,2
IRS;ALA A;2025;7;5;20;0,25
IRS;ALA A;2025;8;3;13;0,23076923076923078
IRS;ALA A;2025;9;4;16;0,25
IRS;ALA A;2025;10;3;13;0,23076923076923078
IRS;ALA A;2025;11;3;16;0,1875
IRS;ALA A;2025;12;5;18;0,2777777777777778
IRS;ALA A;2026;1;2;11;0,18181818181818182
IRS;ALA A;2026;2;8;17;0,47058823529411764
IRS;ALA A;2026;3;7;12;0,5833333333333334
IRS;ALA A;2026;4;11;15;0,7333333333333333
IRS;ALA A;2026;5;4;11;0,36363636363636365
IRS;ALA B;2023;8;7;12;0,5833333333333334
IRS;ALA B;2023;9;13;29;0,4482758620689655
IRS;ALA B;2023;10;12;20;0,6
IRS;ALA B;2023;11;8;21;0,38095238095238093
IRS;ALA B;2023;12;9;16;0,5625
IRS;ALA B;2024;1;6;14;0,42857142857142855
IRS;ALA B;2024;2;12;20;0,6
IRS;ALA B;2024;3;8;18;0,4444444444444444
IRS;ALA B;2024;4;6;14;0,42857142857142855
IRS;ALA B;2024;5;5;11;0,45454545454545453
IRS;ALA B;2024;6;3;7;0,42857142857142855
IRS;ALA B;2024;7;3;13;0,23076923076923078
IRS;ALA B;2024;8;6;16;0,375
IRS;ALA B;2024;9;2;12;0,16666666666666666
IRS;ALA B;2024;10;0;12;0,0
IRS;ALA B;2024;11;5;12;0,4166666666666667
IRS;ALA B;2024;12;8;16;0,5
IRS;ALA B;2025;1;4;10;0,4
IRS;ALA B;2025;2;3;5;0,6
IRS;ALA B;2025;3;4;15;0,26666666666666666
IRS;ALA B;2025;4;2;11;0,18181818181818182
IRS;ALA B;2025;5;7;15;0,4666666666666667
IRS;ALA B;2025;6;2;11;0,18181818181818182
IRS;ALA B;2025;7;7;15;0,4666666666666667
IRS;ALA B;2025;8;6;14;0,42857142857142855
IRS;ALA B;2025;9;9;18;0,5
IRS;ALA B;2025;10;8;17;0,47058823529411764
IRS;ALA B;2025;11;5;18;0,2777777777777778
IRS;ALA B;2025;12;0;12;0,0
IRS;ALA B;2026;1;1;15;0,06666666666666667
IRS;ALA B;2026;2;0;11;0,0
IRS;ALA B;2026;3;3;19;0,15789473684210525
IRS;ALA B;2026;4;15;23;0,6521739130434783
IRS;ALA B;2026;5;5;14;0,35714285714285715
IRS;ALA C;2023;8;10;22;0,45454545454545453
IRS;ALA C;2023;9;10;21;0,47619047619047616
IRS;ALA C;2023;10;11;33;0,3333333333333333
IRS;ALA C;2023;11;8;30;0,26666666666666666
IRS;ALA C;2023;12;6;23;0,2608695652173913
IRS;ALA C;2024;1;6;13;0,46153846153846156
IRS;ALA C;2024;2;16;28;0,5714285714285714
IRS;ALA C;2024;3;7;13;0,5384615384615384
IRS;ALA C;2024;4;8;15;0,5333333333333333
IRS;ALA C;2024;5;3;12;0,25
IRS;ALA C;2024;6;6;13;0,46153846153846156
IRS;ALA C;2024;7;6;17;0,35294117647058826
IRS;ALA C;2024;8;8;21;0,38095238095238093
IRS;ALA C;2024;9;12;21;0,5714285714285714
IRS;ALA C;2024;10;6;23;0,2608695652173913
IRS;ALA C;2024;11;3;17;0,17647058823529413
IRS;ALA C;2024;12;6;17;0,35294117647058826
IRS;ALA C;2025;1;8;21;0,38095238095238093
IRS;ALA C;2025;2;7;12;0,5833333333333334
IRS;ALA C;2025;3;6;21;0,2857142857142857
IRS;ALA C;2025;4;6;20;0,3
IRS;ALA C;2025;5;5;18;0,2777777777777778
IRS;ALA C;2025;6;8;21;0,38095238095238093
IRS;ALA C;2025;7;6;16;0,375
IRS;ALA C;2025;8;8;20;0,4
IRS;ALA C;2025;9;5;12;0,4166666666666667
IRS;ALA C;2025;10;12;27;0,4444444444444444
IRS;ALA C;2025;11;7;13;0,5384615384615384
IRS;ALA C;2025;12;3;14;0,21428571428571427
IRS;ALA C;2026;1;5;16;0,3125
IRS;ALA C;2026;2;6;14;0,42857142857142855
IRS;ALA C;2026;3;8;18;0,4444444444444444
IRS;ALA C;2026;4;12;18;0,6666666666666666
IRS;ALA C;2026;5;4;11;0,36363636363636365
IRS;ALA D;2024;1;5;10;0,5
IRS;ALA D;2024;10;3;8;0,375
IRS;ALA D;2024;11;10;13;0,7692307692307693
IRS;ALA D;2024;12;2;9;0,2222222222222222
IRS;ALA D;2025;1;7;15;0,4666666666666667
IRS;ALA D;2025;2;0;5;0,0
IRS;ALA D;2025;3;6;16;0,375
IRS;ALA D;2025;4;5;16;0,3125
IRS;ALA D;2025;5;3;17;0,17647058823529413
IRS;ALA D;2025;6;4;15;0,26666666666666666
IRS;ALA D;2025;7;5;18;0,2777777777777778
IRS;ALA D;2025;8;4;11;0,36363636363636365
IRS;ALA D;2025;9;5;10;0,5
IRS;ALA D;2025;10;2;15;0,13333333333333333
IRS;ALA D;2025;11;6;14;0,42857142857142855
IRS;ALA D;2025;12;5;19;0,2631578947368421
IRS;ALA D;2026;1;5;12;0,4166666666666667
IRS;ALA D;2026;2;5;14;0,35714285714285715
IRS;ALA D;2026;3;8;25;0,32
IRS;ALA D;2026;4;8;15;0,5333333333333333
IRS;ALA D;2026;5;3;10;0,3
IRS;ALA E;2023;8;4;17;0,23529411764705882
IRS;ALA E;2023;9;4;11;0,36363636363636365
IRS;ALA E;2023;10;7;23;0,30434782608695654
IRS;ALA E;2023;11;8;13;0,6153846153846154
IRS;ALA E;2023;12;7;17;0,4117647058823529
IRS;ALA E;2024;1;9;18;0,5
IRS;ALA E;2024;2;4;4;1,0
IRS;ALA E;2024;3;4;17;0,23529411764705882
IRS;ALA E;2024;4;9;15;0,6
IRS;ALA E;2024;5;9;16;0,5625
IRS;ALA E;2024;6;6;19;0,3157894736842105
IRS;ALA E;2024;7;9;18;0,5
IRS;ALA E;2024;8;5;12;0,4166666666666667
IRS;ALA E;2024;9;8;13;0,6153846153846154
IRS;ALA E;2024;10;0;1;0,0
IRS;ALA F;2024;2;1;5;0,2
IRS;ALA F;2024;6;1;3;0,3333333333333333
IRS;AMBULATORIO - PSIQUIATRIA;2019;2;0;1;0,0
IRS;AMBULATORIO - PSIQUIATRIA;2019;3;0;1;0,0
IRS;AMBULATORIO - PSIQUIATRIA;2022;6;0;1;0,0
IRS;AMBULATORIO - PSIQUIATRIA;2022;7;0;2;0,0
IRS;ELETROCONVULSOTERAPIA;2020;1;0;1;0,0
IRS;UNIDADE DE URGÊNCIA - CLINICA PSIQUIÁTRICA SALA DE OBSERVAÇAO;2019;1;6;10;0,6
IRS;UNIDADE DE URGÊNCIA - CLINICA PSIQUIÁTRICA SALA DE OBSERVAÇAO;2019;2;5;16;0,3125
IRS;UNIDADE DE URGÊNCIA - CLINICA PSIQUIÁTRICA SALA DE OBSERVAÇAO;2019;3;8;20;0,4
IRS;UNIDADE DE URGÊNCIA - CLINICA PSIQUIÁTRICA SALA DE OBSERVAÇAO;2019;4;3;16;0,1875
IRS;UNIDADE DE URGÊNCIA - CLINICA PSIQUIÁTRICA SALA DE OBSERVAÇAO;2019;5;2;17;0,11764705882352941
IRS;UNIDADE DE URGÊNCIA - CLINICA PSIQUIÁTRICA SALA DE OBSERVAÇAO;2019;6;3;21;0,14285714285714285
IRS;UNIDADE DE URGÊNCIA - CLINICA PSIQUIÁTRICA SALA DE OBSERVAÇAO;2019;7;7;14;0,5
IRS;UNIDADE DE URGÊNCIA - CLINICA PSIQUIÁTRICA SALA DE OBSERVAÇAO;2019;8;4;15;0,26666666666666666
IRS;UNIDADE DE URGÊNCIA - CLINICA PSIQUIÁTRICA SALA DE OBSERVAÇAO;2019;9;3;15;0,2
IRS;UNIDADE DE URGÊNCIA - CLINICA PSIQUIÁTRICA SALA DE OBSERVAÇAO;2019;10;6;15;0,4
IRS;UNIDADE DE URGÊNCIA - CLINICA PSIQUIÁTRICA SALA DE OBSERVAÇAO;2019;11;3;17;0,17647058823529413
IRS;UNIDADE DE URGÊNCIA - CLINICA PSIQUIÁTRICA SALA DE OBSERVAÇAO;2019;12;5;22;0,22727272727272727
IRS;UNIDADE DE URGÊNCIA - CLINICA PSIQUIÁTRICA SALA DE OBSERVAÇAO;2020;1;8;20;0,4
IRS;UNIDADE DE URGÊNCIA - CLINICA PSIQUIÁTRICA SALA DE OBSERVAÇAO;2020;2;7;22;0,3181818181818182
IRS;UNIDADE DE URGÊNCIA - CLINICA PSIQUIÁTRICA SALA DE OBSERVAÇAO;2020;3;4;23;0,17391304347826086
IRS;UNIDADE DE URGÊNCIA - CLINICA PSIQUIÁTRICA SALA DE OBSERVAÇAO;2020;4;10;19;0,5263157894736842
IRS;UNIDADE DE URGÊNCIA - CLINICA PSIQUIÁTRICA SALA DE OBSERVAÇAO;2020;5;4;10;0,4
IRS;UNIDADE DE URGÊNCIA - CLINICA PSIQUIÁTRICA SALA DE OBSERVAÇAO;2020;6;9;15;0,6
IRS;UNIDADE DE URGÊNCIA - CLINICA PSIQUIÁTRICA SALA DE OBSERVAÇAO;2020;7;7;15;0,4666666666666667
IRS;UNIDADE DE URGÊNCIA - CLINICA PSIQUIÁTRICA SALA DE OBSERVAÇAO;2020;8;7;17;0,4117647058823529
IRS;UNIDADE DE URGÊNCIA - CLINICA PSIQUIÁTRICA SALA DE OBSERVAÇAO;2020;9;5;15;0,3333333333333333
IRS;UNIDADE DE URGÊNCIA - CLINICA PSIQUIÁTRICA SALA DE OBSERVAÇAO;2020;10;8;15;0,5333333333333333
IRS;UNIDADE DE URGÊNCIA - CLINICA PSIQUIÁTRICA SALA DE OBSERVAÇAO;2020;11;7;18;0,3888888888888889
IRS;UNIDADE DE URGÊNCIA - CLINICA PSIQUIÁTRICA SALA DE OBSERVAÇAO;2020;12;6;11;0,5454545454545454
IRS;UNIDADE DE URGÊNCIA - CLINICA PSIQUIÁTRICA SALA DE OBSERVAÇAO;2021;1;7;14;0,5
IRS;UNIDADE DE URGÊNCIA - CLINICA PSIQUIÁTRICA SALA DE OBSERVAÇAO;2021;2;8;10;0,8
IRS;UNIDADE DE URGÊNCIA - CLINICA PSIQUIÁTRICA SALA DE OBSERVAÇAO;2021;3;4;10;0,4
IRS;UNIDADE DE URGÊNCIA - CLINICA PSIQUIÁTRICA SALA DE OBSERVAÇAO;2021;4;7;15;0,4666666666666667
IRS;UNIDADE DE URGÊNCIA - CLINICA PSIQUIÁTRICA SALA DE OBSERVAÇAO;2021;5;6;12;0,5
IRS;UNIDADE DE URGÊNCIA - CLINICA PSIQUIÁTRICA SALA DE OBSERVAÇAO;2021;6;6;10;0,6
IRS;UNIDADE DE URGÊNCIA - CLINICA PSIQUIÁTRICA SALA DE OBSERVAÇAO;2021;7;2;13;0,15384615384615385
IRS;UNIDADE DE URGÊNCIA - CLINICA PSIQUIÁTRICA SALA DE OBSERVAÇAO;2021;8;4;21;0,19047619047619047
IRS;UNIDADE DE URGÊNCIA - CLINICA PSIQUIÁTRICA SALA DE OBSERVAÇAO;2021;9;6;14;0,42857142857142855
IRS;UNIDADE DE URGÊNCIA - CLINICA PSIQUIÁTRICA SALA DE OBSERVAÇAO;2021;10;6;16;0,375
IRS;UNIDADE DE URGÊNCIA - CLINICA PSIQUIÁTRICA SALA DE OBSERVAÇAO;2021;11;4;11;0,36363636363636365
IRS;UNIDADE DE URGÊNCIA - CLINICA PSIQUIÁTRICA SALA DE OBSERVAÇAO;2021;12;3;15;0,2
IRS;UNIDADE DE URGÊNCIA - CLINICA PSIQUIÁTRICA SALA DE OBSERVAÇAO;2022;1;3;14;0,21428571428571427
IRS;UNIDADE DE URGÊNCIA - CLINICA PSIQUIÁTRICA SALA DE OBSERVAÇAO;2022;2;5;13;0,38461538461538464
IRS;UNIDADE DE URGÊNCIA - CLINICA PSIQUIÁTRICA SALA DE OBSERVAÇAO;2022;3;0;13;0,0
IRS;UNIDADE DE URGÊNCIA - CLINICA PSIQUIÁTRICA SALA DE OBSERVAÇAO;2022;4;1;11;0,09090909090909091
IRS;UNIDADE DE URGÊNCIA - CLINICA PSIQUIÁTRICA SALA DE OBSERVAÇAO;2022;5;1;12;0,08333333333333333
IRS;UNIDADE DE URGÊNCIA - CLINICA PSIQUIÁTRICA SALA DE OBSERVAÇAO;2022;6;1;13;0,07692307692307693
IRS;UNIDADE DE URGÊNCIA - CLINICA PSIQUIÁTRICA SALA DE OBSERVAÇAO;2022;7;0;6;0,0
IRS;UNIDADE DE URGÊNCIA - CLINICA PSIQUIÁTRICA SALA DE OBSERVAÇAO;2022;8;0;3;0,0
IRS;UNIDADE DE URGÊNCIA - CLINICA PSIQUIÁTRICA SALA DE OBSERVAÇAO;2022;9;2;9;0,2222222222222222
IRS;UNIDADE DE URGÊNCIA - CLINICA PSIQUIÁTRICA SALA DE OBSERVAÇAO;2022;10;0;7;0,0
IRS;UNIDADE DE URGÊNCIA - CLINICA PSIQUIÁTRICA SALA DE OBSERVAÇAO;2022;11;2;10;0,2
IRS;UNIDADE DE URGÊNCIA - CLINICA PSIQUIÁTRICA SALA DE OBSERVAÇAO;2022;12;0;3;0,0
IRS;UNIDADE DE URGÊNCIA - CLINICA PSIQUIÁTRICA SALA DE OBSERVAÇAO;2023;1;1;13;0,07692307692307693
IRS;UNIDADE DE URGÊNCIA - CLINICA PSIQUIÁTRICA SALA DE OBSERVAÇAO;2023;2;5;13;0,38461538461538464
IRS;UNIDADE DE URGÊNCIA - CLINICA PSIQUIÁTRICA SALA DE OBSERVAÇAO;2023;3;3;10;0,3
IRS;UNIDADE DE URGÊNCIA - CLINICA PSIQUIÁTRICA SALA DE OBSERVAÇAO;2023;4;1;7;0,14285714285714285
IRS;UNIDADE DE URGÊNCIA - CLINICA PSIQUIÁTRICA SALA DE OBSERVAÇAO;2023;5;1;10;0,1
IRS;UNIDADE DE URGÊNCIA - CLINICA PSIQUIÁTRICA SALA DE OBSERVAÇAO;2023;6;1;11;0,09090909090909091
IRS;UNIDADE DE URGÊNCIA - CLINICA PSIQUIÁTRICA SALA DE OBSERVAÇAO;2023;7;0;10;0,0
IRS;UNIDADE DE URGÊNCIA - CLINICA PSIQUIÁTRICA SALA DE OBSERVAÇAO;2023;8;0;1;0,0
IRS;UNIDADE INTERNAÇÃO - PSIQUIATRIA ALA A;2019;3;0;2;0,0
IRS;UNIDADE INTERNAÇÃO - PSIQUIATRIA ALA A;2019;4;2;21;0,09523809523809523
IRS;UNIDADE INTERNAÇÃO - PSIQUIATRIA ALA A;2019;5;1;14;0,07142857142857142
IRS;UNIDADE INTERNAÇÃO - PSIQUIATRIA ALA A;2019;6;5;13;0,38461538461538464
IRS;UNIDADE INTERNAÇÃO - PSIQUIATRIA ALA A;2019;7;7;18;0,3888888888888889
IRS;UNIDADE INTERNAÇÃO - PSIQUIATRIA ALA A;2019;8;10;21;0,47619047619047616
IRS;UNIDADE INTERNAÇÃO - PSIQUIATRIA ALA A;2019;9;5;15;0,3333333333333333
IRS;UNIDADE INTERNAÇÃO - PSIQUIATRIA ALA A;2019;10;6;20;0,3
IRS;UNIDADE INTERNAÇÃO - PSIQUIATRIA ALA A;2019;11;1;22;0,045454545454545456
IRS;UNIDADE INTERNAÇÃO - PSIQUIATRIA ALA A;2019;12;5;15;0,3333333333333333
IRS;UNIDADE INTERNAÇÃO - PSIQUIATRIA ALA A;2020;1;6;13;0,46153846153846156
IRS;UNIDADE INTERNAÇÃO - PSIQUIATRIA ALA A;2020;2;1;12;0,08333333333333333
IRS;UNIDADE INTERNAÇÃO - PSIQUIATRIA ALA A;2020;3;2;19;0,10526315789473684
IRS;UNIDADE INTERNAÇÃO - PSIQUIATRIA ALA A;2020;4;3;13;0,23076923076923078
IRS;UNIDADE INTERNAÇÃO - PSIQUIATRIA ALA A;2020;5;8;19;0,42105263157894735
IRS;UNIDADE INTERNAÇÃO - PSIQUIATRIA ALA A;2020;6;8;22;0,36363636363636365
IRS;UNIDADE INTERNAÇÃO - PSIQUIATRIA ALA A;2020;7;4;14;0,2857142857142857
IRS;UNIDADE INTERNAÇÃO - PSIQUIATRIA ALA A;2020;8;5;17;0,29411764705882354
IRS;UNIDADE INTERNAÇÃO - PSIQUIATRIA ALA A;2020;9;10;22;0,45454545454545453
IRS;UNIDADE INTERNAÇÃO - PSIQUIATRIA ALA A;2020;10;7;25;0,28
IRS;UNIDADE INTERNAÇÃO - PSIQUIATRIA ALA A;2020;11;6;19;0,3157894736842105
IRS;UNIDADE INTERNAÇÃO - PSIQUIATRIA ALA A;2020;12;15;25;0,6
IRS;UNIDADE INTERNAÇÃO - PSIQUIATRIA ALA A;2021;1;4;15;0,26666666666666666
IRS;UNIDADE INTERNAÇÃO - PSIQUIATRIA ALA A;2021;2;7;17;0,4117647058823529
IRS;UNIDADE INTERNAÇÃO - PSIQUIATRIA ALA A;2021;3;6;20;0,3
IRS;UNIDADE INTERNAÇÃO - PSIQUIATRIA ALA A;2021;4;3;21;0,14285714285714285
IRS;UNIDADE INTERNAÇÃO - PSIQUIATRIA ALA A;2021;5;3;20;0,15
IRS;UNIDADE INTERNAÇÃO - PSIQUIATRIA ALA A;2021;6;4;15;0,26666666666666666
IRS;UNIDADE INTERNAÇÃO - PSIQUIATRIA ALA A;2021;7;7;23;0,30434782608695654
IRS;UNIDADE INTERNAÇÃO - PSIQUIATRIA ALA A;2021;8;3;21;0,14285714285714285
IRS;UNIDADE INTERNAÇÃO - PSIQUIATRIA ALA A;2021;9;3;22;0,13636363636363635
IRS;UNIDADE INTERNAÇÃO - PSIQUIATRIA ALA A;2021;10;4;18;0,2222222222222222
IRS;UNIDADE INTERNAÇÃO - PSIQUIATRIA ALA A;2021;11;7;28;0,25
IRS;UNIDADE INTERNAÇÃO - PSIQUIATRIA ALA A;2021;12;5;15;0,3333333333333333
IRS;UNIDADE INTERNAÇÃO - PSIQUIATRIA ALA A;2022;1;6;12;0,5
IRS;UNIDADE INTERNAÇÃO - PSIQUIATRIA ALA A;2022;2;5;19;0,2631578947368421
IRS;UNIDADE INTERNAÇÃO - PSIQUIATRIA ALA A;2022;3;5;19;0,2631578947368421
IRS;UNIDADE INTERNAÇÃO - PSIQUIATRIA ALA A;2022;4;9;18;0,5
IRS;UNIDADE INTERNAÇÃO - PSIQUIATRIA ALA A;2022;5;18;27;0,6666666666666666
IRS;UNIDADE INTERNAÇÃO - PSIQUIATRIA ALA A;2022;6;5;19;0,2631578947368421
IRS;UNIDADE INTERNAÇÃO - PSIQUIATRIA ALA A;2022;7;5;14;0,35714285714285715
IRS;UNIDADE INTERNAÇÃO - PSIQUIATRIA ALA A;2022;8;3;17;0,17647058823529413
IRS;UNIDADE INTERNAÇÃO - PSIQUIATRIA ALA A;2022;9;6;18;0,3333333333333333
IRS;UNIDADE INTERNAÇÃO - PSIQUIATRIA ALA A;2022;10;5;25;0,2
IRS;UNIDADE INTERNAÇÃO - PSIQUIATRIA ALA A;2022;11;10;21;0,47619047619047616
IRS;UNIDADE INTERNAÇÃO - PSIQUIATRIA ALA A;2022;12;13;19;0,6842105263157895
IRS;UNIDADE INTERNAÇÃO - PSIQUIATRIA ALA A;2023;1;15;21;0,7142857142857143
IRS;UNIDADE INTERNAÇÃO - PSIQUIATRIA ALA A;2023;2;4;13;0,3076923076923077
IRS;UNIDADE INTERNAÇÃO - PSIQUIATRIA ALA A;2023;3;4;20;0,2
IRS;UNIDADE INTERNAÇÃO - PSIQUIATRIA ALA A;2023;4;4;12;0,3333333333333333
IRS;UNIDADE INTERNAÇÃO - PSIQUIATRIA ALA A;2023;5;10;18;0,5555555555555556
IRS;UNIDADE INTERNAÇÃO - PSIQUIATRIA ALA A;2023;6;5;11;0,45454545454545453
IRS;UNIDADE INTERNAÇÃO - PSIQUIATRIA ALA A;2023;7;6;17;0,35294117647058826
IRS;UNIDADE INTERNAÇÃO - PSIQUIATRIA ALA B;2019;3;1;2;0,5
IRS;UNIDADE INTERNAÇÃO - PSIQUIATRIA ALA B;2019;4;7;18;0,3888888888888889
IRS;UNIDADE INTERNAÇÃO - PSIQUIATRIA ALA B;2019;5;3;9;0,3333333333333333
IRS;UNIDADE INTERNAÇÃO - PSIQUIATRIA ALA B;2019;6;8;18;0,4444444444444444
IRS;UNIDADE INTERNAÇÃO - PSIQUIATRIA ALA B;2019;7;3;14;0,21428571428571427
IRS;UNIDADE INTERNAÇÃO - PSIQUIATRIA ALA B;2019;8;4;14;0,2857142857142857
IRS;UNIDADE INTERNAÇÃO - PSIQUIATRIA ALA B;2019;9;6;15;0,4
IRS;UNIDADE INTERNAÇÃO - PSIQUIATRIA ALA B;2019;10;9;14;0,6428571428571429
IRS;UNIDADE INTERNAÇÃO - PSIQUIATRIA ALA B;2019;11;5;13;0,38461538461538464
IRS;UNIDADE INTERNAÇÃO - PSIQUIATRIA ALA B;2019;12;3;7;0,42857142857142855
IRS;UNIDADE INTERNAÇÃO - PSIQUIATRIA ALA B;2020;1;4;19;0,21052631578947367
IRS;UNIDADE INTERNAÇÃO - PSIQUIATRIA ALA B;2020;2;3;9;0,3333333333333333
IRS;UNIDADE INTERNAÇÃO - PSIQUIATRIA ALA B;2020;3;2;15;0,13333333333333333
IRS;UNIDADE INTERNAÇÃO - PSIQUIATRIA ALA B;2020;4;3;11;0,2727272727272727
IRS;UNIDADE INTERNAÇÃO - PSIQUIATRIA ALA B;2020;5;2;10;0,2
IRS;UNIDADE INTERNAÇÃO - PSIQUIATRIA ALA B;2020;6;9;16;0,5625
IRS;UNIDADE INTERNAÇÃO - PSIQUIATRIA ALA B;2020;7;6;18;0,3333333333333333
IRS;UNIDADE INTERNAÇÃO - PSIQUIATRIA ALA B;2020;8;2;10;0,2
IRS;UNIDADE INTERNAÇÃO - PSIQUIATRIA ALA B;2020;9;8;21;0,38095238095238093
IRS;UNIDADE INTERNAÇÃO - PSIQUIATRIA ALA B;2020;10;3;15;0,2
IRS;UNIDADE INTERNAÇÃO - PSIQUIATRIA ALA B;2020;11;7;19;0,3684210526315789
IRS;UNIDADE INTERNAÇÃO - PSIQUIATRIA ALA B;2020;12;4;12;0,3333333333333333
IRS;UNIDADE INTERNAÇÃO - PSIQUIATRIA ALA B;2021;1;4;17;0,23529411764705882
IRS;UNIDADE INTERNAÇÃO - PSIQUIATRIA ALA B;2021;2;5;10;0,5
IRS;UNIDADE INTERNAÇÃO - PSIQUIATRIA ALA B;2021;3;5;16;0,3125
IRS;UNIDADE INTERNAÇÃO - PSIQUIATRIA ALA B;2021;4;4;17;0,23529411764705882
IRS;UNIDADE INTERNAÇÃO - PSIQUIATRIA ALA B;2021;5;8;24;0,3333333333333333
IRS;UNIDADE INTERNAÇÃO - PSIQUIATRIA ALA B;2021;6;14;23;0,6086956521739131
IRS;UNIDADE INTERNAÇÃO - PSIQUIATRIA ALA B;2021;7;7;20;0,35
IRS;UNIDADE INTERNAÇÃO - PSIQUIATRIA ALA B;2021;8;8;18;0,4444444444444444
IRS;UNIDADE INTERNAÇÃO - PSIQUIATRIA ALA B;2021;9;12;24;0,5
IRS;UNIDADE INTERNAÇÃO - PSIQUIATRIA ALA B;2021;10;6;19;0,3157894736842105
IRS;UNIDADE INTERNAÇÃO - PSIQUIATRIA ALA B;2021;11;9;26;0,34615384615384615
IRS;UNIDADE INTERNAÇÃO - PSIQUIATRIA ALA B;2021;12;9;24;0,375
IRS;UNIDADE INTERNAÇÃO - PSIQUIATRIA ALA B;2022;1;4;16;0,25
IRS;UNIDADE INTERNAÇÃO - PSIQUIATRIA ALA B;2022;2;3;7;0,42857142857142855
IRS;UNIDADE INTERNAÇÃO - PSIQUIATRIA ALA B;2022;3;3;13;0,23076923076923078
IRS;UNIDADE INTERNAÇÃO - PSIQUIATRIA ALA B;2022;4;6;19;0,3157894736842105
IRS;UNIDADE INTERNAÇÃO - PSIQUIATRIA ALA B;2022;5;7;17;0,4117647058823529
IRS;UNIDADE INTERNAÇÃO - PSIQUIATRIA ALA B;2022;6;14;15;0,9333333333333333
IRS;UNIDADE INTERNAÇÃO - PSIQUIATRIA ALA B;2022;7;11;19;0,5789473684210527
IRS;UNIDADE INTERNAÇÃO - PSIQUIATRIA ALA B;2022;8;11;18;0,6111111111111112
IRS;UNIDADE INTERNAÇÃO - PSIQUIATRIA ALA B;2022;9;12;27;0,4444444444444444
IRS;UNIDADE INTERNAÇÃO - PSIQUIATRIA ALA B;2022;10;12;18;0,6666666666666666
IRS;UNIDADE INTERNAÇÃO - PSIQUIATRIA ALA B;2022;11;15;25;0,6
IRS;UNIDADE INTERNAÇÃO - PSIQUIATRIA ALA B;2022;12;5;10;0,5
IRS;UNIDADE INTERNAÇÃO - PSIQUIATRIA ALA B;2023;1;11;18;0,6111111111111112
IRS;UNIDADE INTERNAÇÃO - PSIQUIATRIA ALA B;2023;2;5;8;0,625
IRS;UNIDADE INTERNAÇÃO - PSIQUIATRIA ALA B;2023;3;13;22;0,5909090909090909
IRS;UNIDADE INTERNAÇÃO - PSIQUIATRIA ALA B;2023;4;9;12;0,75
IRS;UNIDADE INTERNAÇÃO - PSIQUIATRIA ALA B;2023;5;15;22;0,6818181818181818
IRS;UNIDADE INTERNAÇÃO - PSIQUIATRIA ALA B;2023;6;7;17;0,4117647058823529
IRS;UNIDADE INTERNAÇÃO - PSIQUIATRIA ALA B;2023;7;7;13;0,5384615384615384
IRS;UNIDADE INTERNAÇÃO - PSIQUIATRIA ALA C;2019;3;1;6;0,16666666666666666
IRS;UNIDADE INTERNAÇÃO - PSIQUIATRIA ALA C;2019;4;5;20;0,25
IRS;UNIDADE INTERNAÇÃO - PSIQUIATRIA ALA C;2019;5;3;23;0,13043478260869565
IRS;UNIDADE INTERNAÇÃO - PSIQUIATRIA ALA C;2019;6;3;14;0,21428571428571427
IRS;UNIDADE INTERNAÇÃO - PSIQUIATRIA ALA C;2019;7;7;26;0,2692307692307692
IRS;UNIDADE INTERNAÇÃO - PSIQUIATRIA ALA C;2019;8;8;22;0,36363636363636365
IRS;UNIDADE INTERNAÇÃO - PSIQUIATRIA ALA C;2019;9;8;20;0,4
IRS;UNIDADE INTERNAÇÃO - PSIQUIATRIA ALA C;2019;10;10;21;0,47619047619047616
IRS;UNIDADE INTERNAÇÃO - PSIQUIATRIA ALA C;2019;11;9;16;0,5625
IRS;UNIDADE INTERNAÇÃO - PSIQUIATRIA ALA C;2019;12;4;24;0,16666666666666666
IRS;UNIDADE INTERNAÇÃO - PSIQUIATRIA ALA C;2020;1;8;21;0,38095238095238093
IRS;UNIDADE INTERNAÇÃO - PSIQUIATRIA ALA C;2020;2;4;20;0,2
IRS;UNIDADE INTERNAÇÃO - PSIQUIATRIA ALA C;2020;3;6;13;0,46153846153846156
IRS;UNIDADE INTERNAÇÃO - PSIQUIATRIA ALA C;2020;4;5;24;0,20833333333333334
IRS;UNIDADE INTERNAÇÃO - PSIQUIATRIA ALA C;2020;5;6;24;0,25
IRS;UNIDADE INTERNAÇÃO - PSIQUIATRIA ALA C;2020;6;12;25;0,48
IRS;UNIDADE INTERNAÇÃO - PSIQUIATRIA ALA C;2020;7;8;23;0,34782608695652173
IRS;UNIDADE INTERNAÇÃO - PSIQUIATRIA ALA C;2020;8;19;33;0,5757575757575758
IRS;UNIDADE INTERNAÇÃO - PSIQUIATRIA ALA C;2020;9;18;34;0,5294117647058824
IRS;UNIDADE INTERNAÇÃO - PSIQUIATRIA ALA C;2020;10;19;38;0,5
IRS;UNIDADE INTERNAÇÃO - PSIQUIATRIA ALA C;2020;11;17;35;0,4857142857142857
IRS;UNIDADE INTERNAÇÃO - PSIQUIATRIA ALA C;2020;12;15;35;0,42857142857142855
IRS;UNIDADE INTERNAÇÃO - PSIQUIATRIA ALA C;2021;1;14;32;0,4375
IRS;UNIDADE INTERNAÇÃO - PSIQUIATRIA ALA C;2021;2;14;22;0,6363636363636364
IRS;UNIDADE INTERNAÇÃO - PSIQUIATRIA ALA C;2021;3;18;41;0,43902439024390244
IRS;UNIDADE INTERNAÇÃO - PSIQUIATRIA ALA C;2021;4;8;30;0,26666666666666666
IRS;UNIDADE INTERNAÇÃO - PSIQUIATRIA ALA C;2021;5;13;25;0,52
IRS;UNIDADE INTERNAÇÃO - PSIQUIATRIA ALA C;2021;6;9;29;0,3103448275862069
IRS;UNIDADE INTERNAÇÃO - PSIQUIATRIA ALA C;2021;7;17;40;0,425
IRS;UNIDADE INTERNAÇÃO - PSIQUIATRIA ALA C;2021;8;17;27;0,6296296296296297
IRS;UNIDADE INTERNAÇÃO - PSIQUIATRIA ALA C;2021;9;9;26;0,34615384615384615
IRS;UNIDADE INTERNAÇÃO - PSIQUIATRIA ALA C;2021;10;15;34;0,4411764705882353
IRS;UNIDADE INTERNAÇÃO - PSIQUIATRIA ALA C;2021;11;10;26;0,38461538461538464
IRS;UNIDADE INTERNAÇÃO - PSIQUIATRIA ALA C;2021;12;12;34;0,35294117647058826
IRS;UNIDADE INTERNAÇÃO - PSIQUIATRIA ALA C;2022;1;10;20;0,5
IRS;UNIDADE INTERNAÇÃO - PSIQUIATRIA ALA C;2022;2;9;16;0,5625
IRS;UNIDADE INTERNAÇÃO - PSIQUIATRIA ALA C;2022;3;13;37;0,35135135135135137
IRS;UNIDADE INTERNAÇÃO - PSIQUIATRIA ALA C;2022;4;22;29;0,7586206896551724
IRS;UNIDADE INTERNAÇÃO - PSIQUIATRIA ALA C;2022;5;19;41;0,4634146341463415
IRS;UNIDADE INTERNAÇÃO - PSIQUIATRIA ALA C;2022;6;10;29;0,3448275862068966
IRS;UNIDADE INTERNAÇÃO - PSIQUIATRIA ALA C;2022;7;14;26;0,5384615384615384
IRS;UNIDADE INTERNAÇÃO - PSIQUIATRIA ALA C;2022;8;19;36;0,5277777777777778
IRS;UNIDADE INTERNAÇÃO - PSIQUIATRIA ALA C;2022;9;18;26;0,6923076923076923
IRS;UNIDADE INTERNAÇÃO - PSIQUIATRIA ALA C;2022;10;15;23;0,6521739130434783
IRS;UNIDADE INTERNAÇÃO - PSIQUIATRIA ALA C;2022;11;22;32;0,6875
IRS;UNIDADE INTERNAÇÃO - PSIQUIATRIA ALA C;2022;12;10;16;0,625
IRS;UNIDADE INTERNAÇÃO - PSIQUIATRIA ALA C;2023;1;13;27;0,48148148148148145
IRS;UNIDADE INTERNAÇÃO - PSIQUIATRIA ALA C;2023;2;13;23;0,5652173913043478
IRS;UNIDADE INTERNAÇÃO - PSIQUIATRIA ALA C;2023;3;13;27;0,48148148148148145
IRS;UNIDADE INTERNAÇÃO - PSIQUIATRIA ALA C;2023;4;14;30;0,4666666666666667
IRS;UNIDADE INTERNAÇÃO - PSIQUIATRIA ALA C;2023;5;19;35;0,5428571428571428
IRS;UNIDADE INTERNAÇÃO - PSIQUIATRIA ALA C;2023;6;11;30;0,36666666666666664
IRS;UNIDADE INTERNAÇÃO - PSIQUIATRIA ALA C;2023;7;14;32;0,4375
IRS;UNIDADE INTERNAÇÃO - PSIQUIATRIA ALA C;2023;8;1;1;1,0
IRS;UNIDADE INTERNAÇÃO - PSIQUIATRIA ALA D;2019;3;1;2;0,5
IRS;UNIDADE INTERNAÇÃO - PSIQUIATRIA ALA D;2019;4;2;16;0,125
IRS;UNIDADE INTERNAÇÃO - PSIQUIATRIA ALA D;2019;5;2;10;0,2
IRS;UNIDADE INTERNAÇÃO - PSIQUIATRIA ALA D;2019;6;4;9;0,4444444444444444
IRS;UNIDADE INTERNAÇÃO - PSIQUIATRIA ALA D;2019;7;9;15;0,6
IRS;UNIDADE INTERNAÇÃO - PSIQUIATRIA ALA D;2019;8;7;11;0,6363636363636364
IRS;UNIDADE INTERNAÇÃO - PSIQUIATRIA ALA D;2019;9;2;13;0,15384615384615385
IRS;UNIDADE INTERNAÇÃO - PSIQUIATRIA ALA D;2019;10;2;12;0,16666666666666666
IRS;UNIDADE INTERNAÇÃO - PSIQUIATRIA ALA D;2019;11;5;11;0,45454545454545453
IRS;UNIDADE INTERNAÇÃO - PSIQUIATRIA ALA D;2019;12;2;11;0,18181818181818182
IRS;UNIDADE INTERNAÇÃO - PSIQUIATRIA ALA D;2020;1;5;10;0,5
IRS;UNIDADE INTERNAÇÃO - PSIQUIATRIA ALA D;2020;2;9;16;0,5625
IRS;UNIDADE INTERNAÇÃO - PSIQUIATRIA ALA D;2020;3;5;11;0,45454545454545453
IRS;UNIDADE INTERNAÇÃO - PSIQUIATRIA ALA D;2020;4;5;8;0,625
IRS;UNIDADE INTERNAÇÃO - PSIQUIATRIA ALA D;2020;5;6;10;0,6
IRS;UNIDADE INTERNAÇÃO - PSIQUIATRIA ALA D;2020;6;5;7;0,7142857142857143
IRS;UNIDADE INTERNAÇÃO - PSIQUIATRIA ALA D;2020;7;0;1;0,0
IRS;UNIDADE INTERNAÇÃO - PSIQUIATRIA ALA D;2020;8;0;1;0,0
IRS;UNIDADE INTERNAÇÃO - PSIQUIATRIA ALA D;2020;9;0;1;0,0
IRS;UNIDADE INTERNAÇÃO - PSIQUIATRIA ALA D;2020;10;1;2;0,5
IRS;UNIDADE INTERNAÇÃO - PSIQUIATRIA ALA D;2020;12;1;3;0,3333333333333333
IRS;UNIDADE INTERNAÇÃO - PSIQUIATRIA ALA D;2021;1;0;2;0,0
IRS;UNIDADE INTERNAÇÃO - PSIQUIATRIA ALA D;2021;2;2;9;0,2222222222222222
IRS;UNIDADE INTERNAÇÃO - PSIQUIATRIA ALA D;2021;3;0;4;0,0
IRS;UNIDADE INTERNAÇÃO - PSIQUIATRIA ALA D;2021;4;1;4;0,25
IRS;UNIDADE INTERNAÇÃO - PSIQUIATRIA ALA D;2021;5;0;5;0,0
IRS;UNIDADE INTERNAÇÃO - PSIQUIATRIA ALA D;2021;6;1;2;0,5
IRS;UNIDADE INTERNAÇÃO - PSIQUIATRIA ALA D;2021;8;1;1;1,0
IRS;UNIDADE INTERNAÇÃO - PSIQUIATRIA ALA D;2021;10;1;3;0,3333333333333333
IRS;UNIDADE INTERNAÇÃO - PSIQUIATRIA ALA D;2022;1;1;3;0,3333333333333333
IRS;UNIDADE INTERNAÇÃO - PSIQUIATRIA ALA D;2022;2;1;2;0,5
IRS;UNIDADE INTERNAÇÃO - PSIQUIATRIA ALA D;2022;6;1;2;0,5
IRS;UNIDADE INTERNAÇÃO - PSIQUIATRIA ALA D;2022;7;1;1;1,0
IRS;UNIDADE INTERNAÇÃO - PSIQUIATRIA ALA D;2022;11;0;1;0,0
IRS;UNIDADE INTERNAÇÃO - PSIQUIATRIA ALA D;2023;2;0;1;0,0
IRS;UNIDADE INTERNAÇÃO - PSIQUIATRIA ALA E;2019;3;0;2;0,0
IRS;UNIDADE INTERNAÇÃO - PSIQUIATRIA ALA E;2019;4;6;22;0,2727272727272727
IRS;UNIDADE INTERNAÇÃO - PSIQUIATRIA ALA E;2019;5;3;11;0,2727272727272727
IRS;UNIDADE INTERNAÇÃO - PSIQUIATRIA ALA E;2019;6;5;22;0,22727272727272727
IRS;UNIDADE INTERNAÇÃO - PSIQUIATRIA ALA E;2019;7;4;17;0,23529411764705882
IRS;UNIDADE INTERNAÇÃO - PSIQUIATRIA ALA E;2019;8;6;16;0,375
IRS;UNIDADE INTERNAÇÃO - PSIQUIATRIA ALA E;2019;9;2;8;0,25
IRS;UNIDADE INTERNAÇÃO - PSIQUIATRIA ALA E;2019;10;1;5;0,2
IRS;UNIDADE INTERNAÇÃO - PSIQUIATRIA ALA E;2019;11;1;2;0,5
IRS;UNIDADE INTERNAÇÃO - PSIQUIATRIA ALA E;2019;12;1;6;0,16666666666666666
IRS;UNIDADE INTERNAÇÃO - PSIQUIATRIA ALA E;2020;1;5;6;0,8333333333333334
IRS;UNIDADE INTERNAÇÃO - PSIQUIATRIA ALA E;2020;2;3;8;0,375
IRS;UNIDADE INTERNAÇÃO - PSIQUIATRIA ALA E;2020;3;6;17;0,35294117647058826
IRS;UNIDADE INTERNAÇÃO - PSIQUIATRIA ALA E;2020;4;5;7;0,7142857142857143
IRS;UNIDADE INTERNAÇÃO - PSIQUIATRIA ALA E;2020;5;1;4;0,25
IRS;UNIDADE INTERNAÇÃO - PSIQUIATRIA ALA E;2020;6;2;5;0,4
IRS;UNIDADE INTERNAÇÃO - PSIQUIATRIA ALA E;2020;7;15;26;0,5769230769230769
IRS;UNIDADE INTERNAÇÃO - PSIQUIATRIA ALA E;2020;8;12;23;0,5217391304347826
IRS;UNIDADE INTERNAÇÃO - PSIQUIATRIA ALA E;2020;9;7;17;0,4117647058823529
IRS;UNIDADE INTERNAÇÃO - PSIQUIATRIA ALA E;2020;10;12;21;0,5714285714285714
IRS;UNIDADE INTERNAÇÃO - PSIQUIATRIA ALA E;2020;11;16;29;0,5517241379310345
IRS;UNIDADE INTERNAÇÃO - PSIQUIATRIA ALA E;2020;12;13;28;0,4642857142857143
IRS;UNIDADE INTERNAÇÃO - PSIQUIATRIA ALA E;2021;1;10;20;0,5
IRS;UNIDADE INTERNAÇÃO - PSIQUIATRIA ALA E;2021;2;6;21;0,2857142857142857
IRS;UNIDADE INTERNAÇÃO - PSIQUIATRIA ALA E;2021;3;14;32;0,4375
IRS;UNIDADE INTERNAÇÃO - PSIQUIATRIA ALA E;2021;4;4;20;0,2
IRS;UNIDADE INTERNAÇÃO - PSIQUIATRIA ALA E;2021;5;5;13;0,38461538461538464
IRS;UNIDADE INTERNAÇÃO - PSIQUIATRIA ALA E;2021;6;7;20;0,35
IRS;UNIDADE INTERNAÇÃO - PSIQUIATRIA ALA E;2021;7;8;26;0,3076923076923077
IRS;UNIDADE INTERNAÇÃO - PSIQUIATRIA ALA E;2021;8;7;22;0,3181818181818182
IRS;UNIDADE INTERNAÇÃO - PSIQUIATRIA ALA E;2021;9;7;17;0,4117647058823529
IRS;UNIDADE INTERNAÇÃO - PSIQUIATRIA ALA E;2021;10;4;18;0,2222222222222222
IRS;UNIDADE INTERNAÇÃO - PSIQUIATRIA ALA E;2021;11;9;23;0,391304347826087
IRS;UNIDADE INTERNAÇÃO - PSIQUIATRIA ALA E;2021;12;10;20;0,5
IRS;UNIDADE INTERNAÇÃO - PSIQUIATRIA ALA E;2022;1;7;15;0,4666666666666667
IRS;UNIDADE INTERNAÇÃO - PSIQUIATRIA ALA E;2022;2;1;3;0,3333333333333333
IRS;UNIDADE INTERNAÇÃO - PSIQUIATRIA ALA E;2022;3;6;19;0,3157894736842105
IRS;UNIDADE INTERNAÇÃO - PSIQUIATRIA ALA E;2022;4;2;11;0,18181818181818182
IRS;UNIDADE INTERNAÇÃO - PSIQUIATRIA ALA E;2022;5;4;23;0,17391304347826086
IRS;UNIDADE INTERNAÇÃO - PSIQUIATRIA ALA E;2022;6;3;12;0,25
IRS;UNIDADE INTERNAÇÃO - PSIQUIATRIA ALA E;2022;7;5;17;0,29411764705882354
IRS;UNIDADE INTERNAÇÃO - PSIQUIATRIA ALA E;2022;8;8;17;0,47058823529411764
IRS;UNIDADE INTERNAÇÃO - PSIQUIATRIA ALA E;2022;9;3;14;0,21428571428571427
IRS;UNIDADE INTERNAÇÃO - PSIQUIATRIA ALA E;2022;10;4;12;0,3333333333333333
IRS;UNIDADE INTERNAÇÃO - PSIQUIATRIA ALA E;2022;11;11;23;0,4782608695652174
IRS;UNIDADE INTERNAÇÃO - PSIQUIATRIA ALA E;2022;12;5;15;0,3333333333333333
IRS;UNIDADE INTERNAÇÃO - PSIQUIATRIA ALA E;2023;1;2;13;0,15384615384615385
IRS;UNIDADE INTERNAÇÃO - PSIQUIATRIA ALA E;2023;2;7;16;0,4375
IRS;UNIDADE INTERNAÇÃO - PSIQUIATRIA ALA E;2023;3;4;14;0,2857142857142857
IRS;UNIDADE INTERNAÇÃO - PSIQUIATRIA ALA E;2023;4;3;16;0,1875
IRS;UNIDADE INTERNAÇÃO - PSIQUIATRIA ALA E;2023;5;3;16;0,1875
IRS;UNIDADE INTERNAÇÃO - PSIQUIATRIA ALA E;2023;6;9;19;0,47368421052631576
IRS;UNIDADE INTERNAÇÃO - PSIQUIATRIA ALA E;2023;7;1;17;0,058823529411764705
IRS;UNIDADE INTERNAÇÃO - PSIQUIATRIA ALA F;2020;6;0;2;0,0
IRS;UNIDADE INTERNAÇÃO - PSIQUIATRIA ALA F;2020;7;4;9;0,4444444444444444
IRS;UNIDADE INTERNAÇÃO - PSIQUIATRIA ALA F;2021;6;1;1;1,0
IRS;UNIDADE INTERNAÇÃO - PSIQUIATRIA ALA F;2021;7;0;2;0,0
IRS;UNIDADE INTERNAÇÃO - PSIQUIATRIA ALA F;2021;8;0;2;0,0
IRS;UNIDADE INTERNAÇÃO - PSIQUIATRIA ALA F;2021;9;1;2;0,5
IRS;UNIDADE INTERNAÇÃO - PSIQUIATRIA ALA F;2021;10;0;2;0,0
IRS;UNIDADE INTERNAÇÃO - PSIQUIATRIA ALA F;2022;1;2;7;0,2857142857142857
IRS;UNIDADE INTERNAÇÃO - PSIQUIATRIA ALA F;2022;2;0;1;0,0
IRS;UNIDADE INTERNAÇÃO - PSIQUIATRIA ALA F;2022;4;1;1;1,0
IRS;UNIDADE INTERNAÇÃO - PSIQUIATRIA ALA F;2022;10;1;1;1,0
IRS;UNIDADE INTERNAÇÃO - PSIQUIATRIA ALA F;2022;11;0;1;0,0
IRS;UNIDADE INTERNAÇÃO - PSIQUIATRIA ALA F;2022;12;1;3;0,3333333333333333
IRS;UNIDADE INTERNAÇÃO - PSIQUIATRIA ALA F;2023;2;1;2;0,5
IRS;UNIDADE INTERNAÇÃO - PSIQUIATRIA ALA F;2023;3;0;1;0,0
IRS;UNIDADE INTERNAÇÃO - PSIQUIATRIA UNIDADE DE TRATAMENTO CLÍNICO;2020;6;0;2;0,0
IRS;UNIDADE INTERNAÇÃO - PSIQUIATRIA UNIDADE DE TRATAMENTO CLÍNICO;2020;7;1;5;0,2
IRS;UNIDADE INTERNAÇÃO - PSIQUIATRIA UNIDADE DE TRATAMENTO CLÍNICO;2020;8;0;3;0,0
IRS;UNIDADE INTERNAÇÃO - PSIQUIATRIA UNIDADE DE TRATAMENTO CLÍNICO;2020;9;2;4;0,5
IRS;UNIDADE INTERNAÇÃO - PSIQUIATRIA UNIDADE DE TRATAMENTO CLÍNICO;2020;10;5;9;0,5555555555555556
IRS;UNIDADE INTERNAÇÃO - PSIQUIATRIA UNIDADE DE TRATAMENTO CLÍNICO;2020;11;1;3;0,3333333333333333
IRS;UNIDADE INTERNAÇÃO - PSIQUIATRIA UNIDADE DE TRATAMENTO CLÍNICO;2020;12;5;10;0,5
IRS;UNIDADE INTERNAÇÃO - PSIQUIATRIA UNIDADE DE TRATAMENTO CLÍNICO;2021;1;2;4;0,5
IRS;UNIDADE INTERNAÇÃO - PSIQUIATRIA UNIDADE DE TRATAMENTO CLÍNICO;2021;2;2;8;0,25
IRS;UNIDADE INTERNAÇÃO - PSIQUIATRIA UNIDADE DE TRATAMENTO CLÍNICO;2021;3;1;5;0,2
IRS;UNIDADE INTERNAÇÃO - PSIQUIATRIA UNIDADE DE TRATAMENTO CLÍNICO;2021;5;1;6;0,16666666666666666
IRS;UNIDADE INTERNAÇÃO - PSIQUIATRIA UNIDADE DE TRATAMENTO CLÍNICO;2021;6;0;3;0,0
IRS;UNIDADE INTERNAÇÃO - PSIQUIATRIA UNIDADE DE TRATAMENTO CLÍNICO;2021;7;0;1;0,0
IRS;UNIDADE INTERNAÇÃO - PSIQUIATRIA UNIDADE DE TRATAMENTO CLÍNICO;2021;8;3;5;0,6
IRS;UNIDADE INTERNAÇÃO - PSIQUIATRIA UNIDADE DE TRATAMENTO CLÍNICO;2021;9;2;5;0,4
IRS;UNIDADE INTERNAÇÃO - PSIQUIATRIA UNIDADE DE TRATAMENTO CLÍNICO;2021;10;1;7;0,14285714285714285
IRS;UNIDADE INTERNAÇÃO - PSIQUIATRIA UNIDADE DE TRATAMENTO CLÍNICO;2021;11;0;1;0,0
IRS;UNIDADE INTERNAÇÃO - PSIQUIATRIA UNIDADE DE TRATAMENTO CLÍNICO;2021;12;1;5;0,2
IRS;UNIDADE INTERNAÇÃO - PSIQUIATRIA UNIDADE DE TRATAMENTO CLÍNICO;2022;1;0;2;0,0
IRS;UNIDADE INTERNAÇÃO - PSIQUIATRIA UNIDADE DE TRATAMENTO CLÍNICO;2022;2;1;4;0,25
IRS;UNIDADE INTERNAÇÃO - PSIQUIATRIA UNIDADE DE TRATAMENTO CLÍNICO;2022;3;1;3;0,3333333333333333
IRS;UNIDADE INTERNAÇÃO - PSIQUIATRIA UNIDADE DE TRATAMENTO CLÍNICO;2022;4;2;5;0,4
IRS;UNIDADE INTERNAÇÃO - PSIQUIATRIA UNIDADE DE TRATAMENTO CLÍNICO;2022;5;0;1;0,0
IRS;UNIDADE INTERNAÇÃO - PSIQUIATRIA UNIDADE DE TRATAMENTO CLÍNICO;2022;6;0;2;0,0
IRS;UNIDADE INTERNAÇÃO - PSIQUIATRIA UNIDADE DE TRATAMENTO CLÍNICO;2022;7;2;4;0,5
IRS;UNIDADE INTERNAÇÃO - PSIQUIATRIA UNIDADE DE TRATAMENTO CLÍNICO;2022;8;0;3;0,0
IRS;UNIDADE INTERNAÇÃO - PSIQUIATRIA UNIDADE DE TRATAMENTO CLÍNICO;2022;9;0;1;0,0
IRS;UNIDADE INTERNAÇÃO - PSIQUIATRIA UNIDADE DE TRATAMENTO CLÍNICO;2022;10;2;3;0,6666666666666666
IRS;UNIDADE INTERNAÇÃO - PSIQUIATRIA UNIDADE DE TRATAMENTO CLÍNICO;2022;11;1;2;0,5
IRS;UNIDADE INTERNAÇÃO - PSIQUIATRIA UNIDADE DE TRATAMENTO CLÍNICO;2022;12;0;1;0,0
IRS;UNIDADE INTERNAÇÃO - PSIQUIATRIA UNIDADE DE TRATAMENTO CLÍNICO;2023;1;1;3;0,3333333333333333
IRS;UNIDADE INTERNAÇÃO - PSIQUIATRIA UNIDADE DE TRATAMENTO CLÍNICO;2023;2;2;2;1,0
IRS;UNIDADE INTERNAÇÃO - PSIQUIATRIA UNIDADE DE TRATAMENTO CLÍNICO;2023;3;1;3;0,3333333333333333
IRS;UNIDADE INTERNAÇÃO - PSIQUIATRIA UNIDADE DE TRATAMENTO CLÍNICO;2023;4;1;1;1,0
IRS;UNIDADE INTERNAÇÃO - PSIQUIATRIA UNIDADE DE TRATAMENTO CLÍNICO;2023;5;2;5;0,4
IRS;UNIDADE INTERNAÇÃO - PSIQUIATRIA UNIDADE DE TRATAMENTO CLÍNICO;2023;6;0;4;0,0
IRS;UNIDADE INTERNAÇÃO - PSIQUIATRIA UNIDADE DE TRATAMENTO CLÍNICO;2023;7;0;1;0,0
IRS;UNIDADE URGÊNCIA/EMERGÊNCIA - OBSERVAÇÃO;2023;8;1;8;0,125
IRS;UNIDADE URGÊNCIA/EMERGÊNCIA - OBSERVAÇÃO;2023;9;1;6;0,16666666666666666
IRS;UNIDADE URGÊNCIA/EMERGÊNCIA - OBSERVAÇÃO;2023;10;4;10;0,4
IRS;UNIDADE URGÊNCIA/EMERGÊNCIA - OBSERVAÇÃO;2023;11;1;9;0,1111111111111111
IRS;UNIDADE URGÊNCIA/EMERGÊNCIA - OBSERVAÇÃO;2023;12;0;6;0,0
IRS;UNIDADE URGÊNCIA/EMERGÊNCIA - OBSERVAÇÃO;2024;1;1;11;0,09090909090909091
IRS;UNIDADE URGÊNCIA/EMERGÊNCIA - OBSERVAÇÃO;2024;2;2;12;0,16666666666666666
IRS;UNIDADE URGÊNCIA/EMERGÊNCIA - OBSERVAÇÃO;2024;3;1;16;0,0625
IRS;UNIDADE URGÊNCIA/EMERGÊNCIA - OBSERVAÇÃO;2024;4;1;13;0,07692307692307693
IRS;UNIDADE URGÊNCIA/EMERGÊNCIA - OBSERVAÇÃO;2024;5;1;18;0,05555555555555555
IRS;UNIDADE URGÊNCIA/EMERGÊNCIA - OBSERVAÇÃO;2024;6;1;14;0,07142857142857142
IRS;UNIDADE URGÊNCIA/EMERGÊNCIA - OBSERVAÇÃO;2024;7;0;11;0,0
IRS;UNIDADE URGÊNCIA/EMERGÊNCIA - OBSERVAÇÃO;2024;8;0;8;0,0
IRS;UNIDADE URGÊNCIA/EMERGÊNCIA - OBSERVAÇÃO;2024;9;1;9;0,1111111111111111
IRS;UNIDADE URGÊNCIA/EMERGÊNCIA - OBSERVAÇÃO;2024;10;4;10;0,4
IRS;UNIDADE URGÊNCIA/EMERGÊNCIA - OBSERVAÇÃO;2024;11;6;8;0,75
IRS;UNIDADE URGÊNCIA/EMERGÊNCIA - OBSERVAÇÃO;2024;12;1;7;0,14285714285714285
IRS;UNIDADE URGÊNCIA/EMERGÊNCIA - OBSERVAÇÃO;2025;1;1;7;0,14285714285714285
IRS;UNIDADE URGÊNCIA/EMERGÊNCIA - OBSERVAÇÃO;2025;2;4;8;0,5
IRS;UNIDADE URGÊNCIA/EMERGÊNCIA - OBSERVAÇÃO;2025;3;6;13;0,46153846153846156
IRS;UNIDADE URGÊNCIA/EMERGÊNCIA - OBSERVAÇÃO;2025;4;6;5;1,2
IRS;UNIDADE URGÊNCIA/EMERGÊNCIA - OBSERVAÇÃO;2025;5;1;7;0,14285714285714285
IRS;UNIDADE URGÊNCIA/EMERGÊNCIA - OBSERVAÇÃO;2025;6;4;7;0,5714285714285714
IRS;UNIDADE URGÊNCIA/EMERGÊNCIA - OBSERVAÇÃO;2025;7;4;8;0,5
IRS;UNIDADE URGÊNCIA/EMERGÊNCIA - OBSERVAÇÃO;2025;8;1;8;0,125
IRS;UNIDADE URGÊNCIA/EMERGÊNCIA - OBSERVAÇÃO;2025;9;2;5;0,4
IRS;UNIDADE URGÊNCIA/EMERGÊNCIA - OBSERVAÇÃO;2025;10;2;16;0,125
IRS;UNIDADE URGÊNCIA/EMERGÊNCIA - OBSERVAÇÃO;2025;11;2;7;0,2857142857142857
IRS;UNIDADE URGÊNCIA/EMERGÊNCIA - OBSERVAÇÃO;2025;12;0;9;0,0
IRS;UNIDADE URGÊNCIA/EMERGÊNCIA - OBSERVAÇÃO;2026;1;1;4;0,25
IRS;UNIDADE URGÊNCIA/EMERGÊNCIA - OBSERVAÇÃO;2026;2;0;5;0,0
IRS;UNIDADE URGÊNCIA/EMERGÊNCIA - OBSERVAÇÃO;2026;3;1;16;0,0625
IRS;UNIDADE URGÊNCIA/EMERGÊNCIA - OBSERVAÇÃO;2026;4;2;14;0,14285714285714285
IRS;UNIDADE URGÊNCIA/EMERGÊNCIA - OBSERVAÇÃO;2026;5;0;8;0,0
IRS;UTC - UNIDADE DE TRATAMENTO CLÍNICO;2023;8;2;5;0,4
IRS;UTC - UNIDADE DE TRATAMENTO CLÍNICO;2023;9;1;3;0,3333333333333333
IRS;UTC - UNIDADE DE TRATAMENTO CLÍNICO;2023;10;0;2;0,0
IRS;UTC - UNIDADE DE TRATAMENTO CLÍNICO;2023;11;0;3;0,0
IRS;UTC - UNIDADE DE TRATAMENTO CLÍNICO;2023;12;2;5;0,4
IRS;UTC - UNIDADE DE TRATAMENTO CLÍNICO;2024;1;0;1;0,0
IRS;UTC - UNIDADE DE TRATAMENTO CLÍNICO;2024;2;1;2;0,5
IRS;UTC - UNIDADE DE TRATAMENTO CLÍNICO;2024;3;2;6;0,3333333333333333
IRS;UTC - UNIDADE DE TRATAMENTO CLÍNICO;2024;4;0;3;0,0
IRS;UTC - UNIDADE DE TRATAMENTO CLÍNICO;2024;5;2;3;0,6666666666666666
IRS;UTC - UNIDADE DE TRATAMENTO CLÍNICO;2024;6;0;4;0,0
IRS;UTC - UNIDADE DE TRATAMENTO CLÍNICO;2024;7;3;7;0,42857142857142855
IRS;UTC - UNIDADE DE TRATAMENTO CLÍNICO;2024;8;2;3;0,6666666666666666
IRS;UTC - UNIDADE DE TRATAMENTO CLÍNICO;2024;9;1;6;0,16666666666666666
IRS;UTC - UNIDADE DE TRATAMENTO CLÍNICO;2024;10;2;5;0,4
IRS;UTC - UNIDADE DE TRATAMENTO CLÍNICO;2024;11;1;6;0,16666666666666666
IRS;UTC - UNIDADE DE TRATAMENTO CLÍNICO;2024;12;3;4;0,75
IRS;UTC - UNIDADE DE TRATAMENTO CLÍNICO;2025;1;2;3;0,6666666666666666
IRS;UTC - UNIDADE DE TRATAMENTO CLÍNICO;2025;2;2;6;0,3333333333333333
IRS;UTC - UNIDADE DE TRATAMENTO CLÍNICO;2025;3;0;2;0,0
IRS;UTC - UNIDADE DE TRATAMENTO CLÍNICO;2025;4;2;4;0,5
IRS;UTC - UNIDADE DE TRATAMENTO CLÍNICO;2025;5;2;7;0,2857142857142857
IRS;UTC - UNIDADE DE TRATAMENTO CLÍNICO;2025;6;1;3;0,3333333333333333
IRS;UTC - UNIDADE DE TRATAMENTO CLÍNICO;2025;7;3;4;0,75
IRS;UTC - UNIDADE DE TRATAMENTO CLÍNICO;2025;8;0;4;0,0
IRS;UTC - UNIDADE DE TRATAMENTO CLÍNICO;2025;9;0;5;0,0
IRS;UTC - UNIDADE DE TRATAMENTO CLÍNICO;2025;10;0;2;0,0
IRS;UTC - UNIDADE DE TRATAMENTO CLÍNICO;2025;11;1;5;0,2
IRS;UTC - UNIDADE DE TRATAMENTO CLÍNICO;2025;12;1;5;0,2
IRS;UTC - UNIDADE DE TRATAMENTO CLÍNICO;2026;1;2;3;0,6666666666666666
IRS;UTC - UNIDADE DE TRATAMENTO CLÍNICO;2026;2;0;5;0,0
IRS;UTC - UNIDADE DE TRATAMENTO CLÍNICO;2026;3;1;3;0,3333333333333333
IRS;UTC - UNIDADE DE TRATAMENTO CLÍNICO;2026;4;2;3;0,6666666666666666
IRS;UTC - UNIDADE DE TRATAMENTO CLÍNICO;2026;5;4;8;0,5
MOV;ALOJAMENTO CONJUNTO;2019;1;70;141;0,49645390070921985
MOV;ALOJAMENTO CONJUNTO;2019;2;147;223;0,6591928251121076
MOV;ALOJAMENTO CONJUNTO;2019;3;123;238;0,5168067226890757
MOV;ALOJAMENTO CONJUNTO;2019;4;116;259;0,44787644787644787
MOV;ALOJAMENTO CONJUNTO;2019;5;149;256;0,58203125
MOV;ALOJAMENTO CONJUNTO;2019;6;127;253;0,5019762845849802
MOV;ALOJAMENTO CONJUNTO;2019;7;115;240;0,4791666666666667
MOV;ALOJAMENTO CONJUNTO;2019;8;135;273;0,4945054945054945
MOV;ALOJAMENTO CONJUNTO;2019;9;124;236;0,5254237288135594
MOV;ALOJAMENTO CONJUNTO;2019;10;150;230;0,6521739130434783
MOV;ALOJAMENTO CONJUNTO;2019;11;94;206;0,4563106796116505
MOV;ALOJAMENTO CONJUNTO;2019;12;131;238;0,5504201680672269
MOV;ALOJAMENTO CONJUNTO;2020;1;131;252;0,5198412698412699
MOV;ALOJAMENTO CONJUNTO;2020;2;132;253;0,5217391304347826
MOV;ALOJAMENTO CONJUNTO;2020;3;131;287;0,4564459930313589
MOV;ALOJAMENTO CONJUNTO;2020;4;151;270;0,5592592592592592
MOV;ALOJAMENTO CONJUNTO;2020;5;134;251;0,5338645418326693
MOV;ALOJAMENTO CONJUNTO;2020;6;131;258;0,5077519379844961
MOV;ALOJAMENTO CONJUNTO;2020;7;114;268;0,4253731343283582
MOV;ALOJAMENTO CONJUNTO;2020;8;126;248;0,5080645161290323
MOV;ALOJAMENTO CONJUNTO;2020;9;134;236;0,5677966101694916
MOV;ALOJAMENTO CONJUNTO;2020;10;157;273;0,575091575091575
MOV;ALOJAMENTO CONJUNTO;2020;11;137;237;0,5780590717299579
MOV;ALOJAMENTO CONJUNTO;2020;12;149;235;0,6340425531914894
MOV;ALOJAMENTO CONJUNTO;2021;1;127;237;0,5358649789029536
MOV;ALOJAMENTO CONJUNTO;2021;2;149;237;0,6286919831223629
MOV;ALOJAMENTO CONJUNTO;2021;3;121;260;0,4653846153846154
MOV;ALOJAMENTO CONJUNTO;2021;4;114;257;0,44357976653696496
MOV;ALOJAMENTO CONJUNTO;2021;5;108;264;0,4090909090909091
MOV;ALOJAMENTO CONJUNTO;2021;6;114;234;0,48717948717948717
MOV;ALOJAMENTO CONJUNTO;2021;7;107;246;0,4349593495934959
MOV;ALOJAMENTO CONJUNTO;2021;8;98;278;0,35251798561151076
MOV;ALOJAMENTO CONJUNTO;2021;9;121;248;0,4879032258064516
MOV;ALOJAMENTO CONJUNTO;2021;10;124;226;0,5486725663716814
MOV;ALOJAMENTO CONJUNTO;2021;11;129;241;0,5352697095435685
MOV;ALOJAMENTO CONJUNTO;2021;12;132;248;0,532258064516129
MOV;ALOJAMENTO CONJUNTO;2022;1;117;223;0,5246636771300448
MOV;ALOJAMENTO CONJUNTO;2022;2;113;231;0,48917748917748916
MOV;ALOJAMENTO CONJUNTO;2022;3;112;263;0,42585551330798477
MOV;ALOJAMENTO CONJUNTO;2022;4;91;228;0,3991228070175439
MOV;ALOJAMENTO CONJUNTO;2022;5;118;265;0,44528301886792454
MOV;ALOJAMENTO CONJUNTO;2022;6;101;248;0,40725806451612906
MOV;ALOJAMENTO CONJUNTO;2022;7;95;264;0,35984848484848486
MOV;ALOJAMENTO CONJUNTO;2022;8;89;245;0,363265306122449
MOV;ALOJAMENTO CONJUNTO;2022;9;103;236;0,4364406779661017
MOV;ALOJAMENTO CONJUNTO;2022;10;89;213;0,41784037558685444
MOV;ALOJAMENTO CONJUNTO;2022;11;95;218;0,43577981651376146
MOV;ALOJAMENTO CONJUNTO;2022;12;109;243;0,448559670781893
MOV;ALOJAMENTO CONJUNTO;2023;1;100;247;0,4048582995951417
MOV;ALOJAMENTO CONJUNTO;2023;2;116;231;0,5021645021645021
MOV;ALOJAMENTO CONJUNTO;2023;3;86;266;0,3233082706766917
MOV;ALOJAMENTO CONJUNTO;2023;4;76;241;0,3153526970954357
MOV;ALOJAMENTO CONJUNTO;2023;5;82;240;0,3416666666666667
MOV;ALOJAMENTO CONJUNTO;2023;6;64;240;0,26666666666666666
MOV;ALOJAMENTO CONJUNTO;2023;7;69;245;0,2816326530612245
MOV;ALOJAMENTO CONJUNTO;2023;8;113;259;0,4362934362934363
MOV;ALOJAMENTO CONJUNTO;2023;9;97;220;0,4409090909090909
MOV;ALOJAMENTO CONJUNTO;2023;10;107;236;0,4533898305084746
MOV;ALOJAMENTO CONJUNTO;2023;11;109;191;0,5706806282722513
MOV;ALOJAMENTO CONJUNTO;2023;12;108;193;0,5595854922279793
MOV;ALOJAMENTO CONJUNTO;2024;1;104;220;0,4727272727272727
MOV;ALOJAMENTO CONJUNTO;2024;2;96;241;0,3983402489626556
MOV;ALOJAMENTO CONJUNTO;2024;3;100;271;0,36900369003690037
MOV;ALOJAMENTO CONJUNTO;2024;4;113;266;0,424812030075188
MOV;ALOJAMENTO CONJUNTO;2024;5;128;244;0,5245901639344263
MOV;ALOJAMENTO CONJUNTO;2024;6;99;211;0,46919431279620855
MOV;ALOJAMENTO CONJUNTO;2024;7;131;228;0,5745614035087719
MOV;ALOJAMENTO CONJUNTO;2024;8;118;224;0,5267857142857143
MOV;ALOJAMENTO CONJUNTO;2024;9;123;240;0,5125
MOV;ALOJAMENTO CONJUNTO;2024;10;142;208;0,6826923076923077
MOV;ALOJAMENTO CONJUNTO;2024;11;124;217;0,5714285714285714
MOV;ALOJAMENTO CONJUNTO;2024;12;118;233;0,5064377682403434
MOV;ALOJAMENTO CONJUNTO;2025;1;123;266;0,462406015037594
MOV;ALOJAMENTO CONJUNTO;2025;2;107;259;0,41312741312741313
MOV;ALOJAMENTO CONJUNTO;2025;3;97;270;0,3592592592592593
MOV;ALOJAMENTO CONJUNTO;2025;4;124;276;0,4492753623188406
MOV;ALOJAMENTO CONJUNTO;2025;5;115;233;0,49356223175965663
MOV;ALOJAMENTO CONJUNTO;2025;6;115;205;0,5609756097560976
MOV;ALOJAMENTO CONJUNTO;2025;7;140;204;0,6862745098039216
MOV;ALOJAMENTO CONJUNTO;2025;8;118;216;0,5462962962962963
MOV;ALOJAMENTO CONJUNTO;2025;9;104;224;0,4642857142857143
MOV;ALOJAMENTO CONJUNTO;2025;10;141;205;0,6878048780487804
MOV;ALOJAMENTO CONJUNTO;2025;11;118;208;0,5673076923076923
MOV;ALOJAMENTO CONJUNTO;2025;12;127;212;0,5990566037735849
MOV;ALOJAMENTO CONJUNTO;2026;1;111;204;0,5441176470588235
MOV;ALOJAMENTO CONJUNTO;2026;2;141;198;0,7121212121212122
MOV;ALOJAMENTO CONJUNTO;2026;3;119;239;0,497907949790795
MOV;ALOJAMENTO CONJUNTO;2026;4;111;218;0,5091743119266054
MOV;ALOJAMENTO CONJUNTO;2026;5;142;237;0,5991561181434599
MOV;AMBULATORIO - ESPECIALIDADES;2019;1;0;4;0,0
MOV;AMBULATORIO - ESPECIALIDADES;2019;3;0;3;0,0
MOV;AMBULATORIO - ESPECIALIDADES;2019;4;0;1;0,0
MOV;AMBULATORIO - ESPECIALIDADES;2019;8;0;1;0,0
MOV;AMBULATORIO - ESPECIALIDADES;2019;9;0;1;0,0
MOV;AMBULATORIO - ESPECIALIDADES;2019;10;0;1;0,0
MOV;AMBULATORIO - ESPECIALIDADES;2020;3;0;1;0,0
MOV;AMBULATORIO - ESPECIALIDADES;2020;7;0;1;0,0
MOV;AMBULATORIO - ESPECIALIDADES;2020;9;0;1;0,0
MOV;AMBULATORIO - ESPECIALIDADES;2021;2;0;1;0,0
MOV;AMBULATORIO - ESPECIALIDADES;2021;4;0;5;0,0
MOV;AMBULATORIO - ESPECIALIDADES;2021;6;0;1;0,0
MOV;AMBULATORIO - ESPECIALIDADES;2021;7;0;1;0,0
MOV;AMBULATORIO - ESPECIALIDADES;2021;8;0;2;0,0
MOV;AMBULATORIO - ESPECIALIDADES;2021;9;0;4;0,0
MOV;AMBULATORIO - ESPECIALIDADES;2021;10;0;3;0,0
MOV;AMBULATORIO - ESPECIALIDADES;2021;11;0;1;0,0
MOV;AMBULATORIO - ESPECIALIDADES;2022;1;0;1;0,0
MOV;AMBULATORIO - ESPECIALIDADES;2023;3;0;1;0,0
MOV;AMBULATÓRIO - ESPECIALIDADES NÃO MÉDICAS;2022;5;0;2;0,0
MOV;AMBULATÓRIO - ESPECIALIDADES NÃO MÉDICAS;2022;6;0;1;0,0
MOV;AMBULATORIO CVVS;2022;6;0;1;0,0
MOV;AMBULATORIO CVVS;2022;8;0;1;0,0
MOV;AMBULATORIO CVVS;2023;2;0;1;0,0
MOV;AMBULATORIO CVVS;2023;3;0;2;0,0
MOV;AMBULATORIO DE GINECOLOGIA CIRURGICA;2022;1;0;1;0,0
MOV;AMBULATORIO DE GINECOLOGIA CIRURGICA;2022;3;0;1;0,0
MOV;AMBULATORIO DE GINECOLOGIA CIRURGICA;2022;5;0;1;0,0
MOV;AMBULATORIO DE GINECOLOGIA CIRURGICA;2022;6;0;1;0,0
MOV;AMBULATORIO DE GINECOLOGIA CIRURGICA;2022;7;0;1;0,0
MOV;AMBULATORIO DE MASTOLOGIA;2022;4;0;1;0,0
MOV;AMBULATORIO ESPECIALIDADES MEDICAS;2021;12;0;1;0,0
MOV;CLINICA CIRÚRGICA;2023;4;19;93;0,20430107526881722
MOV;CLINICA CIRÚRGICA;2023;5;28;131;0,21374045801526717
MOV;CLINICA CIRÚRGICA;2023;6;44;209;0,21052631578947367
MOV;CLINICA CIRÚRGICA;2023;7;44;147;0,29931972789115646
MOV;CLINICA CIRÚRGICA;2023;8;54;156;0,34615384615384615
MOV;CLINICA CIRÚRGICA;2023;9;64;161;0,39751552795031053
MOV;CLINICA CIRÚRGICA;2023;10;66;182;0,3626373626373626
MOV;CLINICA CIRÚRGICA;2023;11;45;174;0,25862068965517243
MOV;CLINICA CIRÚRGICA;2023;12;52;200;0,26
MOV;CLINICA CIRÚRGICA;2024;1;64;177;0,3615819209039548
MOV;CLINICA CIRÚRGICA;2024;2;48;154;0,3116883116883117
MOV;CLINICA CIRÚRGICA;2024;3;25;148;0,16891891891891891
MOV;CLINICA CIRÚRGICA;2024;4;26;197;0,1319796954314721
MOV;CLINICA CIRÚRGICA;2024;5;30;201;0,14925373134328357
MOV;CLINICA CIRÚRGICA;2024;6;45;158;0,2848101265822785
MOV;CLINICA CIRÚRGICA;2024;7;43;156;0,27564102564102566
MOV;CLINICA CIRÚRGICA;2024;8;32;180;0,17777777777777778
MOV;CLINICA CIRÚRGICA;2024;9;38;178;0,21348314606741572
MOV;CLINICA CIRÚRGICA;2024;10;52;156;0,3333333333333333
MOV;CLINICA CIRÚRGICA;2024;11;20;132;0,15151515151515152
MOV;CLINICA CIRÚRGICA;2024;12;41;110;0,37272727272727274
MOV;CLINICA CIRÚRGICA;2025;1;49;114;0,4298245614035088
MOV;CLINICA CIRÚRGICA;2025;2;56;131;0,42748091603053434
MOV;CLINICA CIRÚRGICA;2025;3;31;166;0,18674698795180722
MOV;CLINICA CIRÚRGICA;2025;4;32;159;0,20125786163522014
MOV;CLINICA CIRÚRGICA;2025;5;22;240;0,09166666666666666
MOV;CLINICA CIRÚRGICA;2025;6;54;210;0,2571428571428571
MOV;CLINICA CIRÚRGICA;2025;7;62;185;0,33513513513513515
MOV;CLINICA CIRÚRGICA;2025;8;28;144;0,19444444444444445
MOV;CLINICA CIRÚRGICA;2025;9;71;175;0,4057142857142857
MOV;CLINICA CIRÚRGICA;2025;10;62;174;0,3563218390804598
MOV;CLINICA CIRÚRGICA;2025;11;48;181;0,26519337016574585
MOV;CLINICA CIRÚRGICA;2025;12;41;144;0,2847222222222222
MOV;CLINICA CIRÚRGICA;2026;1;67;177;0,3785310734463277
MOV;CLINICA CIRÚRGICA;2026;2;61;200;0,305
MOV;CLINICA CIRÚRGICA;2026;3;50;232;0,21551724137931033
MOV;CLINICA CIRÚRGICA;2026;4;28;183;0,15300546448087432
MOV;CLINICA CIRÚRGICA;2026;5;65;215;0,3023255813953488
MOV;PRE-NATAL DE ALTO RISCO E PUERPERIO PATOLOGICO;2022;4;0;1;0,0
MOV;PRE-NATAL DE ALTO RISCO E PUERPERIO PATOLOGICO;2022;6;0;1;0,0
MOV;PRE-NATAL DE ALTO RISCO E PUERPERIO PATOLOGICO;2022;9;0;1;0,0
MOV;PRE-NATAL DE ALTO RISCO E PUERPERIO PATOLOGICO;2022;11;0;1;0,0
MOV;PRE-NATAL DE ALTO RISCO E PUERPERIO PATOLOGICO;2022;12;0;1;0,0
MOV;PRE-NATAL DE ALTO RISCO E PUERPERIO PATOLOGICO;2023;2;0;1;0,0
MOV;PRE-NATAL DE ALTO RISCO E PUERPERIO PATOLOGICO;2023;3;0;1;0,0
MOV;PRE-NATAL DE ALTO RISCO E PUERPERIO PATOLOGICO;2023;4;0;1;0,0
MOV;PRÉ-PARTO;2019;1;29;71;0,4084507042253521
MOV;PRÉ-PARTO;2019;2;12;25;0,48
MOV;PRÉ-PARTO;2019;3;28;61;0,45901639344262296
MOV;PRÉ-PARTO;2019;4;16;37;0,43243243243243246
MOV;PRÉ-PARTO;2019;5;14;35;0,4
MOV;PRÉ-PARTO;2019;6;5;28;0,17857142857142858
MOV;PRÉ-PARTO;2019;7;15;36;0,4166666666666667
MOV;PRÉ-PARTO;2019;8;27;43;0,627906976744186
MOV;PRÉ-PARTO;2019;9;31;47;0,6595744680851063
MOV;PRÉ-PARTO;2019;10;25;46;0,5434782608695652
MOV;PRÉ-PARTO;2019;11;22;40;0,55
MOV;PRÉ-PARTO;2019;12;26;45;0,5777777777777777
MOV;PRÉ-PARTO;2020;1;14;18;0,7777777777777778
MOV;PRÉ-PARTO;2020;2;21;37;0,5675675675675675
MOV;PRÉ-PARTO;2020;3;8;19;0,42105263157894735
MOV;PRÉ-PARTO;2020;4;26;29;0,896551724137931
MOV;PRÉ-PARTO;2020;5;17;35;0,4857142857142857
MOV;PRÉ-PARTO;2020;6;16;31;0,5161290322580645
MOV;PRÉ-PARTO;2020;7;19;36;0,5277777777777778
MOV;PRÉ-PARTO;2020;8;11;16;0,6875
MOV;PRÉ-PARTO;2020;9;11;18;0,6111111111111112
MOV;PRÉ-PARTO;2020;10;15;25;0,6
MOV;PRÉ-PARTO;2020;11;12;24;0,5
MOV;PRÉ-PARTO;2020;12;14;30;0,4666666666666667
MOV;PRÉ-PARTO;2021;1;8;28;0,2857142857142857
MOV;PRÉ-PARTO;2021;2;8;19;0,42105263157894735
MOV;PRÉ-PARTO;2021;3;7;21;0,3333333333333333
MOV;PRÉ-PARTO;2021;4;6;24;0,25
MOV;PRÉ-PARTO;2021;5;20;47;0,425531914893617
MOV;PRÉ-PARTO;2021;6;18;40;0,45
MOV;PRÉ-PARTO;2021;7;13;46;0,2826086956521739
MOV;PRÉ-PARTO;2021;8;19;52;0,36538461538461536
MOV;PRÉ-PARTO;2021;9;12;27;0,4444444444444444
MOV;PRÉ-PARTO;2021;10;25;51;0,49019607843137253
MOV;PRÉ-PARTO;2021;11;5;23;0,21739130434782608
MOV;PRÉ-PARTO;2021;12;22;46;0,4782608695652174
MOV;PRÉ-PARTO;2022;1;7;28;0,25
MOV;PRÉ-PARTO;2022;2;5;22;0,22727272727272727
MOV;PRÉ-PARTO;2022;3;3;20;0,15
MOV;PRÉ-PARTO;2022;4;6;25;0,24
MOV;PRÉ-PARTO;2022;5;6;27;0,2222222222222222
MOV;PRÉ-PARTO;2022;6;3;17;0,17647058823529413
MOV;PRÉ-PARTO;2022;7;4;18;0,2222222222222222
MOV;PRÉ-PARTO;2022;8;7;28;0,25
MOV;PRÉ-PARTO;2022;9;10;31;0,3225806451612903
MOV;PRÉ-PARTO;2022;10;15;28;0,5357142857142857
MOV;PRÉ-PARTO;2022;11;12;30;0,4
MOV;PRÉ-PARTO;2022;12;8;20;0,4
MOV;PRÉ-PARTO;2023;1;3;7;0,42857142857142855
MOV;PRÉ-PARTO;2023;2;7;17;0,4117647058823529
MOV;PRÉ-PARTO;2023;3;11;33;0,3333333333333333
MOV;PRÉ-PARTO;2023;4;3;7;0,42857142857142855
MOV;PRÉ-PARTO;2023;5;0;4;0,0
MOV;PRÉ-PARTO;2023;6;4;7;0,5714285714285714
MOV;PRÉ-PARTO;2023;7;2;7;0,2857142857142857
MOV;PRÉ-PARTO;2023;8;0;2;0,0
MOV;PRÉ-PARTO;2023;9;1;5;0,2
MOV;PRÉ-PARTO;2023;10;2;5;0,4
MOV;PRÉ-PARTO;2023;11;4;2;2,0
MOV;PRÉ-PARTO;2023;12;2;2;1,0
MOV;PRÉ-PARTO;2024;1;0;1;0,0
MOV;PRÉ-PARTO;2024;2;2;3;0,6666666666666666
MOV;PRÉ-PARTO;2024;3;2;1;2,0
MOV;PRÉ-PARTO;2024;4;0;4;0,0
MOV;PRÉ-PARTO;2024;5;3;10;0,3
MOV;PRÉ-PARTO;2024;6;1;3;0,3333333333333333
MOV;PRÉ-PARTO;2024;7;0;1;0,0
MOV;PRÉ-PARTO;2024;8;1;4;0,25
MOV;PRÉ-PARTO;2024;9;6;9;0,6666666666666666
MOV;PRÉ-PARTO;2024;10;1;1;1,0
MOV;PRÉ-PARTO;2024;11;1;1;1,0
MOV;PRÉ-PARTO;2024;12;4;3;1,3333333333333333
MOV;PRÉ-PARTO;2025;1;5;8;0,625
MOV;PRÉ-PARTO;2025;2;9;13;0,6923076923076923
MOV;PRÉ-PARTO;2025;3;9;15;0,6
MOV;PRÉ-PARTO;2025;4;7;12;0,5833333333333334
MOV;PRÉ-PARTO;2025;5;3;8;0,375
MOV;PRÉ-PARTO;2025;6;0;4;0,0
MOV;PRÉ-PARTO;2025;7;1;2;0,5
MOV;PRÉ-PARTO;2025;8;1;3;0,3333333333333333
MOV;PRÉ-PARTO;2025;9;5;5;1,0
MOV;PRÉ-PARTO;2025;10;1;4;0,25
MOV;PRÉ-PARTO;2025;11;3;2;1,5
MOV;PRÉ-PARTO;2025;12;5;4;1,25
MOV;PRÉ-PARTO;2026;1;2;7;0,2857142857142857
MOV;PRÉ-PARTO;2026;2;0;2;0,0
MOV;PRÉ-PARTO;2026;3;2;3;0,6666666666666666
MOV;PRÉ-PARTO;2026;4;0;1;0,0
MOV;PRÉ-PARTO;2026;5;0;1;0,0
MOV;SALA DE ESPERA - BLOCO CIRÚRGICO;2023;5;0;1;0,0
MOV;SALA DE ESPERA - BLOCO CIRÚRGICO;2023;6;0;1;0,0
MOV;SALA DE ESPERA - BLOCO CIRÚRGICO;2023;7;0;1;0,0
MOV;SALA DE ESPERA - BLOCO CIRÚRGICO;2023;8;1;1;1,0
MOV;SALA DE ESPERA - BLOCO CIRÚRGICO;2024;4;0;1;0,0
MOV;SALA DE ESPERA - BLOCO CIRÚRGICO;2025;9;3;1;3,0
MOV;SALA DE ESPERA - BLOCO CIRÚRGICO;2025;11;1;2;0,5
MOV;SALA DE ESPERA - BLOCO CIRÚRGICO;2025;12;1;5;0,2
MOV;SALA DE ESPERA - BLOCO CIRÚRGICO;2026;1;2;3;0,6666666666666666
MOV;SALA DE ESPERA - BLOCO CIRÚRGICO;2026;2;3;1;3,0
MOV;SALA DE ESPERA - BLOCO CIRÚRGICO;2026;3;1;2;0,5
MOV;SALA DE ESPERA - BLOCO CIRÚRGICO;2026;4;2;4;0,5
MOV;SALA DE ESPERA - BLOCO CIRÚRGICO;2026;5;1;2;0,5
MOV;SALA DE ESPERA - BLOCO OBSTÉTRICO;2025;11;2;2;1,0
MOV;SALA DE ESPERA - BLOCO OBSTÉTRICO;2025;12;1;1;1,0
MOV;SALA DE ESPERA - BLOCO OBSTÉTRICO;2026;1;1;1;1,0
MOV;SALA DE ESPERA - BLOCO OBSTÉTRICO;2026;4;1;3;0,3333333333333333
MOV;UNIDADE DE CUIDADO INTERMEDIÁRIO NEONATAL CANGURU;2023;4;1;7;0,14285714285714285
MOV;UNIDADE DE CUIDADO INTERMEDIÁRIO NEONATAL CANGURU;2023;5;3;13;0,23076923076923078
MOV;UNIDADE DE CUIDADO INTERMEDIÁRIO NEONATAL CANGURU;2023;6;3;8;0,375
MOV;UNIDADE DE CUIDADO INTERMEDIÁRIO NEONATAL CANGURU;2023;7;2;10;0,2
MOV;UNIDADE DE CUIDADO INTERMEDIÁRIO NEONATAL CANGURU;2023;8;0;5;0,0
MOV;UNIDADE DE CUIDADO INTERMEDIÁRIO NEONATAL CANGURU;2023;9;1;6;0,16666666666666666
MOV;UNIDADE DE CUIDADO INTERMEDIÁRIO NEONATAL CANGURU;2023;10;7;12;0,5833333333333334
MOV;UNIDADE DE CUIDADO INTERMEDIÁRIO NEONATAL CANGURU;2023;11;3;14;0,21428571428571427
MOV;UNIDADE DE CUIDADO INTERMEDIÁRIO NEONATAL CANGURU;2023;12;5;12;0,4166666666666667
MOV;UNIDADE DE CUIDADO INTERMEDIÁRIO NEONATAL CANGURU;2024;1;2;4;0,5
MOV;UNIDADE DE CUIDADO INTERMEDIÁRIO NEONATAL CANGURU;2024;2;1;7;0,14285714285714285
MOV;UNIDADE DE CUIDADO INTERMEDIÁRIO NEONATAL CANGURU;2024;4;1;1;1,0
MOV;UNIDADE DE CUIDADO INTERMEDIÁRIO NEONATAL CANGURU;2024;5;6;9;0,6666666666666666
MOV;UNIDADE DE CUIDADO INTERMEDIÁRIO NEONATAL CANGURU;2024;6;1;8;0,125
MOV;UNIDADE DE CUIDADO INTERMEDIÁRIO NEONATAL CANGURU;2024;7;1;6;0,16666666666666666
MOV;UNIDADE DE CUIDADO INTERMEDIÁRIO NEONATAL CANGURU;2024;8;2;13;0,15384615384615385
MOV;UNIDADE DE CUIDADO INTERMEDIÁRIO NEONATAL CANGURU;2024;9;2;9;0,2222222222222222
MOV;UNIDADE DE CUIDADO INTERMEDIÁRIO NEONATAL CANGURU;2024;10;1;8;0,125
MOV;UNIDADE DE CUIDADO INTERMEDIÁRIO NEONATAL CANGURU;2024;11;4;10;0,4
MOV;UNIDADE DE CUIDADO INTERMEDIÁRIO NEONATAL CANGURU;2024;12;2;14;0,14285714285714285
MOV;UNIDADE DE CUIDADO INTERMEDIÁRIO NEONATAL CANGURU;2025;1;3;13;0,23076923076923078
MOV;UNIDADE DE CUIDADO INTERMEDIÁRIO NEONATAL CANGURU;2025;2;1;10;0,1
MOV;UNIDADE DE CUIDADO INTERMEDIÁRIO NEONATAL CANGURU;2025;3;0;2;0,0
MOV;UNIDADE DE CUIDADO INTERMEDIÁRIO NEONATAL CANGURU;2025;4;1;1;1,0
MOV;UNIDADE DE CUIDADO INTERMEDIÁRIO NEONATAL CANGURU;2025;5;3;5;0,6
MOV;UNIDADE DE CUIDADO INTERMEDIÁRIO NEONATAL CANGURU;2025;6;4;9;0,4444444444444444
MOV;UNIDADE DE CUIDADO INTERMEDIÁRIO NEONATAL CANGURU;2025;7;2;10;0,2
MOV;UNIDADE DE CUIDADO INTERMEDIÁRIO NEONATAL CANGURU;2025;8;2;9;0,2222222222222222
MOV;UNIDADE DE CUIDADO INTERMEDIÁRIO NEONATAL CANGURU;2025;9;1;13;0,07692307692307693
MOV;UNIDADE DE CUIDADO INTERMEDIÁRIO NEONATAL CANGURU;2025;10;3;12;0,25
MOV;UNIDADE DE CUIDADO INTERMEDIÁRIO NEONATAL CANGURU;2025;11;3;12;0,25
MOV;UNIDADE DE CUIDADO INTERMEDIÁRIO NEONATAL CANGURU;2025;12;4;13;0,3076923076923077
MOV;UNIDADE DE CUIDADO INTERMEDIÁRIO NEONATAL CANGURU;2026;1;1;9;0,1111111111111111
MOV;UNIDADE DE CUIDADO INTERMEDIÁRIO NEONATAL CANGURU;2026;2;4;6;0,6666666666666666
MOV;UNIDADE DE CUIDADO INTERMEDIÁRIO NEONATAL CANGURU;2026;3;2;10;0,2
MOV;UNIDADE DE CUIDADO INTERMEDIÁRIO NEONATAL CANGURU;2026;4;4;13;0,3076923076923077
MOV;UNIDADE DE CUIDADO INTERMEDIÁRIO NEONATAL CANGURU;2026;5;2;4;0,5
MOV;UNIDADE DE CUIDADO INTERMEDIÁRIO NEONATAL CONVENCIONAL;2023;4;6;18;0,3333333333333333
MOV;UNIDADE DE CUIDADO INTERMEDIÁRIO NEONATAL CONVENCIONAL;2023;5;4;21;0,19047619047619047
MOV;UNIDADE DE CUIDADO INTERMEDIÁRIO NEONATAL CONVENCIONAL;2023;6;7;17;0,4117647058823529
MOV;UNIDADE DE CUIDADO INTERMEDIÁRIO NEONATAL CONVENCIONAL;2023;7;3;15;0,2
MOV;UNIDADE DE CUIDADO INTERMEDIÁRIO NEONATAL CONVENCIONAL;2023;8;7;17;0,4117647058823529
MOV;UNIDADE DE CUIDADO INTERMEDIÁRIO NEONATAL CONVENCIONAL;2023;9;4;18;0,2222222222222222
MOV;UNIDADE DE CUIDADO INTERMEDIÁRIO NEONATAL CONVENCIONAL;2023;10;5;15;0,3333333333333333
MOV;UNIDADE DE CUIDADO INTERMEDIÁRIO NEONATAL CONVENCIONAL;2023;11;6;13;0,46153846153846156
MOV;UNIDADE DE CUIDADO INTERMEDIÁRIO NEONATAL CONVENCIONAL;2023;12;6;11;0,5454545454545454
MOV;UNIDADE DE CUIDADO INTERMEDIÁRIO NEONATAL CONVENCIONAL;2024;1;4;10;0,4
MOV;UNIDADE DE CUIDADO INTERMEDIÁRIO NEONATAL CONVENCIONAL;2024;2;9;14;0,6428571428571429
MOV;UNIDADE DE CUIDADO INTERMEDIÁRIO NEONATAL CONVENCIONAL;2024;3;6;19;0,3157894736842105
MOV;UNIDADE DE CUIDADO INTERMEDIÁRIO NEONATAL CONVENCIONAL;2024;4;11;27;0,4074074074074074
MOV;UNIDADE DE CUIDADO INTERMEDIÁRIO NEONATAL CONVENCIONAL;2024;5;8;19;0,42105263157894735
MOV;UNIDADE DE CUIDADO INTERMEDIÁRIO NEONATAL CONVENCIONAL;2024;6;2;15;0,13333333333333333
MOV;UNIDADE DE CUIDADO INTERMEDIÁRIO NEONATAL CONVENCIONAL;2024;7;4;16;0,25
MOV;UNIDADE DE CUIDADO INTERMEDIÁRIO NEONATAL CONVENCIONAL;2024;8;4;19;0,21052631578947367
MOV;UNIDADE DE CUIDADO INTERMEDIÁRIO NEONATAL CONVENCIONAL;2024;9;9;28;0,32142857142857145
MOV;UNIDADE DE CUIDADO INTERMEDIÁRIO NEONATAL CONVENCIONAL;2024;10;2;15;0,13333333333333333
MOV;UNIDADE DE CUIDADO INTERMEDIÁRIO NEONATAL CONVENCIONAL;2024;11;9;20;0,45
MOV;UNIDADE DE CUIDADO INTERMEDIÁRIO NEONATAL CONVENCIONAL;2024;12;6;20;0,3
MOV;UNIDADE DE CUIDADO INTERMEDIÁRIO NEONATAL CONVENCIONAL;2025;1;1;24;0,041666666666666664
MOV;UNIDADE DE CUIDADO INTERMEDIÁRIO NEONATAL CONVENCIONAL;2025;2;3;23;0,13043478260869565
MOV;UNIDADE DE CUIDADO INTERMEDIÁRIO NEONATAL CONVENCIONAL;2025;3;5;26;0,19230769230769232
MOV;UNIDADE DE CUIDADO INTERMEDIÁRIO NEONATAL CONVENCIONAL;2025;4;7;21;0,3333333333333333
MOV;UNIDADE DE CUIDADO INTERMEDIÁRIO NEONATAL CONVENCIONAL;2025;5;11;34;0,3235294117647059
MOV;UNIDADE DE CUIDADO INTERMEDIÁRIO NEONATAL CONVENCIONAL;2025;6;11;25;0,44
MOV;UNIDADE DE CUIDADO INTERMEDIÁRIO NEONATAL CONVENCIONAL;2025;7;7;29;0,2413793103448276
MOV;UNIDADE DE CUIDADO INTERMEDIÁRIO NEONATAL CONVENCIONAL;2025;8;3;22;0,13636363636363635
MOV;UNIDADE DE CUIDADO INTERMEDIÁRIO NEONATAL CONVENCIONAL;2025;9;5;18;0,2777777777777778
MOV;UNIDADE DE CUIDADO INTERMEDIÁRIO NEONATAL CONVENCIONAL;2025;10;4;30;0,13333333333333333
MOV;UNIDADE DE CUIDADO INTERMEDIÁRIO NEONATAL CONVENCIONAL;2025;11;11;19;0,5789473684210527
MOV;UNIDADE DE CUIDADO INTERMEDIÁRIO NEONATAL CONVENCIONAL;2025;12;5;21;0,23809523809523808
MOV;UNIDADE DE CUIDADO INTERMEDIÁRIO NEONATAL CONVENCIONAL;2026;1;12;20;0,6
MOV;UNIDADE DE CUIDADO INTERMEDIÁRIO NEONATAL CONVENCIONAL;2026;2;3;21;0,14285714285714285
MOV;UNIDADE DE CUIDADO INTERMEDIÁRIO NEONATAL CONVENCIONAL;2026;3;10;28;0,35714285714285715
MOV;UNIDADE DE CUIDADO INTERMEDIÁRIO NEONATAL CONVENCIONAL;2026;4;8;28;0,2857142857142857
MOV;UNIDADE DE CUIDADO INTERMEDIÁRIO NEONATAL CONVENCIONAL;2026;5;11;27;0,4074074074074074
MOV;UNIDADE DE EMERGENCIA - ADMISSAO;2019;1;5;7;0,7142857142857143
MOV;UNIDADE DE EMERGENCIA - ADMISSAO;2019;2;1;1;1,0
MOV;UNIDADE DE EMERGENCIA - ADMISSAO;2019;3;2;4;0,5
MOV;UNIDADE DE EMERGENCIA - ADMISSAO;2019;4;1;1;1,0
MOV;UNIDADE DE EMERGENCIA - ADMISSAO;2019;5;1;2;0,5
MOV;UNIDADE DE EMERGENCIA - ADMISSAO;2019;6;2;3;0,6666666666666666
MOV;UNIDADE DE EMERGENCIA - ADMISSAO;2019;7;0;2;0,0
MOV;UNIDADE DE EMERGENCIA - ADMISSAO;2019;8;1;3;0,3333333333333333
MOV;UNIDADE DE EMERGENCIA - ADMISSAO;2019;9;3;4;0,75
MOV;UNIDADE DE EMERGENCIA - ADMISSAO;2019;10;2;3;0,6666666666666666
MOV;UNIDADE DE EMERGENCIA - ADMISSAO;2019;11;0;2;0,0
MOV;UNIDADE DE EMERGENCIA - ADMISSAO;2019;12;1;1;1,0
MOV;UNIDADE DE EMERGENCIA - ADMISSAO;2020;1;0;2;0,0
MOV;UNIDADE DE EMERGENCIA - ADMISSAO;2020;2;0;3;0,0
MOV;UNIDADE DE EMERGENCIA - ADMISSAO;2020;3;2;3;0,6666666666666666
MOV;UNIDADE DE EMERGENCIA - ADMISSAO;2020;4;0;2;0,0
MOV;UNIDADE DE EMERGENCIA - ADMISSAO;2020;5;3;3;1,0
MOV;UNIDADE DE EMERGENCIA - ADMISSAO;2020;6;1;3;0,3333333333333333
MOV;UNIDADE DE EMERGENCIA - ADMISSAO;2020;7;1;3;0,3333333333333333
MOV;UNIDADE DE EMERGENCIA - ADMISSAO;2020;8;2;6;0,3333333333333333
MOV;UNIDADE DE EMERGENCIA - ADMISSAO;2020;9;3;4;0,75
MOV;UNIDADE DE EMERGENCIA - ADMISSAO;2020;10;0;1;0,0
MOV;UNIDADE DE EMERGENCIA - ADMISSAO;2020;11;1;4;0,25
MOV;UNIDADE DE EMERGENCIA - ADMISSAO;2021;1;1;3;0,3333333333333333
MOV;UNIDADE DE EMERGENCIA - ADMISSAO;2021;2;2;4;0,5
MOV;UNIDADE DE EMERGENCIA - ADMISSAO;2021;3;4;10;0,4
MOV;UNIDADE DE EMERGENCIA - ADMISSAO;2021;4;0;10;0,0
MOV;UNIDADE DE EMERGENCIA - ADMISSAO;2021;5;2;5;0,4
MOV;UNIDADE INTEMEDIARIA NEONATAL;2019;1;11;32;0,34375
MOV;UNIDADE INTEMEDIARIA NEONATAL;2019;2;15;34;0,4411764705882353
MOV;UNIDADE INTEMEDIARIA NEONATAL;2019;3;11;34;0,3235294117647059
MOV;UNIDADE INTEMEDIARIA NEONATAL;2019;4;13;51;0,2549019607843137
MOV;UNIDADE INTEMEDIARIA NEONATAL;2019;5;10;40;0,25
MOV;UNIDADE INTEMEDIARIA NEONATAL;2019;6;8;23;0,34782608695652173
MOV;UNIDADE INTEMEDIARIA NEONATAL;2019;7;7;24;0,2916666666666667
MOV;UNIDADE INTEMEDIARIA NEONATAL;2019;8;7;25;0,28
MOV;UNIDADE INTEMEDIARIA NEONATAL;2019;9;8;23;0,34782608695652173
MOV;UNIDADE INTEMEDIARIA NEONATAL;2019;10;15;26;0,5769230769230769
MOV;UNIDADE INTEMEDIARIA NEONATAL;2019;11;9;21;0,42857142857142855
MOV;UNIDADE INTEMEDIARIA NEONATAL;2019;12;3;31;0,0967741935483871
MOV;UNIDADE INTEMEDIARIA NEONATAL;2020;1;3;23;0,13043478260869565
MOV;UNIDADE INTEMEDIARIA NEONATAL;2020;2;1;10;0,1
MOV;UNIDADE INTEMEDIARIA NEONATAL;2020;3;3;19;0,15789473684210525
MOV;UNIDADE INTEMEDIARIA NEONATAL;2020;4;2;26;0,07692307692307693
MOV;UNIDADE INTEMEDIARIA NEONATAL;2020;5;1;25;0,04
MOV;UNIDADE INTEMEDIARIA NEONATAL;2020;6;5;25;0,2
MOV;UNIDADE INTEMEDIARIA NEONATAL;2020;7;2;24;0,08333333333333333
MOV;UNIDADE INTEMEDIARIA NEONATAL;2020;8;6;20;0,3
MOV;UNIDADE INTEMEDIARIA NEONATAL;2020;9;12;26;0,46153846153846156
MOV;UNIDADE INTEMEDIARIA NEONATAL;2020;10;4;16;0,25
MOV;UNIDADE INTEMEDIARIA NEONATAL;2020;11;7;28;0,25
MOV;UNIDADE INTEMEDIARIA NEONATAL;2020;12;6;27;0,2222222222222222
MOV;UNIDADE INTEMEDIARIA NEONATAL;2021;1;7;28;0,25
MOV;UNIDADE INTEMEDIARIA NEONATAL;2021;2;3;21;0,14285714285714285
MOV;UNIDADE INTEMEDIARIA NEONATAL;2021;3;6;25;0,24
MOV;UNIDADE INTEMEDIARIA NEONATAL;2021;4;3;27;0,1111111111111111
MOV;UNIDADE INTEMEDIARIA NEONATAL;2021;5;4;31;0,12903225806451613
MOV;UNIDADE INTEMEDIARIA NEONATAL;2021;6;8;35;0,22857142857142856
MOV;UNIDADE INTEMEDIARIA NEONATAL;2021;7;7;27;0,25925925925925924
MOV;UNIDADE INTEMEDIARIA NEONATAL;2021;8;5;22;0,22727272727272727
MOV;UNIDADE INTEMEDIARIA NEONATAL;2021;9;7;24;0,2916666666666667
MOV;UNIDADE INTEMEDIARIA NEONATAL;2021;10;4;24;0,16666666666666666
MOV;UNIDADE INTEMEDIARIA NEONATAL;2021;11;7;25;0,28
MOV;UNIDADE INTEMEDIARIA NEONATAL;2021;12;5;27;0,18518518518518517
MOV;UNIDADE INTEMEDIARIA NEONATAL;2022;1;5;25;0,2
MOV;UNIDADE INTEMEDIARIA NEONATAL;2022;2;2;16;0,125
MOV;UNIDADE INTEMEDIARIA NEONATAL;2022;3;5;21;0,23809523809523808
MOV;UNIDADE INTEMEDIARIA NEONATAL;2022;4;5;24;0,20833333333333334
MOV;UNIDADE INTEMEDIARIA NEONATAL;2022;5;4;22;0,18181818181818182
MOV;UNIDADE INTEMEDIARIA NEONATAL;2022;6;4;19;0,21052631578947367
MOV;UNIDADE INTEMEDIARIA NEONATAL;2022;7;5;30;0,16666666666666666
MOV;UNIDADE INTEMEDIARIA NEONATAL;2022;8;12;28;0,42857142857142855
MOV;UNIDADE INTEMEDIARIA NEONATAL;2022;9;2;17;0,11764705882352941
MOV;UNIDADE INTEMEDIARIA NEONATAL;2022;10;5;19;0,2631578947368421
MOV;UNIDADE INTEMEDIARIA NEONATAL;2022;11;5;28;0,17857142857142858
MOV;UNIDADE INTEMEDIARIA NEONATAL;2022;12;2;31;0,06451612903225806
MOV;UNIDADE INTEMEDIARIA NEONATAL;2023;1;3;14;0,21428571428571427
MOV;UNIDADE INTEMEDIARIA NEONATAL;2023;2;1;28;0,03571428571428571
MOV;UNIDADE INTEMEDIARIA NEONATAL;2023;3;10;37;0,2702702702702703
MOV;UNIDADE INTEMEDIARIA NEONATAL;2023;4;2;9;0,2222222222222222
MOV;UNIDADE INTERNAÇÃO - ALTO RISCO OBSTETRICO;2019;1;78;163;0,4785276073619632
MOV;UNIDADE INTERNAÇÃO - ALTO RISCO OBSTETRICO;2019;2;7;57;0,12280701754385964
MOV;UNIDADE INTERNAÇÃO - ALTO RISCO OBSTETRICO;2019;3;7;56;0,125
MOV;UNIDADE INTERNAÇÃO - ALTO RISCO OBSTETRICO;2019;4;22;98;0,22448979591836735
MOV;UNIDADE INTERNAÇÃO - ALTO RISCO OBSTETRICO;2019;5;21;123;0,17073170731707318
MOV;UNIDADE INTERNAÇÃO - ALTO RISCO OBSTETRICO;2019;6;12;68;0,17647058823529413
MOV;UNIDADE INTERNAÇÃO - ALTO RISCO OBSTETRICO;2019;7;10;77;0,12987012987012986
MOV;UNIDADE INTERNAÇÃO - ALTO RISCO OBSTETRICO;2019;8;21;81;0,25925925925925924
MOV;UNIDADE INTERNAÇÃO - ALTO RISCO OBSTETRICO;2019;9;35;101;0,3465346534653465
MOV;UNIDADE INTERNAÇÃO - ALTO RISCO OBSTETRICO;2019;10;30;137;0,21897810218978103
MOV;UNIDADE INTERNAÇÃO - ALTO RISCO OBSTETRICO;2019;11;12;99;0,12121212121212122
MOV;UNIDADE INTERNAÇÃO - ALTO RISCO OBSTETRICO;2019;12;13;83;0,1566265060240964
MOV;UNIDADE INTERNAÇÃO - ALTO RISCO OBSTETRICO;2020;1;8;88;0,09090909090909091
MOV;UNIDADE INTERNAÇÃO - ALTO RISCO OBSTETRICO;2020;2;9;86;0,10465116279069768
MOV;UNIDADE INTERNAÇÃO - ALTO RISCO OBSTETRICO;2020;3;5;80;0,0625
MOV;UNIDADE INTERNAÇÃO - ALTO RISCO OBSTETRICO;2020;4;5;77;0,06493506493506493
MOV;UNIDADE INTERNAÇÃO - ALTO RISCO OBSTETRICO;2020;5;14;103;0,13592233009708737
MOV;UNIDADE INTERNAÇÃO - ALTO RISCO OBSTETRICO;2020;6;6;97;0,061855670103092786
MOV;UNIDADE INTERNAÇÃO - ALTO RISCO OBSTETRICO;2020;7;19;105;0,18095238095238095
MOV;UNIDADE INTERNAÇÃO - ALTO RISCO OBSTETRICO;2020;8;21;110;0,19090909090909092
MOV;UNIDADE INTERNAÇÃO - ALTO RISCO OBSTETRICO;2020;9;32;86;0,37209302325581395
MOV;UNIDADE INTERNAÇÃO - ALTO RISCO OBSTETRICO;2020;10;21;67;0,31343283582089554
MOV;UNIDADE INTERNAÇÃO - ALTO RISCO OBSTETRICO;2020;11;33;90;0,36666666666666664
MOV;UNIDADE INTERNAÇÃO - ALTO RISCO OBSTETRICO;2020;12;43;96;0,4479166666666667
MOV;UNIDADE INTERNAÇÃO - ALTO RISCO OBSTETRICO;2021;1;30;93;0,3225806451612903
MOV;UNIDADE INTERNAÇÃO - ALTO RISCO OBSTETRICO;2021;2;17;103;0,1650485436893204
MOV;UNIDADE INTERNAÇÃO - ALTO RISCO OBSTETRICO;2021;3;28;98;0,2857142857142857
MOV;UNIDADE INTERNAÇÃO - ALTO RISCO OBSTETRICO;2021;4;22;92;0,2391304347826087
MOV;UNIDADE INTERNAÇÃO - ALTO RISCO OBSTETRICO;2021;5;19;104;0,18269230769230768
MOV;UNIDADE INTERNAÇÃO - ALTO RISCO OBSTETRICO;2021;6;16;108;0,14814814814814814
MOV;UNIDADE INTERNAÇÃO - ALTO RISCO OBSTETRICO;2021;7;22;100;0,22
MOV;UNIDADE INTERNAÇÃO - ALTO RISCO OBSTETRICO;2021;8;23;106;0,2169811320754717
MOV;UNIDADE INTERNAÇÃO - ALTO RISCO OBSTETRICO;2021;9;12;117;0,10256410256410256
MOV;UNIDADE INTERNAÇÃO - ALTO RISCO OBSTETRICO;2021;10;22;86;0,2558139534883721
MOV;UNIDADE INTERNAÇÃO - ALTO RISCO OBSTETRICO;2021;11;9;110;0,08181818181818182
MOV;UNIDADE INTERNAÇÃO - ALTO RISCO OBSTETRICO;2021;12;7;70;0,1
MOV;UNIDADE INTERNAÇÃO - ALTO RISCO OBSTETRICO;2022;1;32;95;0,3368421052631579
MOV;UNIDADE INTERNAÇÃO - ALTO RISCO OBSTETRICO;2022;2;22;77;0,2857142857142857
MOV;UNIDADE INTERNAÇÃO - ALTO RISCO OBSTETRICO;2022;3;11;101;0,10891089108910891
MOV;UNIDADE INTERNAÇÃO - ALTO RISCO OBSTETRICO;2022;4;9;92;0,09782608695652174
MOV;UNIDADE INTERNAÇÃO - ALTO RISCO OBSTETRICO;2022;5;13;91;0,14285714285714285
MOV;UNIDADE INTERNAÇÃO - ALTO RISCO OBSTETRICO;2022;6;12;97;0,12371134020618557
MOV;UNIDADE INTERNAÇÃO - ALTO RISCO OBSTETRICO;2022;7;13;97;0,13402061855670103
MOV;UNIDADE INTERNAÇÃO - ALTO RISCO OBSTETRICO;2022;8;8;78;0,10256410256410256
MOV;UNIDADE INTERNAÇÃO - ALTO RISCO OBSTETRICO;2022;9;8;78;0,10256410256410256
MOV;UNIDADE INTERNAÇÃO - ALTO RISCO OBSTETRICO;2022;10;13;93;0,13978494623655913
MOV;UNIDADE INTERNAÇÃO - ALTO RISCO OBSTETRICO;2022;11;13;92;0,14130434782608695
MOV;UNIDADE INTERNAÇÃO - ALTO RISCO OBSTETRICO;2022;12;11;113;0,09734513274336283
MOV;UNIDADE INTERNAÇÃO - ALTO RISCO OBSTETRICO;2023;1;9;122;0,07377049180327869
MOV;UNIDADE INTERNAÇÃO - ALTO RISCO OBSTETRICO;2023;2;8;114;0,07017543859649122
MOV;UNIDADE INTERNAÇÃO - ALTO RISCO OBSTETRICO;2023;3;12;107;0,11214953271028037
MOV;UNIDADE INTERNAÇÃO - ALTO RISCO OBSTETRICO;2023;4;2;23;0,08695652173913043
MOV;UNIDADE INTERNAÇÃO - CLINICA CIRURGICA;2021;8;1;1;1,0
MOV;UNIDADE INTERNAÇÃO - CLINICA CIRURGICA;2021;9;0;2;0,0
MOV;UNIDADE INTERNAÇÃO - CLINICA CIRURGICA;2021;10;45;86;0,5232558139534884
MOV;UNIDADE INTERNAÇÃO - CLINICA CIRURGICA;2021;11;62;131;0,4732824427480916
MOV;UNIDADE INTERNAÇÃO - CLINICA CIRURGICA;2021;12;65;120;0,5416666666666666
MOV;UNIDADE INTERNAÇÃO - CLINICA CIRURGICA;2022;1;35;82;0,4268292682926829
MOV;UNIDADE INTERNAÇÃO - CLINICA CIRURGICA;2022;2;45;114;0,39473684210526316
MOV;UNIDADE INTERNAÇÃO - CLINICA CIRURGICA;2022;3;38;123;0,3089430894308943
MOV;UNIDADE INTERNAÇÃO - CLINICA CIRURGICA;2022;4;26;96;0,2708333333333333
MOV;UNIDADE INTERNAÇÃO - CLINICA CIRURGICA;2022;5;45;134;0,3358208955223881
MOV;UNIDADE INTERNAÇÃO - CLINICA CIRURGICA;2022;6;38;133;0,2857142857142857
MOV;UNIDADE INTERNAÇÃO - CLINICA CIRURGICA;2022;7;62;131;0,4732824427480916
MOV;UNIDADE INTERNAÇÃO - CLINICA CIRURGICA;2022;8;32;123;0,2601626016260163
MOV;UNIDADE INTERNAÇÃO - CLINICA CIRURGICA;2022;9;37;108;0,3425925925925926
MOV;UNIDADE INTERNAÇÃO - CLINICA CIRURGICA;2022;10;54;108;0,5
MOV;UNIDADE INTERNAÇÃO - CLINICA CIRURGICA;2022;11;62;125;0,496
MOV;UNIDADE INTERNAÇÃO - CLINICA CIRURGICA;2022;12;52;119;0,4369747899159664
MOV;UNIDADE INTERNAÇÃO - CLINICA CIRURGICA;2023;1;44;104;0,4230769230769231
MOV;UNIDADE INTERNAÇÃO - CLINICA CIRURGICA;2023;2;53;93;0,5698924731182796
MOV;UNIDADE INTERNAÇÃO - CLINICA CIRURGICA;2023;3;43;127;0,33858267716535434
MOV;UNIDADE INTERNAÇÃO - CLINICA CIRURGICA;2023;4;11;25;0,44
MOV;UNIDADE INTERNAÇÃO - GINECOLOGIA CIRÚRGICA UCC;2019;1;15;111;0,13513513513513514
MOV;UNIDADE INTERNAÇÃO - GINECOLOGIA CIRÚRGICA UCC;2019;2;61;128;0,4765625
MOV;UNIDADE INTERNAÇÃO - GINECOLOGIA CIRÚRGICA UCC;2019;3;42;130;0,3230769230769231
MOV;UNIDADE INTERNAÇÃO - GINECOLOGIA CIRÚRGICA UCC;2019;4;50;106;0,4716981132075472
MOV;UNIDADE INTERNAÇÃO - GINECOLOGIA CIRÚRGICA UCC;2019;5;47;108;0,4351851851851852
MOV;UNIDADE INTERNAÇÃO - GINECOLOGIA CIRÚRGICA UCC;2019;6;55;141;0,3900709219858156
MOV;UNIDADE INTERNAÇÃO - GINECOLOGIA CIRÚRGICA UCC;2019;7;45;139;0,3237410071942446
MOV;UNIDADE INTERNAÇÃO - GINECOLOGIA CIRÚRGICA UCC;2019;8;63;132;0,4772727272727273
MOV;UNIDADE INTERNAÇÃO - GINECOLOGIA CIRÚRGICA UCC;2019;9;59;140;0,42142857142857143
MOV;UNIDADE INTERNAÇÃO - GINECOLOGIA CIRÚRGICA UCC;2019;10;72;132;0,5454545454545454
MOV;UNIDADE INTERNAÇÃO - GINECOLOGIA CIRÚRGICA UCC;2019;11;62;150;0,41333333333333333
MOV;UNIDADE INTERNAÇÃO - GINECOLOGIA CIRÚRGICA UCC;2019;12;68;112;0,6071428571428571
MOV;UNIDADE INTERNAÇÃO - GINECOLOGIA CIRÚRGICA UCC;2020;1;64;116;0,5517241379310345
MOV;UNIDADE INTERNAÇÃO - GINECOLOGIA CIRÚRGICA UCC;2020;2;61;138;0,4420289855072464
MOV;UNIDADE INTERNAÇÃO - GINECOLOGIA CIRÚRGICA UCC;2020;3;37;117;0,3162393162393162
MOV;UNIDADE INTERNAÇÃO - GINECOLOGIA CIRÚRGICA UCC;2020;4;31;92;0,33695652173913043
MOV;UNIDADE INTERNAÇÃO - GINECOLOGIA CIRÚRGICA UCC;2020;5;58;96;0,6041666666666666
MOV;UNIDADE INTERNAÇÃO - GINECOLOGIA CIRÚRGICA UCC;2020;6;37;93;0,3978494623655914
MOV;UNIDADE INTERNAÇÃO - GINECOLOGIA CIRÚRGICA UCC;2020;7;30;93;0,3225806451612903
MOV;UNIDADE INTERNAÇÃO - GINECOLOGIA CIRÚRGICA UCC;2020;8;56;96;0,5833333333333334
MOV;UNIDADE INTERNAÇÃO - GINECOLOGIA CIRÚRGICA UCC;2020;9;76;106;0,7169811320754716
MOV;UNIDADE INTERNAÇÃO - GINECOLOGIA CIRÚRGICA UCC;2020;10;65;105;0,6190476190476191
MOV;UNIDADE INTERNAÇÃO - GINECOLOGIA CIRÚRGICA UCC;2020;11;82;126;0,6507936507936508
MOV;UNIDADE INTERNAÇÃO - GINECOLOGIA CIRÚRGICA UCC;2020;12;49;105;0,4666666666666667
MOV;UNIDADE INTERNAÇÃO - GINECOLOGIA CIRÚRGICA UCC;2021;1;58;115;0,5043478260869565
MOV;UNIDADE INTERNAÇÃO - GINECOLOGIA CIRÚRGICA UCC;2021;2;48;110;0,43636363636363634
MOV;UNIDADE INTERNAÇÃO - GINECOLOGIA CIRÚRGICA UCC;2021;3;72;124;0,5806451612903226
MOV;UNIDADE INTERNAÇÃO - GINECOLOGIA CIRÚRGICA UCC;2021;4;36;117;0,3076923076923077
MOV;UNIDADE INTERNAÇÃO - GINECOLOGIA CIRÚRGICA UCC;2021;5;60;120;0,5
MOV;UNIDADE INTERNAÇÃO - GINECOLOGIA CIRÚRGICA UCC;2021;6;40;118;0,3389830508474576
MOV;UNIDADE INTERNAÇÃO - GINECOLOGIA CIRÚRGICA UCC;2021;7;40;112;0,35714285714285715
MOV;UNIDADE INTERNAÇÃO - GINECOLOGIA CIRÚRGICA UCC;2021;8;56;132;0,42424242424242425
MOV;UNIDADE INTERNAÇÃO - GINECOLOGIA CIRÚRGICA UCC;2021;9;73;131;0,5572519083969466
MOV;UNIDADE INTERNACAO ALTO-RISCO OBSTETRICO;2023;4;2;83;0,024096385542168676
MOV;UNIDADE INTERNACAO ALTO-RISCO OBSTETRICO;2023;5;5;110;0,045454545454545456
MOV;UNIDADE INTERNACAO ALTO-RISCO OBSTETRICO;2023;6;6;113;0,05309734513274336
MOV;UNIDADE INTERNACAO ALTO-RISCO OBSTETRICO;2023;7;11;108;0,10185185185185185
MOV;UNIDADE INTERNACAO ALTO-RISCO OBSTETRICO;2023;8;15;118;0,1271186440677966
MOV;UNIDADE INTERNACAO ALTO-RISCO OBSTETRICO;2023;9;15;118;0,1271186440677966
MOV;UNIDADE INTERNACAO ALTO-RISCO OBSTETRICO;2023;10;7;126;0,05555555555555555
MOV;UNIDADE INTERNACAO ALTO-RISCO OBSTETRICO;2023;11;42;165;0,2545454545454545
MOV;UNIDADE INTERNACAO ALTO-RISCO OBSTETRICO;2023;12;31;175;0,17714285714285713
MOV;UNIDADE INTERNACAO ALTO-RISCO OBSTETRICO;2024;1;16;95;0,16842105263157894
MOV;UNIDADE INTERNACAO ALTO-RISCO OBSTETRICO;2024;2;14;136;0,10294117647058823
MOV;UNIDADE INTERNACAO ALTO-RISCO OBSTETRICO;2024;3;13;171;0,07602339181286549
MOV;UNIDADE INTERNACAO ALTO-RISCO OBSTETRICO;2024;4;14;71;0,19718309859154928
MOV;UNIDADE INTERNACAO ALTO-RISCO OBSTETRICO;2024;5;17;107;0,1588785046728972
MOV;UNIDADE INTERNACAO ALTO-RISCO OBSTETRICO;2024;6;24;107;0,22429906542056074
MOV;UNIDADE INTERNACAO ALTO-RISCO OBSTETRICO;2024;7;11;118;0,09322033898305085
MOV;UNIDADE INTERNACAO ALTO-RISCO OBSTETRICO;2024;8;10;97;0,10309278350515463
MOV;UNIDADE INTERNACAO ALTO-RISCO OBSTETRICO;2024;9;17;117;0,1452991452991453
MOV;UNIDADE INTERNACAO ALTO-RISCO OBSTETRICO;2024;10;25;88;0,2840909090909091
MOV;UNIDADE INTERNACAO ALTO-RISCO OBSTETRICO;2024;11;11;76;0,14473684210526316
MOV;UNIDADE INTERNACAO ALTO-RISCO OBSTETRICO;2024;12;30;117;0,2564102564102564
MOV;UNIDADE INTERNACAO ALTO-RISCO OBSTETRICO;2025;1;12;96;0,125
MOV;UNIDADE INTERNACAO ALTO-RISCO OBSTETRICO;2025;2;14;74;0,1891891891891892
MOV;UNIDADE INTERNACAO ALTO-RISCO OBSTETRICO;2025;3;19;149;0,12751677852348994
MOV;UNIDADE INTERNACAO ALTO-RISCO OBSTETRICO;2025;4;5;100;0,05
MOV;UNIDADE INTERNACAO ALTO-RISCO OBSTETRICO;2025;5;10;105;0,09523809523809523
MOV;UNIDADE INTERNACAO ALTO-RISCO OBSTETRICO;2025;6;11;114;0,09649122807017543
MOV;UNIDADE INTERNACAO ALTO-RISCO OBSTETRICO;2025;7;17;107;0,1588785046728972
MOV;UNIDADE INTERNACAO ALTO-RISCO OBSTETRICO;2025;8;9;93;0,0967741935483871
MOV;UNIDADE INTERNACAO ALTO-RISCO OBSTETRICO;2025;9;8;107;0,07476635514018691
MOV;UNIDADE INTERNACAO ALTO-RISCO OBSTETRICO;2025;10;11;105;0,10476190476190476
MOV;UNIDADE INTERNACAO ALTO-RISCO OBSTETRICO;2025;11;9;86;0,10465116279069768
MOV;UNIDADE INTERNACAO ALTO-RISCO OBSTETRICO;2025;12;18;96;0,1875
MOV;UNIDADE INTERNACAO ALTO-RISCO OBSTETRICO;2026;1;18;95;0,18947368421052632
MOV;UNIDADE INTERNACAO ALTO-RISCO OBSTETRICO;2026;2;17;100;0,17
MOV;UNIDADE INTERNACAO ALTO-RISCO OBSTETRICO;2026;3;3;96;0,03125
MOV;UNIDADE INTERNACAO ALTO-RISCO OBSTETRICO;2026;4;5;96;0,052083333333333336
MOV;UNIDADE INTERNACAO ALTO-RISCO OBSTETRICO;2026;5;9;100;0,09
MOV;UNIDADE URGENCIA/EMERGENCIA;2021;5;0;1;0,0
MOV;UNIDADE URGENCIA/EMERGENCIA;2021;6;0;2;0,0
MOV;UNIDADE URGENCIA/EMERGENCIA;2021;7;1;2;0,5
MOV;UNIDADE URGENCIA/EMERGENCIA;2021;8;1;8;0,125
MOV;UNIDADE URGENCIA/EMERGENCIA;2021;9;1;2;0,5
MOV;UNIDADE URGENCIA/EMERGENCIA;2021;10;0;3;0,0
MOV;UNIDADE URGENCIA/EMERGENCIA;2021;11;1;6;0,16666666666666666
MOV;UNIDADE URGENCIA/EMERGENCIA;2021;12;0;3;0,0
MOV;UNIDADE URGENCIA/EMERGENCIA;2022;1;0;3;0,0
MOV;UNIDADE URGENCIA/EMERGENCIA;2022;2;1;4;0,25
MOV;UNIDADE URGENCIA/EMERGENCIA;2022;3;1;7;0,14285714285714285
MOV;UNIDADE URGENCIA/EMERGENCIA;2022;4;3;6;0,5
MOV;UNIDADE URGENCIA/EMERGENCIA;2022;5;3;7;0,42857142857142855
MOV;UNIDADE URGENCIA/EMERGENCIA;2022;6;2;10;0,2
MOV;UNIDADE URGENCIA/EMERGENCIA;2022;7;0;9;0,0
MOV;UNIDADE URGENCIA/EMERGENCIA;2022;8;0;1;0,0
MOV;UNIDADE URGENCIA/EMERGENCIA;2022;9;1;16;0,0625
MOV;UNIDADE URGENCIA/EMERGENCIA;2022;10;4;9;0,4444444444444444
MOV;UNIDADE URGENCIA/EMERGENCIA;2022;11;1;9;0,1111111111111111
MOV;UNIDADE URGENCIA/EMERGENCIA;2022;12;1;8;0,125
MOV;UNIDADE URGENCIA/EMERGENCIA;2023;1;1;10;0,1
MOV;UNIDADE URGENCIA/EMERGENCIA;2023;2;0;8;0,0
MOV;UNIDADE URGENCIA/EMERGENCIA;2023;3;4;11;0,36363636363636365
MOV;UNIDADE URGÊNCIA/EMERGÊNCIA - INTERNAÇÃO;2023;4;1;7;0,14285714285714285
MOV;UNIDADE URGÊNCIA/EMERGÊNCIA - INTERNAÇÃO;2023;5;0;1;0,0
MOV;UNIDADE URGÊNCIA/EMERGÊNCIA - INTERNAÇÃO;2023;6;1;16;0,0625
MOV;UNIDADE URGÊNCIA/EMERGÊNCIA - INTERNAÇÃO;2023;7;1;21;0,047619047619047616
MOV;UNIDADE URGÊNCIA/EMERGÊNCIA - INTERNAÇÃO;2023;8;2;20;0,1
MOV;UNIDADE URGÊNCIA/EMERGÊNCIA - INTERNAÇÃO;2023;9;4;8;0,5
MOV;UNIDADE URGÊNCIA/EMERGÊNCIA - INTERNAÇÃO;2023;10;5;17;0,29411764705882354
MOV;UNIDADE URGÊNCIA/EMERGÊNCIA - INTERNAÇÃO;2023;11;1;8;0,125
MOV;UNIDADE URGÊNCIA/EMERGÊNCIA - INTERNAÇÃO;2023;12;4;14;0,2857142857142857
MOV;UNIDADE URGÊNCIA/EMERGÊNCIA - INTERNAÇÃO;2024;1;1;23;0,043478260869565216
MOV;UNIDADE URGÊNCIA/EMERGÊNCIA - INTERNAÇÃO;2024;2;5;22;0,22727272727272727
MOV;UNIDADE URGÊNCIA/EMERGÊNCIA - INTERNAÇÃO;2024;3;6;19;0,3157894736842105
MOV;UNIDADE URGÊNCIA/EMERGÊNCIA - INTERNAÇÃO;2024;4;2;26;0,07692307692307693
MOV;UNIDADE URGÊNCIA/EMERGÊNCIA - INTERNAÇÃO;2024;5;2;13;0,15384615384615385
MOV;UNIDADE URGÊNCIA/EMERGÊNCIA - INTERNAÇÃO;2024;6;5;18;0,2777777777777778
MOV;UNIDADE URGÊNCIA/EMERGÊNCIA - INTERNAÇÃO;2024;7;4;25;0,16
MOV;UNIDADE URGÊNCIA/EMERGÊNCIA - INTERNAÇÃO;2024;8;2;15;0,13333333333333333
MOV;UNIDADE URGÊNCIA/EMERGÊNCIA - INTERNAÇÃO;2024;9;6;19;0,3157894736842105
MOV;UNIDADE URGÊNCIA/EMERGÊNCIA - INTERNAÇÃO;2024;10;2;26;0,07692307692307693
MOV;UNIDADE URGÊNCIA/EMERGÊNCIA - INTERNAÇÃO;2024;11;4;22;0,18181818181818182
MOV;UNIDADE URGÊNCIA/EMERGÊNCIA - INTERNAÇÃO;2024;12;1;18;0,05555555555555555
MOV;UNIDADE URGÊNCIA/EMERGÊNCIA - INTERNAÇÃO;2025;1;2;32;0,0625
MOV;UNIDADE URGÊNCIA/EMERGÊNCIA - INTERNAÇÃO;2025;2;3;27;0,1111111111111111
MOV;UNIDADE URGÊNCIA/EMERGÊNCIA - INTERNAÇÃO;2025;3;3;31;0,0967741935483871
MOV;UNIDADE URGÊNCIA/EMERGÊNCIA - INTERNAÇÃO;2025;4;3;26;0,11538461538461539
MOV;UNIDADE URGÊNCIA/EMERGÊNCIA - INTERNAÇÃO;2025;5;0;12;0,0
MOV;UNIDADE URGÊNCIA/EMERGÊNCIA - INTERNAÇÃO;2025;6;1;8;0,125
MOV;UNIDADE URGÊNCIA/EMERGÊNCIA - INTERNAÇÃO;2025;7;2;7;0,2857142857142857
MOV;UNIDADE URGÊNCIA/EMERGÊNCIA - INTERNAÇÃO;2025;8;7;23;0,30434782608695654
MOV;UNIDADE URGÊNCIA/EMERGÊNCIA - INTERNAÇÃO;2025;9;4;24;0,16666666666666666
MOV;UNIDADE URGÊNCIA/EMERGÊNCIA - INTERNAÇÃO;2025;10;8;36;0,2222222222222222
MOV;UNIDADE URGÊNCIA/EMERGÊNCIA - INTERNAÇÃO;2025;11;6;26;0,23076923076923078
MOV;UNIDADE URGÊNCIA/EMERGÊNCIA - INTERNAÇÃO;2025;12;1;31;0,03225806451612903
MOV;UNIDADE URGÊNCIA/EMERGÊNCIA - INTERNAÇÃO;2026;1;3;21;0,14285714285714285
MOV;UNIDADE URGÊNCIA/EMERGÊNCIA - INTERNAÇÃO;2026;2;4;20;0,2
MOV;UNIDADE URGÊNCIA/EMERGÊNCIA - INTERNAÇÃO;2026;3;3;21;0,14285714285714285
MOV;UNIDADE URGÊNCIA/EMERGÊNCIA - INTERNAÇÃO;2026;4;0;16;0,0
MOV;UNIDADE URGÊNCIA/EMERGÊNCIA - INTERNAÇÃO;2026;5;4;34;0,11764705882352941
MOV;UTI;2019;1;3;21;0,14285714285714285
MOV;UTI;2019;2;8;22;0,36363636363636365
MOV;UTI;2019;3;3;19;0,15789473684210525
MOV;UTI;2019;4;3;26;0,11538461538461539
MOV;UTI;2019;5;2;14;0,14285714285714285
MOV;UTI;2019;6;2;16;0,125
MOV;UTI;2019;7;2;26;0,07692307692307693
MOV;UTI;2019;8;3;28;0,10714285714285714
MOV;UTI;2019;9;2;17;0,11764705882352941
MOV;UTI;2019;10;0;19;0,0
MOV;UTI;2019;11;4;24;0,16666666666666666
MOV;UTI;2019;12;3;26;0,11538461538461539
MOV;UTI;2020;1;1;23;0,043478260869565216
MOV;UTI;2020;2;1;23;0,043478260869565216
MOV;UTI;2020;3;4;28;0,14285714285714285
MOV;UTI;2020;4;5;14;0,35714285714285715
MOV;UTI;2020;5;4;22;0,18181818181818182
MOV;UTI;2020;6;5;26;0,19230769230769232
MOV;UTI;2020;7;1;17;0,058823529411764705
MOV;UTI;2020;8;1;12;0,08333333333333333
MOV;UTI;2020;9;1;5;0,2
MOV;UTI;2020;10;1;11;0,09090909090909091
MOV;UTI;2020;11;2;6;0,3333333333333333
MOV;UTI;2020;12;1;6;0,16666666666666666
MOV;UTI;2021;1;0;15;0,0
MOV;UTI;2021;2;4;11;0,36363636363636365
MOV;UTI;2021;3;1;8;0,125
MOV;UTI;2021;4;4;17;0,23529411764705882
MOV;UTI;2021;5;0;8;0,0
MOV;UTI;2021;6;3;11;0,2727272727272727
MOV;UTI;2021;7;1;6;0,16666666666666666
MOV;UTI;2021;8;2;13;0,15384615384615385
MOV;UTI;2021;9;1;4;0,25
MOV;UTI;2021;10;3;13;0,23076923076923078
MOV;UTI;2021;11;3;13;0,23076923076923078
MOV;UTI;2021;12;3;11;0,2727272727272727
MOV;UTI;2022;1;2;10;0,2
MOV;UTI;2022;2;5;16;0,3125
MOV;UTI;2022;3;3;21;0,14285714285714285
MOV;UTI;2022;4;7;22;0,3181818181818182
MOV;UTI;2022;5;6;16;0,375
MOV;UTI;2022;6;4;16;0,25
MOV;UTI;2022;7;6;19;0,3157894736842105
MOV;UTI;2022;8;8;19;0,42105263157894735
MOV;UTI;2022;9;0;7;0,0
MOV;UTI - ADULTO;2022;9;3;6;0,5
MOV;UTI - ADULTO;2022;10;6;17;0,35294117647058826
MOV;UTI - ADULTO;2022;11;7;25;0,28
MOV;UTI - ADULTO;2022;12;8;26;0,3076923076923077
MOV;UTI - ADULTO;2023;1;0;15;0,0
MOV;UTI - ADULTO;2023;2;2;17;0,11764705882352941
MOV;UTI - ADULTO;2023;3;7;25;0,28
MOV;UTI - ADULTO;2023;4;3;22;0,13636363636363635
MOV;UTI - ADULTO;2023;5;2;23;0,08695652173913043
MOV;UTI - ADULTO;2023;6;4;21;0,19047619047619047
MOV;UTI - ADULTO;2023;7;6;21;0,2857142857142857
MOV;UTI - ADULTO;2023;8;6;19;0,3157894736842105
MOV;UTI - ADULTO;2023;9;4;25;0,16
MOV;UTI - ADULTO;2023;10;6;36;0,16666666666666666
MOV;UTI - ADULTO;2023;11;4;27;0,14814814814814814
MOV;UTI - ADULTO;2023;12;5;26;0,19230769230769232
MOV;UTI - ADULTO;2024;1;10;38;0,2631578947368421
MOV;UTI - ADULTO;2024;2;4;27;0,14814814814814814
MOV;UTI - ADULTO;2024;3;5;18;0,2777777777777778
MOV;UTI - ADULTO;2024;4;2;20;0,1
MOV;UTI - ADULTO;2024;5;6;24;0,25
MOV;UTI - ADULTO;2024;6;7;36;0,19444444444444445
MOV;UTI - ADULTO;2024;7;4;19;0,21052631578947367
MOV;UTI - ADULTO;2024;8;7;28;0,25
MOV;UTI - ADULTO;2024;9;4;25;0,16
MOV;UTI - ADULTO;2024;10;11;32;0,34375
MOV;UTI - ADULTO;2024;11;11;32;0,34375
MOV;UTI - ADULTO;2024;12;3;23;0,13043478260869565
MOV;UTI - ADULTO;2025;1;4;33;0,12121212121212122
MOV;UTI - ADULTO;2025;2;12;28;0,42857142857142855
MOV;UTI - ADULTO;2025;3;5;29;0,1724137931034483
MOV;UTI - ADULTO;2025;4;6;26;0,23076923076923078
MOV;UTI - ADULTO;2025;5;5;24;0,20833333333333334
MOV;UTI - ADULTO;2025;6;1;16;0,0625
MOV;UTI - ADULTO;2025;7;4;17;0,23529411764705882
MOV;UTI - ADULTO;2025;8;5;21;0,23809523809523808
MOV;UTI - ADULTO;2025;9;7;27;0,25925925925925924
MOV;UTI - ADULTO;2025;10;9;23;0,391304347826087
MOV;UTI - ADULTO;2025;11;4;21;0,19047619047619047
MOV;UTI - ADULTO;2025;12;5;26;0,19230769230769232
MOV;UTI - ADULTO;2026;1;6;27;0,2222222222222222
MOV;UTI - ADULTO;2026;2;7;30;0,23333333333333334
MOV;UTI - ADULTO;2026;3;4;17;0,23529411764705882
MOV;UTI - ADULTO;2026;4;6;25;0,24
MOV;UTI - ADULTO;2026;5;4;26;0,15384615384615385
MOV;UTI - NEONATAL;2021;6;0;2;0,0
MOV;UTI - NEONATAL;2021;7;2;13;0,15384615384615385
MOV;UTI - NEONATAL;2021;8;2;3;0,6666666666666666
MOV;UTI - NEONATAL;2021;9;0;2;0,0
MOV;UTI - NEONATAL;2021;10;0;2;0,0
MOV;UTI - NEONATAL;2021;11;1;6;0,16666666666666666
MOV;UTI - NEONATAL;2021;12;0;6;0,0
MOV;UTI - NEONATAL;2022;1;1;3;0,3333333333333333
MOV;UTI - NEONATAL;2022;2;0;1;0,0
MOV;UTI - NEONATAL;2022;3;0;1;0,0
MOV;UTI - NEONATAL;2022;4;0;3;0,0
MOV;UTI - NEONATAL;2022;5;0;6;0,0
MOV;UTI - NEONATAL;2022;6;0;3;0,0
MOV;UTI - NEONATAL;2022;7;0;6;0,0
MOV;UTI - NEONATAL;2022;8;0;2;0,0
MOV;UTI - NEONATAL;2022;9;0;4;0,0
MOV;UTI - NEONATAL;2022;10;1;1;1,0
MOV;UTI - NEONATAL;2022;11;0;4;0,0
MOV;UTI - NEONATAL;2023;1;0;4;0,0
MOV;UTI - NEONATAL;2023;2;0;2;0,0
MOV;UTI - NEONATAL;2023;3;1;4;0,25
MOV;UTI - NEONATAL;2023;4;0;2;0,0
MOV;UTI - NEONATAL;2023;5;0;2;0,0
MOV;UTI - NEONATAL;2023;7;0;5;0,0
MOV;UTI - NEONATAL;2023;8;1;2;0,5
MOV;UTI - NEONATAL;2023;10;3;5;0,6
MOV;UTI - NEONATAL;2023;11;0;1;0,0
MOV;UTI - NEONATAL;2023;12;0;2;0,0
MOV;UTI - NEONATAL;2024;1;0;1;0,0
MOV;UTI - NEONATAL;2024;2;0;2;0,0
MOV;UTI - NEONATAL;2024;3;0;3;0,0
MOV;UTI - NEONATAL;2024;4;0;5;0,0
MOV;UTI - NEONATAL;2024;5;1;4;0,25
MOV;UTI - NEONATAL;2024;6;0;2;0,0
MOV;UTI - NEONATAL;2024;8;1;1;1,0
MOV;UTI - NEONATAL;2024;9;1;3;0,3333333333333333
MOV;UTI - NEONATAL;2024;10;0;6;0,0
MOV;UTI - NEONATAL;2024;11;1;6;0,16666666666666666
MOV;UTI - NEONATAL;2024;12;1;3;0,3333333333333333
MOV;UTI - NEONATAL;2025;1;2;7;0,2857142857142857
MOV;UTI - NEONATAL;2025;2;1;10;0,1
MOV;UTI - NEONATAL;2025;3;0;5;0,0
MOV;UTI - NEONATAL;2025;4;0;7;0,0
MOV;UTI - NEONATAL;2025;5;1;4;0,25
MOV;UTI - NEONATAL;2025;6;3;6;0,5
MOV;UTI - NEONATAL;2025;7;1;3;0,3333333333333333
MOV;UTI - NEONATAL;2025;8;0;5;0,0
MOV;UTI - NEONATAL;2025;9;0;6;0,0
MOV;UTI - NEONATAL;2025;10;0;2;0,0
MOV;UTI - NEONATAL;2025;11;0;3;0,0
MOV;UTI - NEONATAL;2025;12;0;5;0,0
MOV;UTI - NEONATAL;2026;1;0;6;0,0
MOV;UTI - NEONATAL;2026;2;2;8;0,25
MOV;UTI - NEONATAL;2026;3;0;7;0,0
MOV;UTI - NEONATAL;2026;4;1;5;0,2
MOV;UTI - NEONATAL;2026;5;2;3;0,6666666666666666
MOV;UTI - NEONATAL E PEDIATRICO;2019;1;0;2;0,0
MOV;UTI - NEONATAL E PEDIATRICO;2019;2;0;3;0,0
MOV;UTI - NEONATAL E PEDIATRICO;2019;3;1;5;0,2
MOV;UTI - NEONATAL E PEDIATRICO;2019;4;0;1;0,0
MOV;UTI - NEONATAL E PEDIATRICO;2019;5;2;10;0,2
MOV;UTI - NEONATAL E PEDIATRICO;2019;6;0;4;0,0
MOV;UTI - NEONATAL E PEDIATRICO;2019;7;2;5;0,4
MOV;UTI - NEONATAL E PEDIATRICO;2019;8;0;3;0,0
MOV;UTI - NEONATAL E PEDIATRICO;2019;9;0;4;0,0
MOV;UTI - NEONATAL E PEDIATRICO;2019;10;1;4;0,25
MOV;UTI - NEONATAL E PEDIATRICO;2019;11;0;2;0,0
MOV;UTI - NEONATAL E PEDIATRICO;2019;12;1;6;0,16666666666666666
MOV;UTI - NEONATAL E PEDIATRICO;2020;1;1;3;0,3333333333333333
MOV;UTI - NEONATAL E PEDIATRICO;2020;2;0;1;0,0
MOV;UTI - NEONATAL E PEDIATRICO;2020;3;1;3;0,3333333333333333
MOV;UTI - NEONATAL E PEDIATRICO;2020;4;0;3;0,0
MOV;UTI - NEONATAL E PEDIATRICO;2020;5;0;4;0,0
MOV;UTI - NEONATAL E PEDIATRICO;2020;6;0;3;0,0
MOV;UTI - NEONATAL E PEDIATRICO;2020;7;0;3;0,0
MOV;UTI - NEONATAL E PEDIATRICO;2020;8;0;2;0,0
MOV;UTI - NEONATAL E PEDIATRICO;2020;9;0;4;0,0
MOV;UTI - NEONATAL E PEDIATRICO;2020;10;0;2;0,0
MOV;UTI - NEONATAL E PEDIATRICO;2020;11;1;2;0,5
MOV;UTI - NEONATAL E PEDIATRICO;2020;12;1;8;0,125
MOV;UTI - NEONATAL E PEDIATRICO;2021;2;1;5;0,2
MOV;UTI - NEONATAL E PEDIATRICO;2021;3;1;1;1,0
MOV;UTI - NEONATAL E PEDIATRICO;2021;4;0;1;0,0
MOV;UTI - NEONATAL E PEDIATRICO;2021;5;0;2;0,0
